t,y,x,id,parent_id,track_id,area
0,108.96434359805511,108.10048622366288,76,,1,617
0,128.9816513761468,135.22935779816513,86,,2,545
0,92.94509803921568,253.61764705882354,94,,3,510
0,128.37423312883436,258.7586912,98,,4,489
0,143.1946902654867,217.2367256637168,102,,5,452
0,154.1855421686747,239.20481927710844,112,,6,415
1,108.7487922705314,108.3768115942029,442,76,1,621
1,128.56679389312978,135.70801526717557,452,86,2,524
1,93.86501901140684,252.94106463878327,460,94,3,526
1,128.99025341130604,259.3762183235867,464,98,4,513
1,143.61747572815534,219.93203883495147,468,102,5,515
1,158.11374407582937,239.4170616113744,478,112,6,422
2,108.41566265060241,111.01355421686748,808,442,1,664
2,128.1570093457944,137.90280373831774,818,452,2,535
2,92.86527514231499,253.20872865275143,826,460,3,527
2,127.57782101167315,260.0252918287938,830,464,4,514
2,141.63789868667916,222.59849906191369,834,468,5,533
2,158.81087470449174,240.1229314420804,844,478,6,423
3,110.73607038123167,112.09384164222874,1174,808,1,682
3,129.34412265758093,139.57069846678024,1184,818,2,587
3,92.97845601436266,251.99820466786355,1192,826,3,557
3,127.69832402234637,259.4040968342644,1196,830,4,537
3,143.52504638218923,218.4935064935065,1200,834,5,539
3,159.08665105386416,238.0327868852459,1210,844,6,427
4,110.67521367521367,113.11253561253561,1540,1174,1,702
4,131.02260869565217,144.22434782608696,1550,1184,2,575
4,90.89980353634577,249.0294695481336,1558,1192,3,509
4,124.81754385964912,259.9122807017544,1562,1196,4,570
4,143.93617021276594,218.74290780141843,1566,1200,5,564
4,159.93574297188755,236.46184738955824,1576,1210,6,498
5,110.43115438108484,113.5424200278164,1906,1540,1,719
5,129.94171220400727,147.60109289617486,1916,1550,2,549
5,92.05061082024433,248.69633507853402,1924,1558,3,573
5,128.4401993355482,256.2923588039867,1928,1562,4,602
5,149.65579710144928,214.4003623188406,1932,1566,5,552
5,176.5,225.54605263157896,1944,1576,7,152
5,150.38938053097345,238.4867256637168,1945,1576,8,113
6,108.51645207439199,111.87696709585121,2272,1906,1,699
6,133.94833948339485,148.4630996309963,2282,1916,2,542
6,96.10294118,250.63888888888889,2290,1924,3,612
6,131.18600368324124,264.30755064456724,2294,1928,4,543
6,152.2754716981132,213.72264150943397,2298,1932,5,530
6,175.70750988142294,226.63636363636363,2310,1944,7,253
6,150.4308300395257,242.82608695652175,2311,1945,8,253
7,111.23633879781421,111.5,2638,2272,1,732
7,131.06506849315068,147.6181506849315,2648,2282,2,584
7,94.45040650406504,250.37723577235772,2656,2290,3,615
7,129.98497495826376,270.0016694490818,2660,2294,4,599
7,147.28904847396768,217.53859964093357,2664,2298,5,557
7,176.7859531772575,223.0401337792642,2676,2310,7,299
7,152.3,245.73529411764707,2677,2311,8,340
8,109.14760638297872,111.75,3004,2638,1,752
8,133.41736227045075,143.6777963,3014,2648,2,599
8,95.8,249.7015625,3022,2656,3,640
8,130.2066772655008,268.7138314785374,3026,2660,4,629
8,160.02542372881356,198.71186440677965,3032,,9,118
8,134.38524590163934,217.48360655737704,3033,2664,5,122
8,174.94074074074075,223.1925925925926,3042,2676,7,405
8,150.63756613756613,242.43650793650792,3043,2677,8,378
9,106.90760869565217,111.58016304347827,3370,3004,1,736
9,132.88888888888889,142.25508607198748,3380,3014,2,639
9,94.54790419161677,254.3562874251497,3388,3022,3,668
9,133.13023255813954,276.1596899224806,3392,3026,4,645
9,155.66096866096865,201.91737891737893,3398,3032,9,351
9,132.09677419354838,224.66935483870967,3399,3033,5,248
9,177.2863436123348,221.3942731277533,3408,3042,7,454
9,149.22650602409638,247.0578313253012,3409,3043,8,415
10,104.24279835390946,109.0727023319616,3733,3370,1,729
10,131.4485294117647,140.21323529411765,3743,3380,2,680
10,94.75851851851851,253.67407407407407,3751,3388,3,675
10,135.93343419062026,277.68532526475036,3755,3392,4,661
10,156.7797927,202.0777202072539,3761,3398,9,386
10,128.31487889273356,229.31487889273356,3762,3399,5,289
10,182.2362768,216.79474940334129,3771,3408,7,419
10,153.05240174672488,243.82096069868996,3772,3409,8,458
11,104.75512995896032,106.86593707250341,4107,3733,1,731
11,130.2875175315568,138.83730715287518,4117,3743,2,713
11,95.97196261682242,252.01557632398755,4125,3751,3,642
11,137.00148367952522,275.39614243323444,4129,3755,4,674
11,159.6575,201.81,4135,3761,9,400
11,126.60632183908046,233.77586206896552,4136,3762,5,348
11,184.90997566909977,215.35766423357666,4145,3771,7,411
11,151.91460674157304,238.37977528089888,4146,3772,8,445
12,93.34946236559139,108.19354838709677,4481,4107,1,558
12,123.72337482710927,136.55463347164593,4491,4117,2,723
12,93.84122137,252.6946564885496,4499,4125,3,655
12,136.67964071856287,276.70508982035926,4503,4129,4,668
12,158.609375,200.80357142857142,4509,4135,9,448
12,119.63903743315508,244.22727272727272,4510,4136,5,374
12,185.9521640091116,210.29157175398635,4519,4145,7,439
12,152.07036247334756,239.44349680170575,4520,4146,8,469
13,110.83257918552036,101.95475113122171,4857,4481,10,221
13,81.90410959,102.17808219178082,4858,4481,11,219
13,122.14366197183098,137.31126760563382,4865,4491,2,710
13,94.94518518518518,252.3674074074074,4873,4499,3,675
13,139.4686567164179,277.1820895522388,4877,4503,4,670
13,156.9206349206349,200.24716553287982,4883,4509,9,441
13,120.29100529100529,244.6851851851852,4884,4510,5,378
13,187.3716814159292,208.04424778761063,4893,4519,7,452
13,154.10276679841897,236.53754940711462,4894,4520,8,506
14,112.8391167192429,93.79179810725552,5231,4857,10,317
14,82.85906040268456,100.63758389261746,5232,4858,11,298
14,129.64737793851717,151.54430379746836,5239,4865,2,553
14,94.71929824561404,252.75877192982455,5247,4873,3,684
14,140.578125,279.25852272727275,5251,4877,4,704
14,155.60843373493975,200.47791164658634,5257,4883,9,498
14,119.30179028132993,248.75191815856778,5258,4884,5,391
14,184.69612068965517,209.7801724137931,5267,4893,7,464
14,151.67722772277227,240.73267326732673,5268,4894,8,505
15,111.98924731182795,94.23924731182795,5605,5231,10,372
15,80.29565217391304,100.6608695652174,5606,5232,11,345
15,115.61710037174721,122.15985130111524,5615,,12,269
15,134.1534090909091,146.73863636363637,5616,5239,2,352
15,94.34782608695652,253.0420757363254,5621,5247,3,713
15,143.51599443671768,277.53685674547984,5625,5251,4,719
15,152.4331983805668,204.917004,5631,5257,9,494
15,118.88592233009709,251.9271844660194,5632,5258,5,412
15,185.4232456140351,205.90131578947367,5641,5267,7,456
15,152.0797546,243.63803680981596,5642,5268,8,489
16,113.92746113989638,95.48445595854922,5971,5605,10,386
16,82.16486486486487,98.58918918918918,5972,5606,11,370
16,120.46204620462046,115.41914191419141,5981,5615,12,303
16,135.3681592039801,149.24129353233832,5982,5616,2,402
16,96.13739376770538,254.02407932011332,5987,5621,3,706
16,143.80113636363637,277.24857954545456,5991,5625,4,704
16,153.39787234042552,203.7148936170213,5997,5631,9,470
16,120.7072072072072,246.6891891891892,5998,5632,5,444
16,185.5010752688172,207.7505376344086,6007,5641,7,465
16,152.56512605042016,244.5063025210084,6008,5642,8,476
17,113.43805309734513,93.08849557522124,6337,5971,10,452
17,84.85861183,100.44987146529563,6338,5972,11,389
17,121.97093023255815,113.68604651162791,6347,5981,12,344
17,135.09855769230768,149.60817307692307,6348,5982,2,416
17,94.45844875,254.37119113573408,6353,5987,3,722
17,142.8948824343015,279.53250345781464,6357,5991,4,723
17,157.59606986899564,202.05240174672488,6363,5997,9,458
17,120.31965442764579,246.19438444924407,6364,5998,5,463
17,183.10165975103735,212.84439834024897,6373,6007,7,482
17,148.89485458612975,248.46085011185681,6374,6008,8,447
18,114.54966887417218,91.18101545253863,6718,6337,10,453
18,82.93023255813954,98.06459948320413,6719,6338,11,387
18,120.19174041297936,111.33038348082596,6728,6347,12,339
18,134.4419753,149.31358024691357,6729,6348,2,405
18,91.62246278755075,256.47767253044657,6734,6353,3,739
18,144.0078226857888,279.5110821382008,6738,6357,4,767
18,153.9785407725322,204.08583690987123,6744,6363,9,466
18,118.32589285714286,240.12723214285714,6745,6364,5,448
18,181.70020533880904,209.06160164271049,6754,6373,7,487
18,142.64966740576497,250.85587583148558,6755,6374,8,451
19,122.9502262443439,90.55203619909503,7093,6718,10,442
19,86.10975609756098,98.30731707317074,7094,6719,11,410
19,120.53501400560224,111.87114845938375,7103,6728,12,357
19,133.5668103448276,145.23922413793105,7104,6729,2,464
19,93.13672922,255.96782841823057,7109,6734,3,746
19,144.73202614379085,280.5777777777778,7113,6738,4,765
19,155.85714285714286,199.7824175824176,7119,6744,9,455
19,120.67734553775743,239.09153318077804,7120,6745,5,437
19,182.10714285714286,208.43650793650792,7129,6754,7,504
19,145.02882483370288,252.44124168514412,7130,6755,8,451
20,120.71428571428571,90.68663594470046,7468,7093,10,434
20,83.70379146919431,92.78909952606635,7469,7094,11,422
20,117.23170731707317,110.4829268292683,7478,7103,12,410
20,129.7583187390543,144.73730297723293,7479,7104,2,571
20,93.59403372,255.34630350194553,7484,7109,3,771
20,145.79840848806367,280.8965517241379,7488,7113,4,754
20,153.35280898876405,202.0247191011236,7494,7119,9,445
20,118.36853932584269,242.6764045,7495,7120,5,445
20,181.81070745697897,208.38623326959848,7504,7129,7,523
20,143.01548672566372,252.19690265486724,7505,7130,8,452
21,116.36672967863895,87.05671077504726,7843,7468,10,529
21,81.65567010309279,93.70515463917526,7844,7469,11,485
21,117.59275053304904,113.72921108742004,7853,7478,12,469
21,121.1025641025641,150.71245421245422,7854,7479,2,546
21,93.37549407114625,252.40974967061925,7859,7484,3,759
21,144.54593874833554,280.2902796271638,7863,7488,4,751
21,156.87089201877933,197.82394366197184,7869,7494,9,426
21,117.5340909090909,242.3590909090909,7870,7495,5,440
21,179.45877378435517,216.27272727272728,7879,7504,7,473
21,143.17218543046357,250.32671081677705,7880,7505,8,453
22,118.14869888475836,91.32899628252788,8218,7843,10,538
22,80.73013245033113,93.38741721854305,8219,7844,11,604
22,124.7478448275862,122.97629310344827,8228,7853,12,464
22,115.27376425855513,158.7851711026616,8229,7854,2,526
22,91.88341968911917,252.97927461139898,8234,7859,3,772
22,146.23218997361477,280.35356200527707,8238,7863,4,758
22,157.66594360086768,199.1301518438178,8244,7869,9,461
22,115.75,243.43229166666666,8245,7870,5,384
22,180.29423868312756,216.25102880658437,8254,7879,7,486
22,139.92650334075725,250.50779510022272,8255,7880,8,449
23,115.76894639556377,87.55268022181146,8593,8218,10,541
23,74.66104553,94.41989881956155,8594,8219,11,593
23,132.4795918367347,120.62857142857143,8603,8228,12,490
23,115.678392,156.93634840871022,8604,8229,2,597
23,91.47087980173482,252.30235439900866,8609,8234,3,807
23,146.3700887198986,279.6451204055767,8613,8238,4,789
23,162.33516483516485,203.3882783882784,8619,8244,9,546
23,114.05141388174808,246.80205655526993,8620,8245,5,389
23,185.58660508083142,217.3233256351039,8629,8254,7,433
23,140.39400428265526,248.82869379014988,8630,8255,8,467
24,114.72953736654804,88.04092526690391,8975,8593,10,562
24,74.81395348837209,94.67441860465117,8976,8594,11,602
24,133.59538784067087,117.43186582809224,8985,8603,12,477
24,116.41497659906396,154.42277691107645,8986,8604,2,641
24,93.51954602774275,250.23959646910467,8991,8609,3,793
24,148.80711354309165,281.4541723666211,8995,8613,4,731
24,161.58252427184465,202.78058252427184,9001,8619,9,515
24,115.27329192546584,247.1273291925466,9002,8620,5,322
24,185.5040322580645,217.11491935483872,9011,8629,7,496
24,142.19747899159663,247.40126050420167,9012,8630,8,476
25,107.9,88.72542372881355,9357,8975,10,590
25,71.54013377926421,93.65217391304348,9358,8976,11,598
25,132.23333333333332,118.52941176470588,9367,8985,12,510
25,111.66666666666667,154.7018348623853,9368,8986,2,654
25,91.68380462724936,251.09383033419024,9373,8991,3,778
25,147.91842105263157,280.62894736842105,9377,8995,4,760
25,161.426,203.266,9383,9001,9,500
25,113.08253968253969,247.48888888888888,9384,9002,5,315
25,182.18052738336715,221.64097363083164,9393,9011,7,493
25,139.3453093812375,246.47305389221557,9394,9012,8,501
26,108.6808905380334,86.59554730983302,9740,9357,10,539
26,73.34925865,96.41845140032949,9741,9358,11,607
26,132.98235294117646,115.85098039215686,9750,9367,12,510
26,111.8262150220913,155.5581737849779,9751,9368,2,679
26,92.24045801526718,251.99872773536896,9756,9373,3,786
26,147.94214876033058,279.56473829201104,9760,9377,4,726
26,163.8827038,197.95029821073558,9766,9383,9,503
26,114.71666666666667,244.51388888888889,9767,9384,5,360
26,180.20131291028446,226.7702407002188,9776,9393,7,457
26,139.6757813,244.5449219,9777,9394,8,512
27,115.65709156193896,87.31059245960503,10123,9740,10,557
27,76.25811688311688,95.51136363636364,10124,9741,11,616
27,135.0560928433269,117.19148936170212,10133,9750,12,517
27,112.55555555555556,156.97297297297297,10134,9751,2,666
27,96.74217772215269,249.8235294117647,10139,9756,3,799
27,147.15185185185186,278.7395061728395,10143,9760,4,810
27,168.8278689,193.95491803278688,10149,9766,9,488
27,118.64469914040114,243.18338108882523,10150,9767,5,349
27,179.85947046843177,227.9490835,10159,9776,7,491
27,143.03777335984094,244.05367793240558,10160,9777,8,503
28,116.30442176870748,83.05272108843538,10506,10123,10,588
28,74.39726027,95.24143835616438,10507,10124,11,584
28,137.75187969924812,115.30827067669173,10516,10133,12,532
28,112.2172619047619,156.32589285714286,10517,10134,2,672
28,94.49426751592357,249.06751592356687,10522,10139,3,785
28,146.91458607095927,281.3377135348226,10526,10143,4,761
28,165.7880085653105,191.61884368308353,10532,10149,9,467
28,116.91420911528151,243.9034852546917,10533,10150,5,373
28,178.18478260869566,225.3659420289855,10542,10159,7,552
28,141.31791907514452,244.85741811175336,10543,10160,8,519
29,115.7135922330097,74.20550161812298,10889,10506,10,618
29,76.01785714285714,93.58441558441558,10890,10507,11,616
29,138.53346855983773,110.84178498985801,10899,10516,12,493
29,114.73247496423463,153.05293276108728,10900,10517,2,699
29,94.24847001,250.87760097919215,10905,10522,3,817
29,147.19662921348313,282.04634831460675,10909,10526,4,712
29,161.93320964749537,190.6307977736549,10915,10532,9,539
29,117.08771929824562,244.38011695906434,10916,10533,5,342
29,177.78420038535646,226.08285163776495,10925,10542,7,519
29,141.75628626692458,246.2147001934236,10926,10543,8,517
30,119.08319738988581,72.45024469820555,11272,10889,10,613
30,76.92845528455284,93.42601626,11273,10890,11,615
30,135.1441947565543,111.6872659,11282,10899,12,534
30,113.96652719665272,152.65550906555092,11283,10900,2,717
30,96.16222760290557,251.4370460048426,11288,10905,3,826
30,146.84246575342465,281.27853881278537,11292,10909,4,438
30,161.7377938517179,191.93309222423147,11298,10915,9,553
30,119.82295081967213,239.20983606557377,11299,10916,5,305
30,177.87613843351548,226.2495446265938,11308,10925,7,549
30,143.00879120879122,247.20219780219782,11309,10926,8,455
31,122.15650741350906,74.89126853377265,11655,11272,10,607
31,78.58895705521472,94.06901840490798,11656,11273,11,652
31,136.49506903353057,116.38658777120315,11665,11282,12,507
31,113.27717391304348,152.67391304347825,11666,11283,2,736
31,93.62451108,250.6245110821382,11671,11288,3,767
31,161.1947565543071,281.04119850187266,11677,11292,13,267
31,133.29249011857706,282.7628458498024,11678,11292,14,253
31,160.89126559714796,192.53297682709447,11681,11298,9,561
31,116.53172205438067,242.6858006042296,11682,11299,5,331
31,176.00518134715026,228.2987910189983,11691,11308,7,579
31,140.82688391038695,250.38085539714868,11692,11309,8,491
32,124.51768488745981,75.92765273311898,12038,11655,10,622
32,79.85112781954888,95.06766917293233,12039,11656,11,665
32,134.86150712830957,117.58655804480652,12048,11665,12,491
32,112.51162790697674,154.18057455540355,12049,11666,2,731
32,90.85714285714286,249.08412698412698,12054,11671,3,630
32,162.30564784053155,285.75083056478405,12060,11677,13,301
32,137.89247311827958,287.61648745519716,12061,11678,14,279
32,161.14944649446494,192.39852398523985,12064,11681,9,542
32,117.77835051546391,240.35051546391753,12065,11682,5,388
32,176.22380106571936,230.73534635879219,12074,11691,7,563
32,142.17120622568095,253.1614785992218,12075,11692,8,514
33,124.83952702702703,76.45608108108108,12421,12038,10,592
33,79.67459138187222,94.38632986627043,12422,12039,11,673
33,135.1259842519685,117.8740157480315,12431,12048,12,508
33,113.62707182320442,153.8218232044199,12432,12049,2,724
33,87.77927063339732,254.36084452975047,12437,12054,3,521
33,161.69642857142858,280.05357142857144,12443,12060,13,336
33,137.26797385620915,289.0947712418301,12444,12061,14,306
33,161.66415094339624,190.11509433962263,12447,12064,9,530
33,115.43607305936074,237.44520547945206,12448,12065,5,438
33,175.70886075949366,231.3146473779385,12457,12074,7,553
33,141.5659656,253.0114722753346,12458,12075,8,523
34,124.77234401349072,76.79426644182125,12804,12421,10,593
34,78.28769230769231,94.74769231,12805,12422,11,650
34,133.7148936170213,119.45106382978723,12814,12431,12,470
34,113.12483399734396,155.11819389110227,12815,12432,2,753
34,83.44126984126984,272.16190476190474,12822,12437,15,315
34,89.93023255813954,240.60723514211887,12823,12437,16,387
34,162.94670050761422,280.46192893401013,12826,12443,13,394
34,137.6510067114094,290.0436241610738,12827,12444,14,298
34,163.93133802816902,190.7218309859155,12830,12447,9,568
34,115.55299539170507,240.44700460829492,12831,12448,5,434
34,176.21960784313725,233.81764705882352,12840,12457,7,510
34,141.38240574506284,253.15260323159785,12841,12458,8,557
35,126.89566613162118,77.45425361155698,13187,12804,10,623
35,81.12330827067669,94.69473684210526,13188,12805,11,665
35,133.89775051124744,120.21881390593047,13197,12814,12,489
35,115.11229946524064,154.0668449197861,13198,12815,2,748
35,85.10322580645162,268.3225806451613,13205,12822,15,310
35,93.29230769230769,238.20923076923077,13206,12823,16,325
35,163.55205811138015,279.90072639225184,13209,12826,13,413
35,139.7,291.3,13210,12827,14,350
35,165.9588551,191.1824686940966,13213,12830,9,559
35,116.01146788990826,240.61238532110093,13214,12831,5,436
35,177.01245551601423,232.41637010676158,13223,12840,7,562
35,140.79794520547946,252.94691780821918,13224,12841,8,584
36,127.52970297029702,78.44224422442244,13570,13187,10,606
36,81.27379209370424,94.66032210834554,13571,13188,11,683
36,131.58969072164948,121.73195876288659,13580,13197,12,485
36,115.45877659574468,154.99335106382978,13581,13198,2,752
36,84.34757834757835,269.5868945868946,13588,13205,15,351
36,94.48493975903614,238.8012048192771,13589,13206,16,332
36,163.30155210643017,279.7827050997783,13592,13209,13,451
36,139.34069400630915,288.4447949526814,13593,13210,14,317
36,164.9535655058043,191.7363184079602,13596,13213,9,603
36,116.89749430523918,240.6628701594533,13597,13214,5,439
36,176.50478011472276,232.3059273422562,13606,13223,7,523
36,140.38212927756655,255.2889733840304,13607,13224,8,526
37,127.77948717948718,77.98803418803419,13953,13570,10,585
37,82.09224012,95.26500732064422,13954,13571,11,683
37,133.01656314699792,120.63146997929607,13963,13580,12,483
37,116.3478835978836,154.7089947089947,13964,13581,2,756
37,82.53477218,269.85851318944844,13971,13588,15,417
37,89.72131147540983,238.49180327868854,13972,13589,16,366
37,165.34782608695653,281.4323671497585,13975,13592,13,414
37,139.45114942528735,292.51149425287355,13976,13593,14,348
37,165.83695652173913,189.92391304347825,13979,13596,9,552
37,119.86491557223265,237.93245778611632,13980,13597,5,533
37,177,233.2768670309654,13989,13606,7,549
37,142.3978494623656,257.81182795698925,13990,13607,8,558
38,128.4010067114094,76.03859060402685,14319,13953,10,596
38,81.49187592319055,95.01181683899557,14320,13954,11,677
38,129.90138067061145,120.61538461538461,14329,13963,12,507
38,114.98155467720684,153.38339920948616,14330,13964,2,759
38,83.57009345794393,269.11915887850466,14337,13971,15,428
38,87.20353982300885,237.01769911504425,14338,13972,16,339
38,162.64705882352942,281.5882352941176,14341,13975,13,425
38,136.0810810810811,288.6,14342,13976,14,370
38,162.8201680672269,191.23025210084035,14345,13979,9,595
38,119.94047619047619,235.77777777777777,14346,13980,5,504
38,176.05671077504726,233.9546313799622,14355,13989,7,529
38,139.15510948905109,255.32116788321167,14356,13990,8,548
39,129.43174061433447,77.12286689419795,14699,14319,10,586
39,80.68475073313783,93.78299120234604,14700,14320,11,682
39,130.09302325581396,121.42635658914729,14709,14329,12,516
39,114.41720990873533,153.23207301173403,14710,14330,2,767
39,82.33812949640287,270.3908872901679,14717,14337,15,417
39,85.10447761,238.31641791044777,14718,14338,16,335
39,161.11930585683297,280.95010845986985,14721,14341,13,461
39,137.04371584699453,291.4972677595628,14722,14342,14,366
39,163.56570512820514,192.26602564102564,14725,14345,9,624
39,119.49900199600799,232.5429141716567,14726,14346,5,501
39,173.97388059701493,234.78731343283582,14735,14355,7,536
39,137.44425087108013,255.94947735191639,14736,14356,8,574
40,128.3204047217538,77.29848229342328,15079,14699,10,593
40,81.78052325581395,96.26598837209302,15080,14700,11,688
40,129.47080291970804,121.08029197080292,15089,14709,12,548
40,114.65033112582782,154.24503311258277,15090,14710,2,755
40,81.74770642201835,269.57798165137615,15097,14717,15,436
40,88.74566473988439,235.84971098265896,15098,14718,16,346
40,159.80375782881003,283.42379958246346,15101,14721,13,479
40,134.46796657381614,296.1727019498607,15102,14722,14,359
40,162.6416,195.6112,15105,14725,9,625
40,121.33268858800774,235.4119922630561,15106,14726,5,517
40,175.07889546351086,234.88165680473372,15115,14735,7,507
40,138.7043918918919,260.1283783783784,15116,14736,8,592
41,130.61929824561403,75.36315789473684,15459,15079,10,570
41,84.21167883211679,93.65401459854014,15460,15080,11,685
41,130.22064056939502,118.68327402135232,15469,15089,12,562
41,115.53034300791556,153.18337730870712,15470,15090,2,758
41,83.08616780045351,266.5011337868481,15477,15097,15,441
41,88.16666666666667,237.21428571428572,15478,15098,16,336
41,161.0438756855576,279.4314442413163,15481,15101,13,547
41,137.48994974874373,297.20100502512565,15482,15102,14,398
41,162.6186046511628,195.18759689922481,15485,15105,9,645
41,120.02294455066922,235.6959847036329,15486,15106,5,523
41,177.69844020797228,231.7417677642981,15495,15115,7,577
41,141.1384364820847,255.5570033,15496,15116,8,614
42,129.83501683501683,79.28956228956228,15839,15459,10,594
42,83.36565977742448,93.51828298887122,15840,15460,11,629
42,132.53451676528599,117.34516765285996,15849,15469,12,507
42,118.01048492791612,153.27260812581915,15850,15470,2,763
42,81.70319634703196,271.06392694063925,15857,15477,15,438
42,87.57453416149069,235.63975155279502,15858,15478,16,322
42,158.28985507246378,281.93167701863354,15861,15481,13,483
42,138.33084577114428,299.1169154228856,15862,15482,14,402
42,160.60942249240122,197.32370820668692,15865,15485,9,658
42,121.09461966604823,233.5194805194805,15866,15486,5,539
42,178.3819188191882,234.13837638376384,15875,15495,7,542
42,140.27022653721684,256.78478964401296,15876,15496,8,618
43,128.62581699346404,78.67156862745098,16223,15839,10,612
43,82.80028530670471,93.35520684736092,16224,15840,11,701
43,130.51866404715128,117.475442,16233,15849,12,509
43,115.11724137931034,151.9406896551724,16234,15850,2,725
43,81.49473684210527,270.9894736842105,16241,15857,15,475
43,87.31092437,237.81512605042016,16242,15858,16,357
43,157.69937369519832,279.9018789,16245,15861,13,479
43,142.1888888888889,297.55555555555554,16246,15862,14,360
43,158.3095238095238,199.57886904761904,16249,15865,9,672
43,119.76895306859205,232.21119133574007,16250,15866,5,554
43,176.06716417910448,232.92723880597015,16259,15875,7,536
43,138.6041308089501,257.59552495697073,16260,15876,8,581
44,127.72742200328408,76.75041051,16607,16223,10,609
44,80.02835820895523,93.63134328358208,16608,16224,11,670
44,130.16007532956687,116.49152542372882,16617,16233,12,531
44,115.21045751633987,153.3124183006536,16618,16234,2,765
44,78.11377245508982,273.3353293413174,16625,16241,15,501
44,83.43380282,236.69014084507043,16626,16242,16,355
44,157.51532567049807,278.5,16629,16245,13,522
44,140.47493403693932,295.6939313984169,16630,16246,14,379
44,160.5462822,197.8907435508346,16633,16249,9,659
44,117.34712230215827,232.4046762589928,16634,16250,5,556
44,180.57219251336898,231.10516934046345,16643,16259,7,561
44,137.81545741324922,255.91640378548897,16644,16260,8,634
45,130.17025089605735,75.83333333333333,16991,16607,10,558
45,80.04148148148148,93.09481481481481,16992,16608,11,675
45,127.44237918215613,117.03717472118959,17001,16617,12,538
45,111.10406091370558,151.14086294416245,17002,16618,2,788
45,78.47334754797441,271.7100213219616,17009,16625,15,469
45,86.9047619,233.97321428571428,17010,16626,16,336
45,155.4275092936803,281.07806691449815,17013,16629,13,538
45,140.4923076923077,298.78205128205127,17014,16630,14,390
45,160.73472429210133,198.14008941877793,17017,16633,9,671
45,116.7227191413238,231.9731663685152,17018,16634,5,559
45,183.52468007312615,227.39670932358317,17027,16643,7,547
45,136.3900481540931,256.24719101123594,17028,16644,8,623
46,129.25082508250824,77.34983498349835,17371,16991,10,606
46,81.60119047619048,93.69642857142857,17372,16992,11,672
46,130.34108527131784,115.98837209302326,17381,17001,12,516
46,112.83676092544987,151.16066838046274,17382,17002,2,778
46,80.94789579158316,270.2745490981964,17389,17009,15,499
46,86.57014925373134,233.21492537313432,17390,17010,16,335
46,155.76360225140712,278.97748592870545,17393,17013,13,533
46,142.28900255754476,297.0409207161125,17394,17014,14,391
46,161.6698717948718,196.9375,17397,17017,9,624
46,117.57326007326007,231.73260073260073,17398,17018,5,546
46,183.2767402,224.7402376910017,17407,17027,7,589
46,137.1392,255.9744,17408,17028,8,625
47,126.03064516129032,76.56290322580645,17751,17371,10,620
47,79.15668202764977,92.91244239631337,17752,17372,11,651
47,129.8289241622575,113.53086419753086,17761,17381,12,567
47,111.98216560509555,152.8624203821656,17762,17382,2,785
47,78.39105058365759,271.8171206225681,17769,17389,15,514
47,86.77955271565496,235.66453674121405,17770,17390,16,313
47,153.96146788990825,279.0366972477064,17773,17393,13,545
47,144.78313253012047,297.06024096385545,17774,17394,14,415
47,161.13787375415282,195.67607973421926,17777,17397,9,602
47,115.8974358974359,231.8168498168498,17778,17398,5,546
47,183.40554592720972,221.40034662045062,17787,17407,7,577
47,132.96116504854368,257.62297734627833,17788,17408,8,618
48,128.76072607260727,76.91914191419141,18131,17751,10,606
48,81.56137724550898,93.47904191616766,18132,17752,11,668
48,130.4109090909091,116.03272727272727,18141,17761,12,550
48,112.88676844783716,153.43384223918576,18142,17762,2,786
48,78.78285714285714,272.50095238095236,18149,17769,15,525
48,86.06514657980456,230.9185667752443,18150,17770,16,307
48,156.44424131627056,276.75868372943324,18153,17773,13,547
48,147.88809523809525,295.8404761904762,18154,17774,14,420
48,163.7490774907749,189.57933579335793,18157,17777,9,271
48,117.57142857142857,231.7641996557659,18158,17778,5,581
48,186.55837563451777,216.53130287648054,18167,17787,7,591
48,132.93663060278206,257.78361669242656,18168,17788,8,647
49,127.69522240527183,76.84184514003294,18511,18131,10,607
49,76.88364249578414,92.56155143338954,18512,18132,11,593
49,130.86666666666667,113.82857142857142,18521,18141,12,525
49,114.20733249051833,153.46017699115043,18522,18142,2,791
49,78.64478764478764,273.2953667953668,18529,18149,15,518
49,85.75932203,230.0813559322034,18530,18150,16,295
49,156.52292020373514,274.87266553480475,18533,18153,13,589
49,148.65837104072398,294.8687783,18534,18154,14,442
49,116.99301919720767,230.95287958115182,18538,18158,5,573
49,175.4431818181818,178.5909090909091,18540,18157,17,264
49,164.35555555555555,207.5851851851852,18541,18157,18,270
49,186.8531952,214.74438687392055,18547,18167,7,579
49,128.75151515151515,259.53939393939396,18548,18168,8,660
50,136.50539956803456,72.67170626349892,18891,18511,10,463
50,77.41176470588235,93.86096256684492,18892,18512,11,374
50,129.2811950790861,113.69595782073814,18901,18521,12,569
50,114.0825,150.83625,18902,18522,2,800
50,80.00963391136801,273.1059730250482,18909,18529,15,519
50,87.34782608695652,231.3210702341137,18910,18530,16,299
50,158.3156089193825,274.6312178,18913,18533,13,583
50,149.65625,295.1674107142857,18914,18534,14,448
50,118.14858096828047,231.6110183639399,18918,18538,5,599
50,171.2788944723618,182.90954773869348,18920,18540,17,398
50,152.68715083798884,205.84916201117318,18921,18541,18,358
50,184.9268680445151,215.02702702702703,18927,18547,7,629
50,129.46461538461537,261.35076923076923,18928,18548,8,650
51,139.72131147540983,75.22248243559719,19276,18891,10,427
51,73.01736111111111,103.09027777777777,19278,18892,19,288
51,81.70739549839229,79.30868167202573,19280,18892,20,311
51,129.4321608040201,111.03685092127303,19286,18901,12,597
51,115.08312020460357,154.82608695652175,19287,18902,2,782
51,80.13385826771653,274.48425196850394,19294,18909,15,508
51,87.03785488958991,233,19295,18910,16,317
51,157.28209459459458,273.92736486486484,19298,18913,13,592
51,146.76170212765956,294.8595744680851,19299,18914,14,470
51,117.40270727580372,233.21489001692046,19303,18918,5,591
51,171.91885441527447,182.70405727923628,19305,18920,17,419
51,150.4896551724138,209.5471264367816,19306,18921,18,435
51,182.0710743801653,217.74545454545455,19312,18927,7,605
51,126.48846960167715,265.05870020964363,19313,18928,8,477
52,74.31511254019293,104.9935691318328,19663,19278,19,311
52,81.15838509,79.03726708074534,19665,19280,20,322
52,120.38511326860842,59.40129449838188,19667,,21,309
52,141.32894736842104,83.83552631578948,19668,19276,10,304
52,129.48475120385234,108.24719101123596,19671,19286,12,623
52,115.77402597402597,153.15844155844155,19672,19287,2,770
52,80.27111984282908,273.6286836935167,19679,19294,15,509
52,87.34276729559748,228.67295597484278,19680,19295,16,318
52,156.7064846416382,273.0460750853242,19683,19298,13,586
52,146.1257731958763,293.2742268041237,19684,19299,14,485
52,114.67307692307692,233.66083916083917,19688,19303,5,572
52,171.17782909930716,184.24249422632795,19690,19305,17,433
52,147.79826464208242,217.67895878524945,19691,19306,18,461
52,181.22273425499233,216.72196620583716,19697,19312,7,651
52,132.05714285714285,253.95714285714286,19700,19313,8,140
52,110.74193548387096,278.21290322580643,19701,,22,155
53,73.30964467005076,103.63705583756345,20048,19663,19,394
53,78.84375,80.36079545454545,20050,19665,20,352
53,115.92012779552715,60.073482428115014,20052,19667,21,313
53,140.68367346938774,82.91496598639456,20053,19668,10,294
53,129.32828282828282,109.31313131313131,20056,19671,12,594
53,113.47022332506204,150.40322580645162,20057,19672,2,806
53,77.272,273.908,20064,19679,15,500
53,86.94155844155844,229.4935064935065,20065,19680,16,308
53,155.63799283154123,271.1218637992832,20068,19683,13,558
53,147.23456790123456,291.52880658436214,20069,19684,14,486
53,113.38120567375887,235.1418439716312,20073,19688,5,564
53,172.4851936218679,182.30296127562642,20075,19690,17,439
53,144.60212765957448,221.30425531914895,20076,19691,18,470
53,178.22380952380954,218.18412698412698,20082,19697,7,630
53,132.42045454545453,260.844697,20085,19700,8,264
53,107.58264462809917,283.3677685950413,20086,19701,22,242
54,71.84470588235294,100.59529411764706,20428,20048,19,425
54,84.44324324324324,85.23783783783784,20430,20050,20,370
54,118.64359861591696,57.15916955017301,20432,20052,21,289
54,138.27639751552795,84.88198757763975,20433,20053,10,322
54,132.97307692307692,114.95961538461539,20436,20056,12,520
54,114.17352185089975,151.88046272493574,20437,20057,2,778
54,80.28421052631579,272.61052631578946,20444,20064,15,475
54,88.76898734177215,230.6139240506329,20445,20065,16,316
54,157.82974910394265,271.11648745519716,20448,20068,13,558
54,147.74952919020717,292.12241054613935,20449,20069,14,531
54,116.06632653061224,234.08163265306123,20453,20073,5,588
54,178.0063025210084,185.5924369747899,20455,20075,17,476
54,148.98340248962654,216.20539419087137,20456,20076,18,482
54,178.47763864042935,224.52951699463327,20462,20082,7,559
54,134.7875,261.43125,20465,20085,8,320
54,106.62837837837837,284.47972972972974,20466,20086,22,296
55,70.99779249448123,101.46136865342163,20808,20428,19,453
55,84.02272727272727,86.91818181818182,20810,20430,20,440
55,120.96463022508038,60.80707395498392,20812,20432,21,311
55,137.6600566572238,83.13031161473087,20813,20433,10,353
55,130.16104868913857,112.08239700374531,20816,20436,12,534
55,113.70967741935483,150.2311827956989,20817,20437,2,744
55,81.22653061,270.2469387755102,20824,20444,15,490
55,91.17021276595744,227.46504559270517,20825,20445,16,329
55,157.890625,270.5763888888889,20828,20448,13,576
55,150.12977099236642,291.85687022900765,20829,20449,14,524
55,115.92361111111111,233.23090277777777,20833,20453,5,576
55,187.97018348623854,189.37844036697248,20835,20455,17,436
55,155.6615087040619,210.28820116054158,20836,20456,18,517
55,178.51612903225808,223.59447004608296,20842,20462,7,217
55,135.35060975609755,259.8414634146341,20845,20465,8,328
55,104.45180722891567,283.6445783,20846,20466,22,332
56,71.71235521,101.51544401544402,21188,20808,19,518
56,85.95474137931035,87.28017241379311,21190,20810,20,464
56,119.99029126213593,60.57281553398058,21192,20812,21,309
56,139.90662650602408,81.72891566,21193,20813,10,332
56,132.2621185,112.86175942549372,21196,20816,12,557
56,111.43123209169055,153.49570200573066,21197,20817,2,698
56,81.43863179074447,266.7404426559356,21204,20824,15,497
56,90.10703363914374,227.4006116207951,21205,20825,16,327
56,157.29642857142858,270.1928571428571,21208,20828,13,560
56,149.60957642725597,291.36648250460405,21209,20829,14,543
56,115.44615384615385,232.33333333333334,21213,20833,5,585
56,187.40188679245284,184.5547169811321,21215,20835,17,530
56,157.5903165735568,215.38919925512104,21216,20836,18,537
56,133.59259259259258,257.77777777777777,21225,20845,8,351
56,102.91412742382272,282.5983379501385,21226,20846,22,361
56,186.96120689655172,208.7801724137931,21228,20842,23,232
56,170.48815165876778,236.14218009478674,21229,20842,24,211
57,72.532,103.152,21568,21188,19,500
57,81.66017316017316,84.67316017316017,21570,21190,20,462
57,121.77399380804954,63.65944272,21572,21192,21,323
57,141.5225988700565,79.72316384,21573,21193,10,354
57,134.04276315789474,113.1842105263158,21576,21196,12,608
57,112.90780141843972,158.4728132387707,21577,21197,2,423
57,81.08759124087591,265.4184914841849,21584,21204,15,411
57,88.60526315789474,232.93859649122808,21585,21205,16,342
57,158.68421052631578,269.6701754385965,21588,21208,13,570
57,148.6118881118881,291.8583916083916,21589,21209,14,572
57,115.33098591549296,233.95598591549296,21593,21213,5,568
57,185.3903743315508,184.81283422459893,21595,21215,17,561
57,154.72744360902254,214.71052631578948,21596,21216,18,532
57,135.25427872860635,255.93643031784842,21605,21225,8,409
57,102.6891891891892,282.4756756756757,21606,21226,22,370
57,188.52403846153845,208.58173076923077,21608,21228,23,208
57,174.6689655172414,234.5344827586207,21609,21229,24,290
58,70.25235404896422,103.91148775894538,21948,21568,19,531
58,81.58754863813229,86.21400778210116,21950,21570,20,514
58,123.57714285714286,66.2,21952,21572,21,350
58,142.34473684210528,79.18421053,21953,21573,10,380
58,138.6003490401396,119.64921465968587,21956,21576,12,573
58,96.09803921568627,141.72058823529412,21959,,25,204
58,123.9950248756219,159.93532338308458,21961,21577,2,201
58,77.83333333333333,262.82275132275134,21964,21584,15,378
58,84.29166666666667,230.29166666666666,21965,21585,16,336
58,156.5794701986755,269.6523178807947,21968,21588,13,604
58,147.40917107583775,291.76014109347443,21969,21589,14,567
58,112.70903010033445,235.76421404682273,21973,21593,5,598
58,190.39483394833948,184.80258302583024,21975,21595,17,542
58,156.22348484848484,211.3693181818182,21976,21596,18,528
58,134.72444444444446,254.29111111111112,21985,21605,8,450
58,100.91116751269035,281.7741116751269,21986,21606,22,394
58,194.36653386454182,212.25099601593627,21988,21608,23,251
58,173.62056737588654,233.36524822695034,21989,21609,24,282
59,70.70786516853933,104.66292134831461,22328,21948,19,534
59,77.69762845849803,84.64229249011858,22330,21950,20,506
59,117.08638743455498,61.96596858638743,22332,21952,21,382
59,147.18316831683168,73.43316831683168,22333,21953,10,404
59,137.6186579378069,120.61538461538461,22336,21956,12,611
59,92.30320699708454,147.73760932944606,22339,21959,25,343
59,123.66852367688023,158.76323119777157,22341,21961,2,359
59,78.47732696897374,262.54653937947495,22344,21964,15,419
59,87.30618892508143,230.00325732899023,22345,21965,16,307
59,158.0513698630137,269.8493150684931,22348,21968,13,584
59,147.31534569983137,291.71332209106237,22349,21969,14,593
59,114.23623445825932,233.6323268206039,22353,21973,5,563
59,188.1564748201439,183.30395683453239,22355,21975,17,556
59,155.05836575875486,204.53501945525292,22356,21976,18,514
59,135.39179954441914,253.38268792710707,22365,21985,8,439
59,101.50375939849624,281.12280701754383,22366,21986,22,399
59,192.98333333333332,211.84333333333333,22368,21988,23,300
59,170.80645161290323,235.61935483870968,22369,21989,24,310
60,63.641929499072354,102.53617810760667,22708,22328,19,539
60,82.37176938369781,85.66799204771372,22710,22330,20,503
60,114.50797266514806,61.93621867881549,22712,22332,21,439
60,147.10055865921788,70.68435754189944,22713,22333,10,358
60,140.83676703645008,118.9080824088748,22716,22336,12,631
60,93.55388471177945,151.1203007518797,22719,22339,25,399
60,125.19128329297821,160.55205811138015,22721,22341,2,413
60,76.91878172588832,263.24111675126903,22724,22344,15,394
60,88.00934579439253,231.62305295950156,22725,22345,16,321
60,157.94055944055944,268.8968531468532,22728,22348,13,572
60,147.80762852404644,290.49087893864015,22729,22349,14,603
60,111.82577132486388,235.7350272232305,22733,22353,5,551
60,185.14361702127658,184.54609929078015,22735,22355,17,564
60,152.6624775583483,202.50089766606823,22736,22356,18,557
60,136.86157024793388,246.90702479338842,22745,22365,8,484
60,100.57241379310345,282.57471264367814,22746,22366,22,435
60,194.96511627906978,211.17732558139534,22748,22368,23,344
60,169.62280701754386,236.05555555555554,22749,22369,24,342
61,64.70727272727272,101.23818181818181,23088,22708,19,550
61,88.84180790960453,83.24482109227871,23090,22710,20,531
61,120.08695652173913,57.58152173913044,23092,22712,21,368
61,147.08707124010553,71.01583113456465,23093,22713,10,379
61,141.74923547400613,115.9525993883792,23096,22716,12,654
61,94.31961259079903,154.4600484261501,23099,22719,25,413
61,129.16229116945107,161.68257756563247,23101,22721,2,419
61,77.92307692307692,268.0079575596817,23104,22724,15,377
61,80.64391691394658,233.3412462908012,23105,22725,16,337
61,158.6258064516129,267.81290322580645,23108,22728,13,620
61,149.86949152542374,289.37118644067795,23109,22729,14,590
61,110.40070298769771,236.09314586994728,23113,22733,5,569
61,182.00834724540903,186.01001669449082,23115,22735,17,599
61,147.71377459749553,204.0268336314848,23116,22736,18,559
61,140.68247422680412,246.7896907216495,23125,22745,8,485
61,102.95903614457832,281.1879518072289,23126,22746,22,415
61,192.45885286783042,209.54862842892769,23128,22748,23,401
61,172.8523076923077,236.17538461538462,23129,22749,24,325
62,63.60801393728223,99.24564459930313,23468,23088,19,574
62,89.65018315018315,81.52014652014653,23470,23090,20,546
62,125.32153392330383,50.12979351032448,23472,23092,21,339
62,141.4352078239609,69.64303178484107,23473,23093,10,409
62,140.37910447761195,111.02686567164179,23476,23096,12,670
62,95.23799582463465,154.2588727,23479,23099,25,479
62,130.6805251641138,156.35229759299781,23481,23101,2,457
62,76.63275434243177,268.8957816377171,23484,23104,15,403
62,82.71935483870968,232.5225806451613,23485,23105,16,310
62,158.66787003610108,266.01083032490976,23488,23108,13,554
62,148.0605042016807,287.22857142857146,23489,23109,14,595
62,110.5,235.66666666666666,23493,23113,5,522
62,180.60595446584938,180.0105078809107,23495,23115,17,571
62,145.93515358361773,206.0307167235495,23496,23116,18,586
62,137.4156626506024,250.99799196787149,23505,23125,8,498
62,101.91646191646191,279.42997542997546,23506,23126,22,407
62,189.27088607594936,208.64556962025316,23508,23128,23,395
62,170.6939393939394,236.64242424242425,23509,23129,24,330
63,64.51005484460694,98.65447898,23848,23468,19,547
63,88.34172661870504,79.88309352517986,23850,23470,20,556
63,130.97214484679665,46.74651810584958,23852,23472,21,359
63,140.1418918918919,70.52252252252252,23853,23473,10,444
63,136.90977443609023,109.20150375939849,23856,23476,12,665
63,97.09433962264151,157.0859538784067,23859,23479,25,477
63,130.6673640167364,149.4602510460251,23861,23481,2,478
63,76.81971153846153,268.68028846153845,23864,23484,15,416
63,84.35483870967742,230.83548387096775,23865,23485,16,310
63,156.3351851851852,268.1703703703704,23868,23488,13,540
63,154.74409448818898,286.8976377952756,23869,23489,14,508
63,113.53497164461248,233.12854442344045,23873,23493,5,529
63,181.56397306397307,181.03872053872053,23875,23495,17,594
63,144.39460370994942,202.22765598650926,23876,23496,18,593
63,140.18762088974856,250.55705996131528,23885,23505,8,517
63,103.23809523809524,270.76839826839824,23886,23506,22,462
63,187.26884422110552,208.72361809045225,23888,23508,23,398
63,173.69253731343284,233.97611940298506,23889,23509,24,335
64,62.65939597315436,95.63087248322148,24228,23848,19,596
64,91.79115044247787,77.19823008849558,24230,23850,20,565
64,132.22194513715712,44.62094763092269,24232,23852,21,401
64,148.02793296089385,68.18994413407822,24233,23853,10,358
64,136.89701492537313,107.3731343283582,24236,23856,12,670
64,99.51329243353783,158.13701431492842,24239,23859,25,489
64,127.1324376199616,146.10748560460652,24241,23861,2,521
64,80.88918206,273.91292875989444,24244,23864,15,379
64,83.28353658536585,230.21341463414635,24245,23865,16,328
64,155.2089844,268.5253906,24248,23868,13,512
64,159.14853556485355,283.6715481171548,24249,23869,14,478
64,111.48497854077253,235.5236051502146,24253,23873,5,233
64,182.8904109589041,176.7636986,24255,23875,17,584
64,142.69727891156464,201.7482993197279,24256,23876,18,588
64,140.07802874743325,251.9034907597536,24265,23885,8,487
64,106.58085106382978,260.3042553191489,24266,23886,22,470
64,185.64050632911392,205.5012658227848,24268,23888,23,395
64,178.76899696048633,230.54407294832828,24269,23889,24,329
65,62.45666666666666,95.22833333333334,24616,24228,19,600
65,91.89134125636673,75.67062818336163,24618,24230,20,589
65,119.1583578,68.71847507331378,24620,,26,341
65,143.32203389830508,61.271186440677965,24621,24233,10,413
65,137.2955882352941,109.25,24624,24236,12,680
65,100.36526946107784,160.12974051896208,24627,24239,25,501
65,122.08818011257036,144.8499061913696,24629,24241,2,533
65,80.54545454545455,275.65194805194807,24632,24244,15,385
65,83.43975903614458,227.33734939759037,24633,24245,16,332
65,155.46368715083798,268.3296089385475,24636,24248,13,537
65,159.38412017167383,284.14163090128756,24637,24249,14,466
65,181.39310344827587,176.39310344827587,24643,24255,17,580
65,138.97966101694917,196.96101694915254,24644,24256,18,590
65,98.94413407821229,240.41899441340783,24646,24253,5,179
65,113.14285714285714,208.74654377880185,24647,,27,217
65,136.89148936170213,251.69148936170214,24653,24265,8,470
65,105.49090909090908,260.34343434343435,24654,24266,22,495
65,182.87700534759358,203.9385026737968,24656,24268,23,374
65,176.19783197831978,228.6720867208672,24657,24269,24,369
66,62.64353312302839,93.86593059936908,25004,24616,19,634
66,87.27351916376307,78.67770034843205,25006,24618,20,574
66,118.50623441396509,71.33167082294264,25008,24620,26,401
66,145.1105527638191,59.24120603015076,25009,24621,10,398
66,139.0374812593703,111.21889055472263,25012,24624,12,667
66,103.648,162.996,25015,24627,25,500
66,119.21492007104796,142.20426287744226,25017,24629,2,563
66,81.47340425531915,276.4973404255319,25020,24632,15,376
66,82.96969696969697,226.8080808080808,25021,24633,16,297
66,157.35645472061657,266.57996146435454,25024,24636,13,519
66,160.16244725738397,282.8059071729958,25025,24637,14,474
66,183.24214417744918,174.64140480591496,25031,24643,17,541
66,139.16319444444446,196.39756944444446,25032,24644,18,576
66,100.51209677419355,238.93145161290323,25034,24646,5,248
66,112.91071428571429,212.425,25035,24647,27,280
66,136.17777777777778,252.27474747474747,25041,24653,8,495
66,104.95106382978723,265.0702127659574,25042,24654,22,470
66,183.74338624338625,202.74603174603175,25044,24656,23,378
66,175.51538461538462,227.14358974358976,25045,24657,24,390
67,62.01839464882943,94.38795986622074,25392,25004,19,598
67,86.76470588235294,77.183391,25394,25006,20,578
67,119.65189873417721,73.55907172995781,25396,25008,26,474
67,146.9050279329609,65.66201117318435,25397,25009,10,358
67,141.43407407407406,114.81333333333333,25400,25012,12,675
67,103.2368932038835,160.4116504854369,25403,25015,25,515
67,118.16373239436619,139.49295774647888,25405,25017,2,568
67,83.56892230576442,280.17543859649123,25408,25020,15,399
67,84.74433656957929,225.62783171521036,25409,25021,16,309
67,158.21647509578543,265.56130268199234,25412,25024,13,522
67,160.45043103448276,282.23922413793105,25413,25025,14,464
67,182.95925925925926,174.68703703703704,25419,25031,17,540
67,138.52640545144803,197.9420783645656,25420,25032,18,587
67,98.27607362,244.3435582822086,25422,25034,5,326
67,112.09150326797386,211.95098039215685,25423,25035,27,306
67,138.22626262626264,251.74141414141414,25429,25041,8,495
67,106.98706896551724,268.3103448275862,25430,25042,22,464
67,184.86979166666666,201.65104166666666,25432,25044,23,384
67,171.88630490956072,224.2894056847545,25433,25045,24,387
68,61.54330708661417,94.0992126,25779,25392,19,635
68,86.51602023608768,76.87858347386172,25781,25394,20,593
68,116.25769230769231,76.05384615384615,25783,25396,26,520
68,141.12977099236642,64.73791348600508,25784,25397,10,393
68,140.35507246376812,115.3463768115942,25787,25400,12,690
68,104.08015267175573,161.85496183206106,25790,25403,25,524
68,119.33266932270917,143.6394422310757,25792,25405,2,502
68,85.05793450881612,280.559194,25795,25408,15,397
68,86.69732938,223.6320474777448,25796,25409,16,337
68,156.55460750853243,265,25799,25412,13,586
68,165.17796610169492,282.6542372881356,25800,25413,14,590
68,181.89743589743588,174.73626373626374,25806,25419,17,546
68,139.76215277777777,201.22048611111111,25807,25420,18,576
68,93.11142061281338,243.8050139275766,25809,25422,5,359
68,113.64841498559078,210.20749279538904,25810,25423,27,347
68,138.5686274509804,249.44817927170868,25816,25429,8,357
68,108.78427419354838,265.6068548387097,25817,25430,22,496
68,197.49271137026238,199.7259475218659,25819,25432,23,343
68,171.23389021479713,222.2362768,25820,25433,24,419
69,63.19009584664537,93.77635782747603,26166,25779,19,626
69,88.40734557595994,75.74624373956594,26168,25781,20,599
69,114.18560606060606,77.04924242424242,26170,25783,26,528
69,141.35593220338984,65.57627118644068,26171,25784,10,413
69,140.68221574344022,116.34985422740525,26174,25787,12,686
69,90.01956522,160.40434782608696,26177,25790,25,460
69,117.09126213592234,143.68155339805824,26179,25792,2,515
69,86.00759493670886,280.72151898734177,26182,25795,15,395
69,84.32797427652733,225.41800643086816,26183,25796,16,311
69,155.88024883359253,264.95956454121307,26186,25799,13,643
69,168.62911611785094,281.0675909878683,26187,25800,14,577
69,182.33270321361059,174.67674858223063,26193,25806,17,529
69,139.51993067590988,197.95147313691507,26194,25807,18,577
69,92.68404908,244.01840490797545,26196,25809,5,326
69,112.05810397553516,210.58103975535167,26197,25810,27,327
69,139.63432835820896,244.49751243781094,26203,25816,8,402
69,111.51277013752456,265.4440078585462,26204,25817,22,509
69,194.79189189189188,197.76486486486488,26206,25819,23,370
69,174.17703349282297,226.29425837320574,26207,25820,24,418
70,62.32200647249191,94.26860841423948,26553,26166,19,618
70,87.70364238410596,77.04966887417218,26555,26168,20,604
70,111.51063829787235,80.94148936170212,26557,26170,26,564
70,138.96450939457202,65.35281837160751,26558,26171,10,479
70,139.96671490593343,116.03183791606368,26561,26174,12,691
70,81.00756143667297,169.13232514177693,26564,26177,25,529
70,116.27767354596622,144.55722326454034,26566,26179,2,533
70,84.49230769230769,282.2794871794872,26569,26182,15,390
70,84.51410658,224.67398119122257,26570,26183,16,319
70,156.23192771084337,265.35993975903614,26573,26186,13,664
70,169.49063032367974,281.7785349,26574,26187,14,587
70,183.64864864864865,175.69009009009008,26580,26193,17,555
70,135.65272727272728,200.93272727272728,26581,26194,18,550
70,91.33426183844011,244.8523676880223,26583,26196,5,359
70,109.15844155844155,204.187013,26584,26197,27,385
70,140.2568578553616,239.21695760598504,26590,26203,8,401
70,111.7226563,269.0449219,26591,26204,22,512
70,195.44893111638956,196.87410926365797,26593,26206,23,421
70,173.8450363196126,224.30750605326875,26594,26207,24,413
71,63.08702791461412,93.24630541871922,26940,26553,19,609
71,88.57360406091371,72.24534686971235,26942,26555,20,591
71,109.62307692307692,79.20192307692308,26944,26557,26,520
71,136.1694214876033,64.42355371900827,26945,26558,10,484
71,138.89758179231865,116.15078236130867,26948,26561,12,703
71,73.95764272559853,170.69060773480663,26951,26564,25,543
71,110.65849056603774,144.88679245283018,26953,26566,2,530
71,84.75061124694376,283.21026894865525,26956,26569,15,409
71,85.22839506172839,225.64814814814815,26957,26570,16,324
71,155.9522431259045,264.0014471780029,26960,26573,13,691
71,169.72727272727272,281.0470779220779,26961,26574,14,616
71,181.4920353982301,174.76283185840708,26967,26580,17,565
71,135.1288566243194,198.77313974591652,26968,26581,18,551
71,91.06837606837607,243.16239316239316,26970,26583,5,351
71,110.5720430107527,199.5225806451613,26971,26584,27,465
71,141.86552567237163,230.5599022,26977,26590,8,409
71,112.53061224489795,267.6586270871985,26978,26591,22,539
71,194.95663265306123,193.87244897959184,26980,26593,23,392
71,176.33705357142858,223.60044642857142,26981,26594,24,448
72,66.45040650406504,94.65853658536585,27327,26940,19,615
72,91.64597315436242,71.56375838926175,27329,26942,20,596
72,110.35761589403974,81.67991169977925,27331,26944,26,453
72,138.0633946830266,64.55623722,27332,26945,10,489
72,139.30259365994237,115.01729106628243,27335,26948,12,694
72,70.78363636363636,177.5909090909091,27338,26951,25,550
72,108.64869888475836,142.1375464684015,27340,26953,2,538
72,86.00746268656717,284.2238805970149,27343,26956,15,402
72,87.88271604938272,223.64506172839506,27344,26957,16,324
72,157.2906626506024,264.98343373493975,27347,26960,13,664
72,172.79119086460034,281.07667210440457,27348,26961,14,613
72,181.54083484573502,173.8693284936479,27354,26967,17,551
72,135.84511784511784,195.0185185185185,27355,26968,18,594
72,91.11299435028249,242.92090395480227,27357,26970,5,354
72,109.3931623931624,198.44017094017093,27358,26971,27,468
72,143.71140939597316,228.46085011185681,27364,26977,8,447
72,113.4466911764706,267.8069852941176,27365,26978,22,544
72,192.24371859296483,196,27367,26980,23,398
72,174.7425149700599,225.9251497005988,27368,26981,24,334
73,64.94145569620254,94.41139241,27714,27327,19,632
73,90.19680851063829,71.31205673758865,27716,27329,20,564
73,105.74403470715835,86.23210412147506,27718,27331,26,461
73,132.36121673003802,65.01140684410646,27719,27332,10,526
73,136.29640287769783,112.5726618705036,27722,27335,12,695
73,67.57352941176471,177.77389705882354,27725,27338,25,544
73,107.44425675675676,138.95101351351352,27727,27340,2,592
73,83.21182266009852,283.3965517241379,27730,27343,15,406
73,85.20521172638436,224.26384364820848,27731,27344,16,307
73,155.5414110429448,264.06595092024537,27734,27347,13,652
73,170.79245283018867,280.0990566037736,27735,27348,14,636
73,180.24570446735396,174.62199312714776,27741,27354,17,582
73,133.4655737704918,192.74918032786886,27742,27355,18,610
73,91.30555555555556,241.84722222222223,27744,27357,5,360
73,104.73763440860215,198.4021505376344,27745,27358,27,465
73,143.08915662650602,228.07710843373494,27751,27364,8,415
73,110.96571428571428,269.02476190476193,27752,27365,22,525
73,187.64320388349515,197.54126213592232,27754,27367,23,412
73,172.1453634085213,229.60651629072683,27755,27368,24,399
74,67.36724960254372,93.46581875993641,28101,27714,19,629
74,92.97746967071058,67.39514731369151,28103,27716,20,577
74,104.52358490566037,87.36792452830188,28105,27718,26,424
74,134.30332681017612,66.80821918,28106,27719,10,511
74,137.18194842406876,113.3782235,28109,27722,12,698
74,64.03008849557523,178.14513274336284,28112,27725,25,565
74,107.06468531468532,136.7325174825175,28114,27727,2,572
74,83.02863961813843,282.1073985680191,28117,27730,15,419
74,84.79344262295082,225.61639344262295,28118,27731,16,305
74,157.60798816568047,262.4304733727811,28121,27734,13,676
74,171.97695852534562,280.8294930875576,28122,27735,14,651
74,184.47304347826088,174.57391304347826,28128,27741,17,575
74,134.8918032786885,187.45409836065573,28129,27742,18,610
74,94.50546448087432,241.11748633879782,28131,27744,5,366
74,106.37654320987654,200.0082304526749,28132,27745,27,486
74,142.63532110091742,227.30275229357798,28138,27751,8,436
74,113.4331450094162,269.2768361581921,28139,27752,22,531
74,185.06716417910448,197.54228855721394,28141,27754,23,402
74,173.97737556561086,227.5791855,28142,27755,24,442
75,68.21322314049587,91.95371900826446,28488,28101,19,605
75,93.64039408866995,66.53858784893268,28490,28103,20,609
75,105.36453201970443,87.30541871921183,28492,28105,26,406
75,134.75435203094779,65.14506769825918,28493,28106,10,517
75,137.76379066478077,113.61669024045261,28496,28109,12,707
75,62.30139373,178.31184668989548,28499,28112,25,574
75,105.27321428571429,135.39285714285714,28501,28114,2,560
75,83.29951690821257,281.9830917874396,28504,28117,15,414
75,86.78419452887537,223.90273556231003,28505,28118,16,329
75,156.60771704180064,263.5498392282958,28508,28121,13,622
75,172.48181818181817,280.19848484848484,28509,28122,14,660
75,184.84347826086957,173.06434782608696,28515,28128,17,575
75,132.80639730639732,184.56902356902356,28516,28129,18,594
75,96.01222494,241.78484107579462,28518,28131,5,409
75,103.609375,197.515625,28519,28132,27,512
75,141.07505518763796,227.74172185430464,28525,28138,8,453
75,113.11380597014926,267.9850746268657,28526,28139,22,536
75,181.59,195.3425,28528,28141,23,400
75,171.15035799522673,226.9379474940334,28529,28142,24,419
76,68.65353038,94.81280788,28875,28488,19,609
76,94.35093167701864,66.15062111801242,28877,28490,20,644
76,107.87015945330296,90.79498861047836,28879,28492,26,439
76,133.4812734082397,65.54868913857678,28880,28493,10,534
76,138.20684736091297,118.44793152639087,28883,28496,12,701
76,62.12591240875913,184.79744525547446,28886,28499,25,548
76,95.91744840525328,134.49343339587242,28888,28501,2,533
76,82.39845758354755,283.40102827763496,28891,28504,15,389
76,84.56774193548387,222.03225806451613,28892,28505,16,310
76,155.3978494623656,266.4009216589862,28895,28508,13,651
76,171.94656488549617,281.96030534351144,28896,28509,14,655
76,183.5800344234079,174.52151462994837,28902,28515,17,581
76,131.68688524590164,186.1983606557377,28903,28516,18,610
76,95.94919168591224,242.13625866050808,28905,28518,5,433
76,100.90926275992439,194.3610586011342,28906,28519,27,529
76,142.14055299539172,228.3364055299539,28912,28525,8,434
76,112.54659498207886,268.40501792114696,28913,28526,22,558
76,178.28985507246378,196.12077294685992,28915,28528,23,414
76,170.41743119266056,229.4954128440367,28916,28529,24,436
77,69.23795620437956,94.80145985,29262,28875,19,685
77,95.08507223113965,65.21990369,29264,28877,20,623
77,108.01121076233184,90.54035874439462,29266,28879,26,446
77,132.67296786389414,65.19659735349717,29267,28880,10,529
77,138.0564399421129,118.27496382054993,29270,28883,12,691
77,57.407272727272726,190.47636363636363,29273,28886,25,550
77,89.38418079096046,129.35969868173257,29275,28888,2,531
77,81.71289537712896,282.323601,29278,28891,15,411
77,84.44012944983818,223.53721682847896,29279,28892,16,309
77,156.41778523489933,266.3640939597315,29282,28895,13,596
77,172.08037094281298,281.4389489953632,29283,28896,14,647
77,183.52339688041593,173.71923743500867,29289,28902,17,577
77,130.47058823529412,182.0847750865052,29290,28903,18,578
77,97.01735358,241.81344902386118,29292,28905,5,461
77,101.54234234234234,194.5891891891892,29293,28906,27,555
77,141.52287581699346,231.99346405228758,29299,28912,8,459
77,111.91391941391942,270.0018315018315,29300,28913,22,546
77,178.12564102564102,193.97692307692307,29302,28915,23,390
77,170.45348837209303,227.15581395348838,29303,28916,24,430
78,70.02392344497608,94.55661881977672,29642,29262,19,627
78,95.99211356466877,64.75867507886436,29644,29264,20,634
78,109.71655328798185,91.45578231292517,29646,29266,26,441
78,133.53474903474904,63.58301158301158,29647,29267,10,518
78,138.88505747126436,118.29166666666667,29650,29270,12,696
78,53.78456014362657,194.67684021543985,29653,29273,25,557
78,82.13909774,128.5375939849624,29655,29275,2,532
78,82.3047619,282.1928571428571,29658,29278,15,420
78,83.93037974683544,223.8259493670886,29659,29279,16,316
78,162.2681660899654,262.47058823529414,29662,29282,13,578
78,172.422188,282.12942989214173,29663,29283,14,649
78,184.21180555555554,172.82986111111111,29669,29289,17,576
78,129.10858143607706,180.93345008756566,29670,29290,18,571
78,98.35254988913526,241.0731707317073,29672,29292,5,451
78,100.10223048327137,194.35873605947955,29673,29293,27,538
78,141.1912832929782,233.58353510895884,29679,29299,8,413
78,112.76756756756757,271.11531531531534,29680,29300,22,555
78,177.78092783505156,191.81443298969072,29682,29302,23,388
78,169.92963752665244,226.80170575692964,29683,29303,24,469
79,69.62174578866768,95.34609494640122,30014,29642,19,653
79,93.96875,59.540625,30016,29644,20,640
79,107.02212389380531,90.82079646,30018,29646,26,452
79,132.4686274509804,62.63137254901961,30019,29647,10,510
79,139.13509544787078,115.22466960352423,30022,29650,12,681
79,50.887915936952716,197.42556917688268,30025,29653,25,571
79,73.82600382409179,124.30019120458891,30027,29655,2,523
79,80.57244655581948,280.5249406175772,30030,29658,15,421
79,83.33438485804416,220.66246056782333,30031,29659,16,317
79,164.5221843003413,259.9778156996587,30034,29662,13,586
79,170.78582434514638,282.43143297380584,30035,29663,14,649
79,182.32318104906938,172.84940778341794,30041,29669,17,591
79,126.95492487479132,179.29549248747912,30042,29670,18,599
79,97.27194860813705,241.01284796573876,30044,29672,5,467
79,96.94541910331384,193.35867446393763,30045,29673,27,513
79,139.69546436285097,230.74082073434124,30051,29679,8,463
79,112.16206261510129,272.70534069981585,30052,29680,22,543
79,174.69585253456222,193.7073732718894,30054,29682,23,434
79,170.26518218623482,228.82186234817814,30055,29683,24,494
80,69.82802548,94.91242038,30386,30014,19,628
80,93.86846275752774,60.32171156893819,30388,30016,20,631
80,106.87472527472528,90.77362637362637,30390,30018,26,455
80,132.05430711610487,61.7247191,30391,30019,10,534
80,138.72532188841203,115.50500715307582,30394,30022,12,699
80,47.386243386243386,203.30864197530863,30397,30025,25,567
80,67.86862745,121.22549019607843,30399,30027,2,510
80,79.66346153846153,279.8485576923077,30402,30030,15,416
80,82.78378378378379,224.2972972972973,30403,30031,16,296
80,167.1599353796446,258.78675282714056,30406,30034,13,619
80,170.03317535545023,283.6018957345972,30407,30035,14,633
80,182.79646017699116,173.5557522123894,30413,30041,17,565
80,126.17689530685921,176.20216606498195,30414,30042,18,554
80,97.33333333333333,240.4831223628692,30416,30044,5,474
80,97.22898032200358,191.8783542039356,30417,30045,27,559
80,139.69246861924685,229.48535564853557,30423,30051,8,478
80,111.94774774774774,274.81081081081084,30424,30052,22,555
80,174.24884792626727,192.93087557603687,30426,30054,23,434
80,169.37777777777777,228.73131313131313,30427,30055,24,495
81,70.20283018867924,95.22641509433963,30758,30386,19,636
81,94.30279503,59.62577639751553,30760,30388,20,644
81,106.63938053097345,90.83849557522124,30762,30390,26,452
81,133.33828996282529,62.806691449814124,30763,30391,10,538
81,138.83670520231215,117.16618497109826,30766,30394,12,692
81,45.50515463917526,206.67697594501718,30769,30397,25,582
81,61.69439071566731,118.83172147001935,30771,30399,2,517
81,80.12582781456953,282.18984547461366,30774,30402,15,453
81,82.02980132450331,222.52317880794703,30775,30403,16,302
81,169.72711571675302,258.5854922279793,30778,30406,13,579
81,170.03888024883358,285.1384136858476,30779,30407,14,643
81,182.62306368330465,173.8502581755594,30785,30413,17,581
81,126.69488536155202,174.7636684303351,30786,30414,18,567
81,97.51731160896131,240.9531568228106,30788,30416,5,491
81,97.54640980735552,190.17513134851137,30789,30417,27,571
81,139.58004158004158,227.40332640332642,30795,30423,8,481
81,112.98010849909583,275.1211573,30796,30424,22,553
81,174.9572072072072,193.6644144144144,30798,30426,23,444
81,171.77185501066097,229.82942430703625,30799,30427,24,469
82,70.28050713153725,96.79714738510302,31130,30758,19,631
82,93.2609375,60.215625,31132,30760,20,640
82,107.69330453563715,90.97408207343412,31134,30762,26,463
82,131.87686567164178,63.57835820895522,31135,30763,10,536
82,138.78153846153847,116.93538461538462,31138,30766,12,650
82,38.52045826513912,210.99181669394434,31141,30769,25,611
82,50.637867647058826,114.97977941176471,31143,30771,2,544
82,80.82687927107061,283.73576309794987,31146,30774,15,439
82,81.16382252559727,222.90443686006827,31147,30775,16,293
82,170.9795918367347,257.3061224489796,31150,30778,13,588
82,170.16153846153847,285.92615384615385,31151,30779,14,650
82,182.6043771043771,173.45959595959596,31157,30785,17,594
82,122.15818181818182,172.89272727272729,31158,30786,18,550
82,96.44948453608248,241.8762886597938,31160,30788,5,485
82,95.59719789842381,188.0753064798599,31161,30789,27,571
82,139.47264770240702,228.84463894967178,31167,30795,8,457
82,113.64259927797833,274.71119133574007,31168,30796,22,554
82,175.11258278145695,193.67328918322295,31170,30798,23,453
82,169.5818540433925,229.7869822485207,31171,30799,24,507
83,70.61274509803921,95.30718954248366,31502,31130,19,612
83,94.93972179289027,60.003091190108194,31504,31132,20,647
83,109.41386554621849,111.61344537815125,31506,,28,476
83,132.25688073394497,64.59816513761469,31507,31135,10,545
83,138.49135446685878,112.57780979827089,31510,31138,12,694
83,32.82958199356913,215.59163987138263,31513,31141,25,622
83,50.621818181818185,113.89272727272727,31515,31143,2,550
83,82.99565217391304,283.6,31518,31146,15,460
83,79.41693811074919,219.56026058631923,31519,31147,16,307
83,174.13643926788686,254.24292845257904,31522,31150,13,601
83,171.20944881889764,284.56850393700785,31523,31151,14,635
83,183.33390410958904,170,31529,31157,17,584
83,124.11251980982567,169.15213946117274,31530,31158,18,631
83,94.77263581488934,241.95171026156942,31532,31160,5,497
83,95.84822934232714,186.00337268128163,31533,31161,27,593
83,139.69722814498934,229.99360341151385,31539,31167,8,469
83,114.25316455696202,274.2278481012658,31540,31168,22,553
83,177.76993166287016,189.75170842824602,31542,31170,23,439
83,168.9375,228.171875,31543,31171,24,512
84,70.48026315789474,95.83388157894737,31874,31502,19,608
84,92.47744945567652,61.10575427682737,31876,31504,20,643
84,96.17763157894737,135.52796052631578,31878,,29,608
84,130.75824175824175,65.98717948717949,31879,31507,10,546
84,139.64040404040404,117.02424242424243,31882,31510,12,495
84,28.189792663476872,219.25358851674642,31885,31513,25,627
84,52.42170818505338,115.54626334519573,31887,31515,2,562
84,81.87858719646799,287.3245033112583,31890,31518,15,453
84,77.69102990033223,219.44850498338872,31891,31519,16,301
84,173.90847457627117,253.36779661016948,31894,31522,13,590
84,169.6814024390244,285.2759146341463,31895,31523,14,656
84,177.52773109243697,169.49411764705883,31901,31529,17,595
84,122.28353140916808,170.2597623089983,31902,31530,18,589
84,92.04828973843058,242.02213279678068,31904,31532,5,497
84,93.796875,185.97569444444446,31905,31533,27,576
84,137.96336206896552,230.26293103448276,31911,31539,8,464
84,113.41093474426808,275.0846560846561,31912,31540,22,567
84,177.2358079,190.56768558951964,31914,31542,23,458
84,166.2713755,229.0185873605948,31915,31543,24,538
85,72.44425956738769,95.85357737104825,32246,31874,19,601
85,93.81076923076922,59.964615384615385,32248,31876,20,650
85,85.49264705882354,155.1,32250,,30,680
85,129.90681003584228,68.92114695340501,32251,31879,10,558
85,25.80511182108626,222.05271565495207,32257,31885,25,626
85,58.929701230228474,118.61335676625659,32259,31887,2,569
85,81.90987124,286.51502145922746,32262,31890,15,466
85,76.91836734693878,219.58503401360545,32263,31891,16,294
85,175.10491803278688,252.14098360655737,32266,31894,13,610
85,169.7480680061824,285.6352395672334,32267,31895,14,647
85,175.63468013468014,168.62121212121212,32273,31901,17,594
85,119.60487804878049,166.8959349593496,32274,31902,18,615
85,91.972,241.99,32276,31904,5,500
85,90.15437392795883,185.7993138936535,32277,31905,27,583
85,136.606,230.79,32283,31911,8,500
85,112.69494584837545,273.9115523465704,32284,31912,22,554
85,179.72040816326532,191.06938775510204,32286,31914,23,490
85,166.79266055045872,229.55045871559633,32287,31915,24,545
85,149.4689265536723,115.8135593220339,32289,31882,12,177
85,115.47398843930635,119.20809248554913,32290,,31,173
86,72.98397435897436,96.28205128205128,32618,32246,19,624
86,94.56134969325153,60.49233128834356,32620,32248,20,652
86,92.02680965147454,162.56300268096516,32622,32250,30,746
86,131.02139037433156,68.41889483065954,32623,32251,10,561
86,25.1632,223.4608,32629,32257,25,625
86,56.723076923076924,118.13162393162393,32631,32259,2,585
86,83.68052516411379,287.03063457330416,32634,32262,15,457
86,78.31325301,218.99397590361446,32635,32263,16,332
86,174.46129032258065,253.1725806451613,32638,32266,13,620
86,170.20030816640985,285.4391371340524,32639,32267,14,649
86,175.54,168.84,32645,32273,17,600
86,118.24098360655738,165.63934426229508,32646,32274,18,610
86,92.55151515151515,243.0888888888889,32648,32276,5,495
86,90.49267399267399,188.12271062271063,32649,32277,27,546
86,137.54618473895582,231.63052208835342,32655,32283,8,498
86,113.45340501792114,274.4121863799283,32656,32284,22,558
86,182.2129817444219,190.98985801217037,32658,32286,23,493
86,167.71153846153845,228.91083916083917,32659,32287,24,572
86,147.2929688,116.0078125,32661,32289,12,256
86,114.14236111111111,106.24305555555556,32662,32290,31,288
87,73.05654281098546,96.36187399030695,33007,32618,19,619
87,93.98323170731707,61.35060975609756,33009,32620,20,656
87,101.47455470737914,161.45038167938932,33011,32622,30,786
87,131.4723707664884,68.04991087344028,33012,32623,10,561
87,23.478939157566302,224.61466458658347,33018,32629,25,641
87,53.45580589254766,114.48526863084922,33020,32631,2,577
87,84.30962343096235,286.9623430962343,33023,32634,15,478
87,76.59800664451828,220.69435215946845,33024,32635,16,301
87,174.7895595,253.1957585644372,33027,32638,13,613
87,169.90658499234303,285.4640122511485,33028,32639,14,653
87,175.39398998330552,168.37562604340567,33034,32645,17,599
87,121.29120879120879,165.77472527472528,33035,32646,18,364
87,92.54240631163708,243.51282051282053,33037,32648,5,507
87,90.72744014732965,187.40331491712706,33038,32649,27,543
87,136.66265060240963,231.8594378,33044,32655,8,498
87,114.05344827586207,274.43275862068964,33045,32656,22,580
87,183.41928721174006,190.61215932914047,33047,32658,23,477
87,166.22066549912435,228.9894921190893,33048,32659,24,571
87,146.26736111111111,114.36111111111111,33050,32661,12,288
87,113.24852071005917,109.03254437869822,33051,32662,31,338
88,68.09966777408638,95.82225913621262,33396,33007,19,602
88,93.44090909090909,61.025757575757574,33398,33009,20,660
88,102.9815817984832,165.82231852654388,33400,33011,30,923
88,131.48754448398577,68.69395017793595,33401,33012,10,562
88,21.93798449612403,226.46046511627907,33407,33018,25,645
88,46.742808798646365,111.95939086294416,33409,33020,2,591
88,82.64329896907216,286.71958762886595,33412,33023,15,485
88,76.09009009009009,218.39939939939939,33413,33024,16,333
88,176.0488188976378,251.50393700787401,33416,33027,13,635
88,169.26415094339623,285.7484277,33417,33028,14,636
88,174.00655737704918,168.17377049180328,33423,33034,17,610
88,119.64465408805032,165.46226415094338,33424,33035,18,318
88,91.26104417670683,245.86947791164658,33426,33037,5,498
88,87.67660550458716,187.10550458715596,33427,33038,27,436
88,136.01709401709402,231.61752136752136,33433,33044,8,468
88,112.9787610619469,272.8053097345133,33434,33045,22,565
88,182.27484143763215,192.76532769556025,33436,33047,23,473
88,165.62542372881356,229.50169491525423,33437,33048,24,590
88,146.8463768115942,117.25507246376812,33439,33050,12,345
88,109.55853658536586,107.48536585365854,33440,33051,31,410
89,68.60353982300884,96.98584071,33785,33396,19,565
89,94.18335901386749,60.929121725731896,33787,33398,20,649
89,106.84318766066838,162.23521850899743,33789,33400,32,778
89,133.57931034482758,66.09482758620689,33790,33401,10,580
89,19.796352583586625,228.85562310030394,33796,33407,25,658
89,41.30185497470489,108.97133220910624,33798,33409,2,593
89,84.19913419913419,286.62554112554113,33801,33412,15,462
89,77.55140186915888,220.89096573208724,33802,33413,16,321
89,178.4711388455538,249.57410296411857,33805,33416,13,641
89,169.8046511627907,284.6945736434109,33806,33417,14,645
89,175.32045088566827,167.9291465378422,33812,33423,17,621
89,111.48571428571428,147.76666666666668,33813,33400,33,210
89,91.99603174603175,246.43650793650792,33815,33426,5,504
89,89.47792706333973,184.56238003838772,33816,33427,27,521
89,136.96390658174099,227.99575371549895,33822,33433,8,471
89,115.5742397137746,272.2397137745975,33823,33434,22,559
89,184.1593291404612,191.93710691823898,33825,33436,23,477
89,164.44039735099338,229.94867549668874,33826,33437,24,604
89,148.19024390243902,117.97560975609755,33828,33439,12,410
89,108.39573459715639,109.07109004739337,33829,33440,31,422
90,67.54063018242122,98.56053067993366,34174,33785,19,603
90,95.46072508,62.01812688821752,34176,33787,20,662
90,88.97661365762394,144.76987839101963,34178,,34,1069
90,135.6785079928952,61.58614564831261,34179,33790,10,563
90,15.62518740629685,231.97151424287856,34185,33796,25,667
90,34.7775974,104.58766233766234,34187,33798,2,616
90,84.80462185,288.69117647058823,34190,33801,15,476
90,75.05232558139535,217.38372093023256,34191,33802,16,344
90,179.14242424242425,248.62272727272727,34194,33805,13,660
90,169.1483771251932,285.3817619783617,34195,33806,14,647
90,178.2596153846154,168.70993589743588,34201,33812,17,624
90,111.54126679462571,158.39539347408828,34202,33789,32,521
90,91.0297619,247.71031746031747,34204,33815,5,504
90,87.55041322,184.3702479338843,34205,33816,27,605
90,135.78979591836736,229.76734693877552,34211,33822,8,490
90,114.70216606498195,273.4711191,34212,33823,22,554
90,182.8141962421712,192.83089770354906,34214,33825,23,479
90,162.46440129449837,231.26537216828478,34215,33826,24,618
90,150.55456570155903,122.15144766146993,34217,33828,12,449
90,110.29338842975207,111.84710743801652,34218,33829,31,484
91,66.90954773869346,97.61474036850922,34563,34174,19,597
91,96.89954337899543,60.03500761035008,34565,34176,20,657
91,94.18693693693693,156.11599099099098,34567,34178,34,888
91,136.27336860670195,59.88183421516755,34568,34179,10,567
91,14.560902255639098,234.02556390977443,34575,34185,25,665
91,31.717741935483872,101.83225806451613,34576,34187,2,620
91,88.61946902654867,290.8539823,34579,34190,15,452
91,75.12820512820512,218.84294871794873,34580,34191,16,312
91,180.12037037037038,246.5679012345679,34583,34194,13,648
91,169.21360759493672,285.85917721518985,34584,34195,14,632
91,179.67100977198697,169.1058631921824,34590,34201,17,614
91,113.79282868525897,157.09163346613545,34591,34202,32,251
91,90.81213307240705,248.2054794520548,34593,34204,5,511
91,84.01926444833626,183.4553415061296,34594,34205,27,571
91,134.50413223140495,227.2995867768595,34600,34211,8,484
91,115.69872958257713,271.97459165154265,34601,34212,22,551
91,183.17857142857142,193.2043650793651,34603,34214,23,504
91,163.10333333333332,231.11,34604,34215,24,600
91,151.15766738660906,120.67386609071275,34606,34217,12,463
91,110.41030927835051,113.83917525773195,34607,34218,31,485
0,508.9643435980551,508.10048622366287,40076,,41,617
0,528.9816513761468,535.2293577981651,40086,,42,545
0,492.9450980392157,653.6176470588235,40094,,43,510
0,528.3742331288344,658.7586911999999,40098,,44,489
0,543.1946902654868,617.2367256637168,40102,,45,452
0,554.1855421686747,639.2048192771084,40112,,46,415
1,508.7487922705314,508.3768115942029,40442,40076,41,621
1,528.5667938931298,535.7080152671756,40452,40086,42,524
1,493.86501901140684,652.9410646387832,40460,40094,43,526
1,528.9902534113061,659.3762183235867,40464,40098,44,513
1,543.6174757281553,619.9320388349515,40468,40102,45,515
1,558.1137440758293,639.4170616113744,40478,40112,46,422
2,508.4156626506024,511.0135542168675,40808,40442,41,664
2,528.1570093457944,537.9028037383177,40818,40452,42,535
2,492.865275142315,653.2087286527515,40826,40460,43,527
2,527.5778210116731,660.0252918287938,40830,40464,44,514
2,541.6378986866791,622.5984990619137,40834,40468,45,533
2,558.8108747044918,640.1229314420804,40844,40478,46,423
3,510.7360703812317,512.0938416422288,41174,40808,41,682
3,529.3441226575809,539.5706984667802,41184,40818,42,587
3,492.9784560143627,651.9982046678635,41192,40826,43,557
3,527.6983240223464,659.4040968342645,41196,40830,44,537
3,543.5250463821892,618.4935064935065,41200,40834,45,539
3,559.0866510538642,638.032786885246,41210,40844,46,427
4,510.6752136752137,513.1125356125356,41540,41174,41,702
4,531.0226086956521,544.224347826087,41550,41184,42,575
4,490.89980353634576,649.0294695481336,41558,41192,43,509
4,524.8175438596492,659.9122807017544,41562,41196,44,570
4,543.936170212766,618.7429078014184,41566,41200,45,564
4,559.9357429718875,636.4618473895582,41576,41210,46,498
5,510.43115438108487,513.5424200278164,41906,41540,41,719
5,529.9417122040072,547.6010928961748,41916,41550,42,549
5,492.05061082024434,648.696335078534,41924,41558,43,573
5,528.4401993355482,656.2923588039866,41928,41562,44,602
5,549.6557971014493,614.4003623188406,41932,41566,45,552
5,576.5,625.546052631579,41944,41576,47,152
5,550.3893805309734,638.4867256637168,41945,41576,48,113
6,508.51645207439196,511.8769670958512,42272,41906,41,699
6,533.9483394833949,548.4630996309963,42282,41916,42,542
6,496.10294118,650.6388888888889,42290,41924,43,612
6,531.1860036832412,664.3075506445673,42294,41928,44,543
6,552.2754716981132,613.722641509434,42298,41932,45,530
6,575.707509881423,626.6363636363636,42310,41944,47,253
6,550.4308300395257,642.8260869565217,42311,41945,48,253
7,511.2363387978142,511.5,42638,42272,41,732
7,531.0650684931506,547.6181506849315,42648,42282,42,584
7,494.45040650406503,650.3772357723577,42656,42290,43,615
7,529.9849749582638,670.0016694490819,42660,42294,44,599
7,547.2890484739677,617.5385996409336,42664,42298,45,557
7,576.7859531772575,623.0401337792642,42676,42310,47,299
7,552.3,645.7352941176471,42677,42311,48,340
8,509.1476063829787,511.75,43004,42638,41,752
8,533.4173622704508,543.6777963,43014,42648,42,599
8,495.8,649.7015625,43022,42656,43,640
8,530.2066772655007,668.7138314785374,43026,42660,44,629
8,560.0254237288136,598.7118644067797,43032,,49,118
8,534.3852459016393,617.483606557377,43033,42664,45,122
8,574.9407407407407,623.1925925925926,43042,42676,47,405
8,550.6375661375662,642.436507936508,43043,42677,48,378
9,506.9076086956522,511.58016304347825,43370,43004,41,736
9,532.8888888888889,542.2550860719875,43380,43014,42,639
9,494.5479041916168,654.3562874251497,43388,43022,43,668
9,533.1302325581396,676.1596899224805,43392,43026,44,645
9,555.6609686609686,601.917378917379,43398,43032,49,351
9,532.0967741935484,624.6693548387096,43399,43033,45,248
9,577.2863436123348,621.3942731277533,43408,43042,47,454
9,549.2265060240964,647.0578313253012,43409,43043,48,415
10,504.24279835390945,509.0727023319616,43733,43370,41,729
10,531.4485294117646,540.2132352941177,43743,43380,42,680
10,494.7585185185185,653.674074074074,43751,43388,43,675
10,535.9334341906202,677.6853252647504,43755,43392,44,661
10,556.7797927,602.0777202072538,43761,43398,49,386
10,528.3148788927335,629.3148788927335,43762,43399,45,289
10,582.2362768,616.7947494033413,43771,43408,47,419
10,553.0524017467249,643.82096069869,43772,43409,48,458
11,504.7551299589603,506.8659370725034,44107,43733,41,731
11,530.2875175315568,538.8373071528752,44117,43743,42,713
11,495.97196261682245,652.0155763239875,44125,43751,43,642
11,537.0014836795252,675.3961424332344,44129,43755,44,674
11,559.6575,601.81,44135,43761,49,400
11,526.6063218390805,633.7758620689656,44136,43762,45,348
11,584.9099756690998,615.3576642335767,44145,43771,47,411
11,551.914606741573,638.3797752808989,44146,43772,48,445
12,493.3494623655914,508.19354838709677,44481,44107,41,558
12,523.7233748271093,536.554633471646,44491,44117,42,723
12,493.84122136999997,652.6946564885496,44499,44125,43,655
12,536.6796407185628,676.7050898203593,44503,44129,44,668
12,558.609375,600.8035714285714,44509,44135,49,448
12,519.6390374331551,644.2272727272727,44510,44136,45,374
12,585.9521640091116,610.2915717539863,44519,44145,47,439
12,552.0703624733476,639.4434968017058,44520,44146,48,469
13,510.83257918552033,501.9547511312217,44857,44481,50,221
13,481.90410959,502.17808219178085,44858,44481,51,219
13,522.143661971831,537.3112676056338,44865,44491,42,710
13,494.9451851851852,652.3674074074074,44873,44499,43,675
13,539.4686567164179,677.1820895522387,44877,44503,44,670
13,556.9206349206349,600.2471655328798,44883,44509,49,441
13,520.2910052910053,644.6851851851852,44884,44510,45,378
13,587.3716814159292,608.0442477876106,44893,44519,47,452
13,554.102766798419,636.5375494071146,44894,44520,48,506
14,512.8391167192428,493.79179810725554,45231,44857,50,317
14,482.8590604026846,500.63758389261744,45232,44858,51,298
14,529.6473779385171,551.5443037974684,45239,44865,42,553
14,494.719298245614,652.7587719298245,45247,44873,43,684
14,540.578125,679.2585227272727,45251,44877,44,704
14,555.6084337349398,600.4779116465863,45257,44883,49,498
14,519.3017902813299,648.7519181585678,45258,44884,45,391
14,584.6961206896551,609.7801724137931,45267,44893,47,464
14,551.6772277227723,640.7326732673267,45268,44894,48,505
15,511.98924731182797,494.23924731182797,45605,45231,50,372
15,480.295652173913,500.6608695652174,45606,45232,51,345
15,515.6171003717473,522.1598513011153,45615,,52,269
15,534.1534090909091,546.7386363636364,45616,45239,42,352
15,494.3478260869565,653.0420757363254,45621,45247,43,713
15,543.5159944367176,677.5368567454798,45625,45251,44,719
15,552.4331983805669,604.917004,45631,45257,49,494
15,518.8859223300971,651.9271844660194,45632,45258,45,412
15,585.4232456140351,605.9013157894736,45641,45267,47,456
15,552.0797546,643.638036809816,45642,45268,48,489
16,513.9274611398964,495.48445595854923,45971,45605,50,386
16,482.16486486486485,498.5891891891892,45972,45606,51,370
16,520.4620462046205,515.4191419141914,45981,45615,52,303
16,535.3681592039801,549.2412935323383,45982,45616,42,402
16,496.13739376770536,654.0240793201133,45987,45621,43,706
16,543.8011363636364,677.2485795454545,45991,45625,44,704
16,553.3978723404255,603.7148936170213,45997,45631,49,470
16,520.7072072072071,646.6891891891892,45998,45632,45,444
16,585.5010752688172,607.7505376344086,46007,45641,47,465
16,552.5651260504202,644.5063025210084,46008,45642,48,476
17,513.4380530973451,493.08849557522126,46337,45971,50,452
17,484.85861183,500.44987146529564,46338,45972,51,389
17,521.9709302325582,513.6860465116279,46347,45981,52,344
17,535.0985576923076,549.6081730769231,46348,45982,42,416
17,494.45844875,654.3711911357341,46353,45987,43,722
17,542.8948824343015,679.5325034578146,46357,45991,44,723
17,557.5960698689956,602.0524017467249,46363,45997,49,458
17,520.3196544276458,646.1943844492441,46364,45998,45,463
17,583.1016597510373,612.844398340249,46373,46007,47,482
17,548.8948545861298,648.4608501118569,46374,46008,48,447
18,514.5496688741722,491.18101545253865,46718,46337,50,453
18,482.93023255813955,498.0645994832041,46719,46338,51,387
18,520.1917404129794,511.33038348082596,46728,46347,52,339
18,534.4419753,549.3135802469136,46729,46348,42,405
18,491.6224627875507,656.4776725304466,46734,46353,43,739
18,544.0078226857888,679.5110821382008,46738,46357,44,767
18,553.9785407725321,604.0858369098712,46744,46363,49,466
18,518.3258928571429,640.1272321428571,46745,46364,45,448
18,581.700205338809,609.0616016427105,46754,46373,47,487
18,542.649667405765,650.8558758314856,46755,46374,48,451
19,522.9502262443439,490.552036199095,47093,46718,50,442
19,486.109756097561,498.30731707317074,47094,46719,51,410
19,520.5350140056022,511.87114845938373,47103,46728,52,357
19,533.5668103448276,545.239224137931,47104,46729,42,464
19,493.13672922,655.9678284182305,47109,46734,43,746
19,544.7320261437908,680.5777777777778,47113,46738,44,765
19,555.8571428571429,599.7824175824176,47119,46744,49,455
19,520.6773455377574,639.091533180778,47120,46745,45,437
19,582.1071428571429,608.436507936508,47129,46754,47,504
19,545.0288248337029,652.4412416851442,47130,46755,48,451
20,520.7142857142857,490.68663594470047,47468,47093,50,434
20,483.7037914691943,492.78909952606637,47469,47094,51,422
20,517.2317073170732,510.4829268292683,47478,47103,52,410
20,529.7583187390543,544.737302977233,47479,47104,42,571
20,493.59403371999997,655.3463035019455,47484,47109,43,771
20,545.7984084880636,680.8965517241379,47488,47113,44,754
20,553.3528089887641,602.0247191011235,47494,47119,49,445
20,518.3685393258427,642.6764045,47495,47120,45,445
20,581.810707456979,608.3862332695985,47504,47129,47,523
20,543.0154867256638,652.1969026548672,47505,47130,48,452
21,516.366729678639,487.05671077504724,47843,47468,50,529
21,481.6556701030928,493.70515463917525,47844,47469,51,485
21,517.5927505330491,513.72921108742,47853,47478,52,469
21,521.1025641025641,550.7124542124542,47854,47479,42,546
21,493.37549407114625,652.4097496706192,47859,47484,43,759
21,544.5459387483355,680.2902796271637,47863,47488,44,751
21,556.8708920187794,597.8239436619718,47869,47494,49,426
21,517.5340909090909,642.3590909090909,47870,47495,45,440
21,579.4587737843551,616.2727272727273,47879,47504,47,473
21,543.1721854304635,650.326710816777,47880,47505,48,453
22,518.1486988847583,491.3289962825279,48218,47843,50,538
22,480.7301324503311,493.3874172185431,48219,47844,51,604
22,524.7478448275862,522.9762931034483,48228,47853,52,464
22,515.2737642585552,558.7851711026616,48229,47854,42,526
22,491.88341968911914,652.979274611399,48234,47859,43,772
22,546.2321899736148,680.3535620052771,48238,47863,44,758
22,557.6659436008676,599.1301518438178,48244,47869,49,461
22,515.75,643.4322916666666,48245,47870,45,384
22,580.2942386831276,616.2510288065844,48254,47879,47,486
22,539.9265033407572,650.5077951002227,48255,47880,48,449
23,515.7689463955637,487.55268022181144,48593,48218,50,541
23,474.66104553,494.4198988195616,48594,48219,51,593
23,532.4795918367347,520.6285714285714,48603,48228,52,490
23,515.678392,556.9363484087103,48604,48229,42,597
23,491.47087980173484,652.3023543990087,48609,48234,43,807
23,546.3700887198986,679.6451204055767,48613,48238,44,789
23,562.3351648351648,603.3882783882784,48619,48244,49,546
23,514.0514138817481,646.8020565552699,48620,48245,45,389
23,585.5866050808314,617.3233256351039,48629,48254,47,433
23,540.3940042826553,648.8286937901498,48630,48255,48,467
24,514.729537366548,488.0409252669039,48975,48593,50,562
24,474.8139534883721,494.6744186046512,48976,48594,51,602
24,533.5953878406708,517.4318658280922,48985,48603,52,477
24,516.414976599064,554.4227769110764,48986,48604,42,641
24,493.51954602774276,650.2395964691046,48991,48609,43,793
24,548.8071135430916,681.4541723666212,48995,48613,44,731
24,561.5825242718447,602.7805825242718,49001,48619,49,515
24,515.2732919254659,647.1273291925465,49002,48620,45,322
24,585.5040322580645,617.1149193548388,49011,48629,47,496
24,542.1974789915967,647.4012605042017,49012,48630,48,476
25,507.9,488.72542372881355,49357,48975,50,590
25,471.54013377926424,493.6521739130435,49358,48976,51,598
25,532.2333333333333,518.5294117647059,49367,48985,52,510
25,511.6666666666667,554.7018348623853,49368,48986,42,654
25,491.68380462724934,651.0938303341902,49373,48991,43,778
25,547.9184210526316,680.628947368421,49377,48995,44,760
25,561.4259999999999,603.266,49383,49001,49,500
25,513.0825396825397,647.4888888888888,49384,49002,45,315
25,582.1805273833671,621.6409736308317,49393,49011,47,493
25,539.3453093812375,646.4730538922156,49394,49012,48,501
26,508.6808905380334,486.595547309833,49740,49357,50,539
26,473.34925865,496.4184514003295,49741,49358,51,607
26,532.9823529411765,515.8509803921569,49750,49367,52,510
26,511.82621502209133,555.558173784978,49751,49368,42,679
26,492.24045801526717,651.9987277353689,49756,49373,43,786
26,547.9421487603306,679.564738292011,49760,49377,44,726
26,563.8827038,597.9502982107356,49766,49383,49,503
26,514.7166666666667,644.5138888888889,49767,49384,45,360
26,580.2013129102845,626.7702407002188,49776,49393,47,457
26,539.6757813,644.5449219,49777,49394,48,512
27,515.657091561939,487.310592459605,50123,49740,50,557
27,476.2581168831169,495.5113636363636,50124,49741,51,616
27,535.056092843327,517.1914893617021,50133,49750,52,517
27,512.5555555555555,556.9729729729729,50134,49751,42,666
27,496.7421777221527,649.8235294117646,50139,49756,43,799
27,547.1518518518519,678.7395061728396,50143,49760,44,810
27,568.8278689,593.9549180327868,50149,49766,49,488
27,518.6446991404011,643.1833810888252,50150,49767,45,349
27,579.8594704684317,627.9490835,50159,49776,47,491
27,543.0377733598409,644.0536779324055,50160,49777,48,503
28,516.3044217687075,483.05272108843536,50506,50123,50,588
28,474.39726027,495.2414383561644,50507,50124,51,584
28,537.7518796992481,515.3082706766918,50516,50133,52,532
28,512.2172619047619,556.3258928571429,50517,50134,42,672
28,494.4942675159236,649.0675159235668,50522,50139,43,785
28,546.9145860709593,681.3377135348226,50526,50143,44,761
28,565.7880085653105,591.6188436830835,50532,50149,49,467
28,516.9142091152816,643.9034852546918,50533,50150,45,373
28,578.1847826086956,625.3659420289855,50542,50159,47,552
28,541.3179190751446,644.8574181117533,50543,50160,48,519
29,515.7135922330096,474.205501618123,50889,50506,50,618
29,476.0178571428571,493.5844155844156,50890,50507,51,616
29,538.5334685598377,510.841784989858,50899,50516,52,493
29,514.7324749642346,553.0529327610873,50900,50517,42,699
29,494.24847001,650.8776009791922,50905,50522,43,817
29,547.1966292134831,682.0463483146068,50909,50526,44,712
29,561.9332096474953,590.6307977736549,50915,50532,49,539
29,517.0877192982456,644.3801169590644,50916,50533,45,342
29,577.7842003853565,626.082851637765,50925,50542,47,519
29,541.7562862669246,646.2147001934236,50926,50543,48,517
30,519.0831973898858,472.45024469820555,51272,50889,50,613
30,476.92845528455285,493.42601626,51273,50890,51,615
30,535.1441947565543,511.6872659,51282,50899,52,534
30,513.9665271966527,552.6555090655509,51283,50900,42,717
30,496.16222760290555,651.4370460048426,51288,50905,43,826
30,546.8424657534247,681.2785388127854,51292,50909,44,438
30,561.7377938517179,591.9330922242315,51298,50915,49,553
30,519.8229508196721,639.2098360655738,51299,50916,45,305
30,577.8761384335155,626.2495446265938,51308,50925,47,549
30,543.0087912087912,647.2021978021978,51309,50926,48,455
31,522.1565074135091,474.89126853377263,51655,51272,50,607
31,478.58895705521473,494.069018404908,51656,51273,51,652
31,536.4950690335306,516.3865877712032,51665,51282,52,507
31,513.2771739130435,552.6739130434783,51666,51283,42,736
31,493.62451108,650.6245110821383,51671,51288,43,767
31,561.1947565543071,681.0411985018727,51677,51292,53,267
31,533.292490118577,682.7628458498024,51678,51292,54,253
31,560.8912655971479,592.5329768270944,51681,51298,49,561
31,516.5317220543807,642.6858006042296,51682,51299,45,331
31,576.0051813471503,628.2987910189983,51691,51308,47,579
31,540.826883910387,650.3808553971487,51692,51309,48,491
32,524.5176848874598,475.927652733119,52038,51655,50,622
32,479.8511278195489,495.0676691729323,52039,51656,51,665
32,534.8615071283095,517.5865580448066,52048,51665,52,491
32,512.5116279069767,554.1805745554036,52049,51666,42,731
32,490.8571428571429,649.084126984127,52054,51671,43,630
32,562.3056478405315,685.7508305647841,52060,51677,53,301
32,537.8924731182796,687.6164874551971,52061,51678,54,279
32,561.1494464944649,592.3985239852399,52064,51681,49,542
32,517.7783505154639,640.3505154639175,52065,51682,45,388
32,576.2238010657194,630.7353463587922,52074,51691,47,563
32,542.171206225681,653.1614785992218,52075,51692,48,514
33,524.8395270270271,476.4560810810811,52421,52038,50,592
33,479.67459138187223,494.38632986627044,52422,52039,51,673
33,535.1259842519685,517.8740157480315,52431,52048,52,508
33,513.6270718232045,553.8218232044198,52432,52049,42,724
33,487.77927063339735,654.3608445297505,52437,52054,43,521
33,561.6964285714286,680.0535714285714,52443,52060,53,336
33,537.2679738562092,689.0947712418301,52444,52061,54,306
33,561.6641509433962,590.1150943396226,52447,52064,49,530
33,515.4360730593608,637.445205479452,52448,52065,45,438
33,575.7088607594936,631.3146473779385,52457,52074,47,553
33,541.5659656,653.0114722753347,52458,52075,48,523
34,524.7723440134907,476.79426644182126,52804,52421,50,593
34,478.2876923076923,494.74769231,52805,52422,51,650
34,533.7148936170213,519.4510638297872,52814,52431,52,470
34,513.124833997344,555.1181938911022,52815,52432,42,753
34,483.44126984126984,672.1619047619047,52822,52437,55,315
34,489.93023255813955,640.6072351421188,52823,52437,56,387
34,562.9467005076142,680.4619289340101,52826,52443,53,394
34,537.6510067114094,690.0436241610738,52827,52444,54,298
34,563.931338028169,590.7218309859155,52830,52447,49,568
34,515.552995391705,640.447004608295,52831,52448,45,434
34,576.2196078431373,633.8176470588235,52840,52457,47,510
34,541.3824057450629,653.1526032315978,52841,52458,48,557
35,526.8956661316212,477.45425361155696,53187,52804,50,623
35,481.1233082706767,494.69473684210527,53188,52805,51,665
35,533.8977505112474,520.2188139059305,53197,52814,52,489
35,515.1122994652407,554.066844919786,53198,52815,42,748
35,485.10322580645163,668.3225806451612,53205,52822,55,310
35,493.2923076923077,638.2092307692308,53206,52823,56,325
35,563.5520581113801,679.9007263922518,53209,52826,53,413
35,539.7,691.3,53210,52827,54,350
35,565.9588550999999,591.1824686940965,53213,52830,49,559
35,516.0114678899083,640.6123853211009,53214,52831,45,436
35,577.0124555160143,632.4163701067616,53223,52840,47,562
35,540.7979452054794,652.9469178082192,53224,52841,48,584
36,527.529702970297,478.44224422442244,53570,53187,50,606
36,481.27379209370423,494.66032210834555,53571,53188,51,683
36,531.5896907216495,521.7319587628866,53580,53197,52,485
36,515.4587765957447,554.9933510638298,53581,53198,42,752
36,484.34757834757835,669.5868945868946,53588,53205,55,351
36,494.48493975903614,638.8012048192771,53589,53206,56,332
36,563.3015521064301,679.7827050997782,53592,53209,53,451
36,539.3406940063091,688.4447949526814,53593,53210,54,317
36,564.9535655058044,591.7363184079602,53596,53213,49,603
36,516.8974943052392,640.6628701594533,53597,53214,45,439
36,576.5047801147227,632.3059273422562,53606,53223,47,523
36,540.3821292775665,655.2889733840304,53607,53224,48,526
37,527.7794871794872,477.9880341880342,53953,53570,50,585
37,482.09224012,495.2650073206442,53954,53571,51,683
37,533.0165631469979,520.6314699792961,53963,53580,52,483
37,516.3478835978835,554.7089947089947,53964,53581,42,756
37,482.53477218,669.8585131894484,53971,53588,55,417
37,489.72131147540983,638.4918032786885,53972,53589,56,366
37,565.3478260869565,681.4323671497584,53975,53592,53,414
37,539.4511494252873,692.5114942528735,53976,53593,54,348
37,565.8369565217391,589.9239130434783,53979,53596,49,552
37,519.8649155722327,637.9324577861163,53980,53597,45,533
37,577,633.2768670309654,53989,53606,47,549
37,542.3978494623656,657.8118279569892,53990,53607,48,558
38,528.4010067114094,476.03859060402687,54319,53953,50,596
38,481.49187592319055,495.01181683899557,54320,53954,51,677
38,529.9013806706114,520.6153846153846,54329,53963,52,507
38,514.9815546772069,553.3833992094861,54330,53964,42,759
38,483.5700934579439,669.1191588785047,54337,53971,55,428
38,487.20353982300884,637.0176991150443,54338,53972,56,339
38,562.6470588235294,681.5882352941176,54341,53975,53,425
38,536.081081081081,688.6,54342,53976,54,370
38,562.8201680672269,591.2302521008403,54345,53979,49,595
38,519.9404761904761,635.7777777777778,54346,53980,45,504
38,576.0567107750472,633.9546313799622,54355,53989,47,529
38,539.155109489051,655.3211678832117,54356,53990,48,548
39,529.4317406143344,477.12286689419795,54699,54319,50,586
39,480.68475073313783,493.782991202346,54700,54320,51,682
39,530.0930232558139,521.4263565891473,54709,54329,52,516
39,514.4172099087353,553.232073011734,54710,54330,42,767
39,482.33812949640287,670.3908872901679,54717,54337,55,417
39,485.10447761,638.3164179104477,54718,54338,56,335
39,561.119305856833,680.9501084598699,54721,54341,53,461
39,537.0437158469945,691.4972677595629,54722,54342,54,366
39,563.5657051282051,592.2660256410256,54725,54345,49,624
39,519.499001996008,632.5429141716567,54726,54346,45,501
39,573.973880597015,634.7873134328358,54735,54355,47,536
39,537.4442508710802,655.9494773519164,54736,54356,48,574
40,528.3204047217538,477.29848229342326,55079,54699,50,593
40,481.78052325581393,496.26598837209303,55080,54700,51,688
40,529.470802919708,521.0802919708029,55089,54709,52,548
40,514.6503311258278,554.2450331125827,55090,54710,42,755
40,481.7477064220184,669.5779816513761,55097,54717,55,436
40,488.7456647398844,635.849710982659,55098,54718,56,346
40,559.80375782881,683.4237995824635,55101,54721,53,479
40,534.4679665738162,696.1727019498608,55102,54722,54,359
40,562.6416,595.6112,55105,54725,49,625
40,521.3326885880077,635.4119922630562,55106,54726,45,517
40,575.0788954635109,634.8816568047337,55115,54735,47,507
40,538.7043918918919,660.1283783783783,55116,54736,48,592
41,530.619298245614,475.36315789473684,55459,55079,50,570
41,484.2116788321168,493.65401459854013,55460,55080,51,685
41,530.2206405693951,518.6832740213523,55469,55089,52,562
41,515.5303430079156,553.1833773087071,55470,55090,42,758
41,483.0861678004535,666.5011337868481,55477,55097,55,441
41,488.1666666666667,637.2142857142858,55478,55098,56,336
41,561.0438756855576,679.4314442413163,55481,55101,53,547
41,537.4899497487437,697.2010050251256,55482,55102,54,398
41,562.6186046511627,595.1875968992248,55485,55105,49,645
41,520.0229445506692,635.6959847036329,55486,55106,45,523
41,577.6984402079722,631.7417677642981,55495,55115,47,577
41,541.1384364820847,655.5570033,55496,55116,48,614
42,529.8350168350169,479.2895622895623,55839,55459,50,594
42,483.36565977742447,493.5182829888712,55840,55460,51,629
42,532.534516765286,517.3451676528599,55849,55469,52,507
42,518.0104849279161,553.2726081258191,55850,55470,42,763
42,481.70319634703196,671.0639269406392,55857,55477,55,438
42,487.5745341614907,635.639751552795,55858,55478,56,322
42,558.2898550724638,681.9316770186335,55861,55481,53,483
42,538.3308457711443,699.1169154228855,55862,55482,54,402
42,560.6094224924012,597.3237082066869,55865,55485,49,658
42,521.0946196660482,633.5194805194806,55866,55486,45,539
42,578.3819188191882,634.1383763837639,55875,55495,47,542
42,540.2702265372168,656.784789644013,55876,55496,48,618
43,528.625816993464,478.671568627451,56223,55839,50,612
43,482.8002853067047,493.35520684736093,56224,55840,51,701
43,530.5186640471513,517.475442,56233,55849,52,509
43,515.1172413793104,551.9406896551724,56234,55850,42,725
43,481.4947368421053,670.9894736842105,56241,55857,55,475
43,487.31092437,637.8151260504202,56242,55858,56,357
43,557.6993736951983,679.9018788999999,56245,55861,53,479
43,542.1888888888889,697.5555555555555,56246,55862,54,360
43,558.3095238095239,599.578869047619,56249,55865,49,672
43,519.768953068592,632.2111913357401,56250,55866,45,554
43,576.0671641791045,632.9272388059701,56259,55875,47,536
43,538.6041308089501,657.5955249569707,56260,55876,48,581
44,527.7274220032841,476.75041051,56607,56223,50,609
44,480.02835820895524,493.63134328358205,56608,56224,51,670
44,530.1600753295669,516.4915254237288,56617,56233,52,531
44,515.2104575163398,553.3124183006536,56618,56234,42,765
44,478.1137724550898,673.3353293413174,56625,56241,55,501
44,483.43380282,636.6901408450705,56626,56242,56,355
44,557.5153256704981,678.5,56629,56245,53,522
44,540.4749340369393,695.6939313984169,56630,56246,54,379
44,560.5462822,597.8907435508346,56633,56249,49,659
44,517.3471223021583,632.4046762589928,56634,56250,45,556
44,580.5721925133689,631.1051693404635,56643,56259,47,561
44,537.8154574132492,655.9164037854889,56644,56260,48,634
45,530.1702508960574,475.8333333333333,56991,56607,50,558
45,480.04148148148147,493.0948148148148,56992,56608,51,675
45,527.4423791821562,517.0371747211896,57001,56617,52,538
45,511.10406091370555,551.1408629441624,57002,56618,42,788
45,478.4733475479744,671.7100213219617,57009,56625,55,469
45,486.9047619,633.9732142857142,57010,56626,56,336
45,555.4275092936803,681.0780669144981,57013,56629,53,538
45,540.4923076923077,698.7820512820513,57014,56630,54,390
45,560.7347242921013,598.140089418778,57017,56633,49,671
45,516.7227191413238,631.9731663685152,57018,56634,45,559
45,583.5246800731261,627.3967093235832,57027,56643,47,547
45,536.3900481540932,656.2471910112359,57028,56644,48,623
46,529.2508250825083,477.34983498349834,57371,56991,50,606
46,481.6011904761905,493.69642857142856,57372,56992,51,672
46,530.3410852713179,515.9883720930233,57381,57001,52,516
46,512.8367609254499,551.1606683804628,57382,57002,42,778
46,480.94789579158316,670.2745490981964,57389,57009,55,499
46,486.57014925373136,633.2149253731343,57390,57010,56,335
46,555.7636022514071,678.9774859287054,57393,57013,53,533
46,542.2890025575448,697.0409207161125,57394,57014,54,391
46,561.6698717948718,596.9375,57397,57017,49,624
46,517.57326007326,631.7326007326008,57398,57018,45,546
46,583.2767402,624.7402376910018,57407,57027,47,589
46,537.1392,655.9744000000001,57408,57028,48,625
47,526.0306451612903,476.56290322580645,57751,57371,50,620
47,479.15668202764977,492.9124423963134,57752,57372,51,651
47,529.8289241622575,513.5308641975308,57761,57381,52,567
47,511.98216560509553,552.8624203821656,57762,57382,42,785
47,478.3910505836576,671.8171206225682,57769,57389,55,514
47,486.779552715655,635.6645367412141,57770,57390,56,313
47,553.9614678899082,679.0366972477063,57773,57393,53,545
47,544.7831325301205,697.0602409638554,57774,57394,54,415
47,561.1378737541528,595.6760797342192,57777,57397,49,602
47,515.8974358974359,631.8168498168498,57778,57398,45,546
47,583.4055459272097,621.4003466204506,57787,57407,47,577
47,532.9611650485436,657.6229773462783,57788,57408,48,618
48,528.7607260726072,476.9191419141914,58131,57751,50,606
48,481.561377245509,493.47904191616766,58132,57752,51,668
48,530.4109090909091,516.0327272727272,58141,57761,52,550
48,512.8867684478372,553.4338422391858,58142,57762,42,786
48,478.78285714285715,672.5009523809524,58149,57769,55,525
48,486.06514657980455,630.9185667752442,58150,57770,56,307
48,556.4442413162706,676.7586837294332,58153,57773,53,547
48,547.8880952380953,695.8404761904762,58154,57774,54,420
48,563.7490774907749,589.5793357933579,58157,57777,49,271
48,517.5714285714286,631.7641996557659,58158,57778,45,581
48,586.5583756345178,616.5313028764806,58167,57787,47,591
48,532.9366306027821,657.7836166924266,58168,57788,48,647
49,527.6952224052718,476.84184514003294,58511,58131,50,607
49,476.88364249578416,492.5615514333895,58512,58132,51,593
49,530.8666666666667,513.8285714285714,58521,58141,52,525
49,514.2073324905183,553.4601769911504,58522,58142,42,791
49,478.64478764478764,673.2953667953668,58529,58149,55,518
49,485.75932203,630.0813559322035,58530,58150,56,295
49,556.5229202037351,674.8726655348048,58533,58153,53,589
49,548.658371040724,694.8687783,58534,58154,54,442
49,516.9930191972077,630.9528795811518,58538,58158,45,573
49,575.4431818181818,578.5909090909091,58540,58157,57,264
49,564.3555555555556,607.5851851851852,58541,58157,58,270
49,586.8531952,614.7443868739206,58547,58167,47,579
49,528.7515151515152,659.5393939393939,58548,58168,48,660
50,536.5053995680346,472.6717062634989,58891,58511,50,463
50,477.4117647058823,493.86096256684493,58892,58512,51,374
50,529.281195079086,513.6959578207382,58901,58521,52,569
50,514.0825,550.8362500000001,58902,58522,42,800
50,480.00963391136804,673.1059730250481,58909,58529,55,519
50,487.3478260869565,631.3210702341137,58910,58530,56,299
50,558.3156089193825,674.6312178000001,58913,58533,53,583
50,549.65625,695.1674107142858,58914,58534,54,448
50,518.1485809682805,631.6110183639399,58918,58538,45,599
50,571.2788944723618,582.9095477386935,58920,58540,57,398
50,552.6871508379888,605.8491620111731,58921,58541,58,358
50,584.9268680445151,615.0270270270271,58927,58547,47,629
50,529.4646153846154,661.3507692307692,58928,58548,48,650
51,539.7213114754098,475.22248243559716,59276,58891,50,427
51,473.0173611111111,503.09027777777777,59278,58892,59,288
51,481.7073954983923,479.3086816720257,59280,58892,60,311
51,529.4321608040201,511.036850921273,59286,58901,52,597
51,515.0831202046036,554.8260869565217,59287,58902,42,782
51,480.1338582677165,674.4842519685039,59294,58909,55,508
51,487.0378548895899,633,59295,58910,56,317
51,557.2820945945946,673.9273648648648,59298,58913,53,592
51,546.7617021276595,694.8595744680852,59299,58914,54,470
51,517.4027072758038,633.2148900169204,59303,58918,45,591
51,571.9188544152745,582.7040572792363,59305,58920,57,419
51,550.4896551724138,609.5471264367816,59306,58921,58,435
51,582.0710743801653,617.7454545454545,59312,58927,47,605
51,526.4884696016771,665.0587002096436,59313,58928,48,477
52,474.3151125401929,504.9935691318328,59663,59278,59,311
52,481.15838509,479.0372670807453,59665,59280,60,322
52,520.3851132686084,459.4012944983819,59667,,61,309
52,541.328947368421,483.8355263157895,59668,59276,50,304
52,529.4847512038523,508.24719101123594,59671,59286,52,623
52,515.774025974026,553.1584415584416,59672,59287,42,770
52,480.2711198428291,673.6286836935167,59679,59294,55,509
52,487.34276729559747,628.6729559748428,59680,59295,56,318
52,556.7064846416382,673.0460750853242,59683,59298,53,586
52,546.1257731958763,693.2742268041237,59684,59299,54,485
52,514.6730769230769,633.6608391608391,59688,59303,45,572
52,571.1778290993071,584.242494226328,59690,59305,57,433
52,547.7982646420824,617.6789587852495,59691,59306,58,461
52,581.2227342549924,616.7219662058371,59697,59312,47,651
52,532.0571428571428,653.9571428571428,59700,59313,48,140
52,510.741935483871,678.2129032258065,59701,,62,155
53,473.3096446700508,503.6370558375635,60048,59663,59,394
53,478.84375,480.36079545454544,60050,59665,60,352
53,515.9201277955272,460.073482428115,60052,59667,61,313
53,540.6836734693877,482.9149659863946,60053,59668,50,294
53,529.3282828282828,509.3131313131313,60056,59671,52,594
53,513.4702233250621,550.4032258064516,60057,59672,42,806
53,477.272,673.908,60064,59679,55,500
53,486.9415584415584,629.4935064935065,60065,59680,56,308
53,555.6379928315412,671.1218637992831,60068,59683,53,558
53,547.2345679012345,691.5288065843622,60069,59684,54,486
53,513.3812056737588,635.1418439716313,60073,59688,45,564
53,572.4851936218679,582.3029612756264,60075,59690,57,439
53,544.6021276595745,621.304255319149,60076,59691,58,470
53,578.2238095238096,618.184126984127,60082,59697,47,630
53,532.4204545454545,660.844697,60085,59700,48,264
53,507.58264462809916,683.3677685950413,60086,59701,62,242
54,471.84470588235297,500.5952941176471,60428,60048,59,425
54,484.4432432432433,485.23783783783784,60430,60050,60,370
54,518.643598615917,457.15916955017303,60432,60052,61,289
54,538.276397515528,484.88198757763973,60433,60053,50,322
54,532.9730769230769,514.9596153846154,60436,60056,52,520
54,514.1735218508998,551.8804627249358,60437,60057,42,778
54,480.2842105263158,672.6105263157895,60444,60064,55,475
54,488.7689873417721,630.6139240506329,60445,60065,56,316
54,557.8297491039426,671.1164874551971,60448,60068,53,558
54,547.7495291902071,692.1224105461393,60449,60069,54,531
54,516.0663265306123,634.0816326530612,60453,60073,45,588
54,578.0063025210084,585.59243697479,60455,60075,57,476
54,548.9834024896265,616.2053941908714,60456,60076,58,482
54,578.4776386404294,624.5295169946332,60462,60082,47,559
54,534.7875,661.43125,60465,60085,48,320
54,506.6283783783784,684.4797297297298,60466,60086,62,296
55,470.99779249448125,501.46136865342163,60808,60428,59,453
55,484.02272727272725,486.91818181818184,60810,60430,60,440
55,520.9646302250803,460.80707395498393,60812,60432,61,311
55,537.6600566572238,483.1303116147309,60813,60433,50,353
55,530.1610486891386,512.0823970037453,60816,60436,52,534
55,513.7096774193549,550.2311827956989,60817,60437,42,744
55,481.22653061,670.2469387755102,60824,60444,55,490
55,491.17021276595744,627.4650455927051,60825,60445,56,329
55,557.890625,670.5763888888889,60828,60448,53,576
55,550.1297709923664,691.8568702290077,60829,60449,54,524
55,515.9236111111111,633.2309027777778,60833,60453,45,576
55,587.9701834862385,589.3784403669724,60835,60455,57,436
55,555.6615087040619,610.2882011605416,60836,60456,58,517
55,578.516129032258,623.594470046083,60842,60462,47,217
55,535.3506097560976,659.8414634146341,60845,60465,48,328
55,504.45180722891564,683.6445782999999,60846,60466,62,332
56,471.71235521,501.515444015444,61188,60808,59,518
56,485.95474137931035,487.28017241379314,61190,60810,60,464
56,519.9902912621359,460.5728155339806,61192,60812,61,309
56,539.906626506024,481.72891566,61193,60813,50,332
56,532.2621185,512.8617594254937,61196,60816,52,557
56,511.43123209169056,553.4957020057307,61197,60817,42,698
56,481.43863179074447,666.7404426559356,61204,60824,55,497
56,490.10703363914376,627.4006116207951,61205,60825,56,327
56,557.2964285714286,670.1928571428571,61208,60828,53,560
56,549.609576427256,691.366482504604,61209,60829,54,543
56,515.4461538461538,632.3333333333334,61213,60833,45,585
56,587.4018867924528,584.5547169811321,61215,60835,57,530
56,557.5903165735568,615.3891992551211,61216,60836,58,537
56,533.5925925925926,657.7777777777778,61225,60845,48,351
56,502.9141274238227,682.5983379501386,61226,60846,62,361
56,586.9612068965517,608.7801724137931,61228,60842,63,232
56,570.4881516587677,636.1421800947867,61229,60842,64,211
57,472.532,503.152,61568,61188,59,500
57,481.66017316017314,484.67316017316017,61570,61190,60,462
57,521.7739938080496,463.65944272,61572,61192,61,323
57,541.5225988700565,479.72316384,61573,61193,50,354
57,534.0427631578948,513.1842105263158,61576,61196,52,608
57,512.9078014184397,558.4728132387706,61577,61197,42,423
57,481.0875912408759,665.4184914841849,61584,61204,55,411
57,488.60526315789474,632.938596491228,61585,61205,56,342
57,558.6842105263158,669.6701754385965,61588,61208,53,570
57,548.6118881118881,691.8583916083917,61589,61209,54,572
57,515.330985915493,633.955985915493,61593,61213,45,568
57,585.3903743315508,584.8128342245989,61595,61215,57,561
57,554.7274436090225,614.7105263157895,61596,61216,58,532
57,535.2542787286063,655.9364303178484,61605,61225,48,409
57,502.68918918918916,682.4756756756757,61606,61226,62,370
57,588.5240384615385,608.5817307692307,61608,61228,63,208
57,574.6689655172414,634.5344827586207,61609,61229,64,290
58,470.2523540489642,503.9114877589454,61948,61568,59,531
58,481.58754863813226,486.21400778210113,61950,61570,60,514
58,523.5771428571429,466.2,61952,61572,61,350
58,542.3447368421052,479.18421053,61953,61573,50,380
58,538.6003490401396,519.6492146596859,61956,61576,52,573
58,496.0980392156863,541.7205882352941,61959,,65,204
58,523.9950248756219,559.9353233830846,61961,61577,42,201
58,477.8333333333333,662.8227513227514,61964,61584,55,378
58,484.2916666666667,630.2916666666666,61965,61585,56,336
58,556.5794701986755,669.6523178807947,61968,61588,53,604
58,547.4091710758378,691.7601410934744,61969,61589,54,567
58,512.7090301003344,635.7642140468228,61973,61593,45,598
58,590.3948339483395,584.8025830258302,61975,61595,57,542
58,556.2234848484849,611.3693181818182,61976,61596,58,528
58,534.7244444444444,654.2911111111111,61985,61605,48,450
58,500.9111675126903,681.774111675127,61986,61606,62,394
58,594.3665338645418,612.2509960159363,61988,61608,63,251
58,573.6205673758866,633.3652482269504,61989,61609,64,282
59,470.70786516853934,504.6629213483146,62328,61948,59,534
59,477.697628458498,484.64229249011856,62330,61950,60,506
59,517.086387434555,461.9659685863874,62332,61952,61,382
59,547.1831683168317,473.4331683168317,62333,61953,50,404
59,537.6186579378069,520.6153846153846,62336,61956,52,611
59,492.30320699708454,547.7376093294461,62339,61959,65,343
59,523.6685236768802,558.7632311977716,62341,61961,42,359
59,478.4773269689737,662.546539379475,62344,61964,55,419
59,487.3061889250814,630.0032573289902,62345,61965,56,307
59,558.0513698630136,669.8493150684931,62348,61968,53,584
59,547.3153456998314,691.7133220910623,62349,61969,54,593
59,514.2362344582593,633.6323268206039,62353,61973,45,563
59,588.1564748201439,583.3039568345324,62355,61975,57,556
59,555.0583657587549,604.535019455253,62356,61976,58,514
59,535.3917995444192,653.3826879271071,62365,61985,48,439
59,501.50375939849624,681.1228070175439,62366,61986,62,399
59,592.9833333333333,611.8433333333334,62368,61988,63,300
59,570.8064516129032,635.6193548387097,62369,61989,64,310
60,463.6419294990724,502.5361781076067,62708,62328,59,539
60,482.3717693836978,485.6679920477137,62710,62330,60,503
60,514.507972665148,461.9362186788155,62712,62332,61,439
60,547.1005586592179,470.68435754189943,62713,62333,50,358
60,540.83676703645,518.9080824088749,62716,62336,52,631
60,493.55388471177946,551.1203007518798,62719,62339,65,399
60,525.1912832929783,560.5520581113801,62721,62341,42,413
60,476.9187817258883,663.241116751269,62724,62344,55,394
60,488.0093457943925,631.6230529595016,62725,62345,56,321
60,557.9405594405595,668.8968531468531,62728,62348,53,572
60,547.8076285240464,690.4908789386402,62729,62349,54,603
60,511.82577132486387,635.7350272232305,62733,62353,45,551
60,585.1436170212766,584.5460992907801,62735,62355,57,564
60,552.6624775583483,602.5008976660682,62736,62356,58,557
60,536.8615702479339,646.9070247933885,62745,62365,48,484
60,500.57241379310346,682.5747126436781,62746,62366,62,435
60,594.9651162790698,611.1773255813953,62748,62368,63,344
60,569.6228070175439,636.0555555555555,62749,62369,64,342
61,464.7072727272727,501.23818181818183,63088,62708,59,550
61,488.84180790960454,483.2448210922787,63090,62710,60,531
61,520.0869565217391,457.58152173913044,63092,62712,61,368
61,547.0870712401055,471.0158311345647,63093,62713,50,379
61,541.7492354740061,515.9525993883792,63096,62716,52,654
61,494.319612590799,554.4600484261501,63099,62719,65,413
61,529.162291169451,561.6825775656325,63101,62721,42,419
61,477.9230769230769,668.0079575596817,63104,62724,55,377
61,480.64391691394655,633.3412462908012,63105,62725,56,337
61,558.6258064516129,667.8129032258064,63108,62728,53,620
61,549.8694915254238,689.371186440678,63109,62729,54,590
61,510.40070298769774,636.0931458699473,63113,62733,45,569
61,582.008347245409,586.0100166944908,63115,62735,57,599
61,547.7137745974956,604.0268336314848,63116,62736,58,559
61,540.6824742268041,646.7896907216495,63125,62745,48,485
61,502.9590361445783,681.187951807229,63126,62746,62,415
61,592.4588528678304,609.5486284289277,63128,62748,63,401
61,572.8523076923077,636.1753846153846,63129,62749,64,325
62,463.60801393728224,499.24564459930315,63468,63088,59,574
62,489.6501831501831,481.5201465201465,63470,63090,60,546
62,525.3215339233038,450.1297935103245,63472,63092,61,339
62,541.4352078239609,469.64303178484107,63473,63093,50,409
62,540.3791044776119,511.02686567164176,63476,63096,52,670
62,495.23799582463465,554.2588727,63479,63099,65,479
62,530.6805251641138,556.3522975929978,63481,63101,42,457
62,476.6327543424318,668.8957816377172,63484,63104,55,403
62,482.7193548387097,632.5225806451613,63485,63105,56,310
62,558.667870036101,666.0108303249098,63488,63108,53,554
62,548.0605042016807,687.2285714285715,63489,63109,54,595
62,510.5,635.6666666666666,63493,63113,45,522
62,580.6059544658494,580.0105078809107,63495,63115,57,571
62,545.9351535836178,606.0307167235495,63496,63116,58,586
62,537.4156626506024,650.9979919678715,63505,63125,48,498
62,501.9164619164619,679.4299754299755,63506,63126,62,407
62,589.2708860759494,608.6455696202531,63508,63128,63,395
62,570.6939393939394,636.6424242424242,63509,63129,64,330
63,464.51005484460694,498.65447898,63848,63468,59,547
63,488.341726618705,479.88309352517985,63850,63470,60,556
63,530.9721448467967,446.7465181058496,63852,63472,61,359
63,540.1418918918919,470.52252252252254,63853,63473,50,444
63,536.9097744360902,509.2015037593985,63856,63476,52,665
63,497.09433962264154,557.0859538784067,63859,63479,65,477
63,530.6673640167364,549.4602510460251,63861,63481,42,478
63,476.81971153846155,668.6802884615385,63864,63484,55,416
63,484.35483870967744,630.8354838709678,63865,63485,56,310
63,556.3351851851852,668.1703703703704,63868,63488,53,540
63,554.7440944881889,686.8976377952756,63869,63489,54,508
63,513.5349716446125,633.1285444234404,63873,63493,45,529
63,581.5639730639731,581.0387205387206,63875,63495,57,594
63,544.3946037099495,602.2276559865093,63876,63496,58,593
63,540.1876208897486,650.5570599613153,63885,63505,48,517
63,503.23809523809524,670.7683982683982,63886,63506,62,462
63,587.2688442211055,608.7236180904522,63888,63508,63,398
63,573.6925373134328,633.9761194029851,63889,63509,64,335
64,462.65939597315435,495.6308724832215,64228,63848,59,596
64,491.7911504424779,477.19823008849556,64230,63850,60,565
64,532.2219451371571,444.6209476309227,64232,63852,61,401
64,548.0279329608938,468.18994413407825,64233,63853,50,358
64,536.8970149253731,507.3731343283582,64236,63856,52,670
64,499.5132924335378,558.1370143149284,64239,63859,65,489
64,527.1324376199616,546.1074856046065,64241,63861,42,521
64,480.88918206,673.9129287598944,64244,63864,55,379
64,483.2835365853658,630.2134146341464,64245,63865,56,328
64,555.2089844,668.5253906,64248,63868,53,512
64,559.1485355648535,683.6715481171548,64249,63869,54,478
64,511.48497854077254,635.5236051502146,64253,63873,45,233
64,582.8904109589041,576.7636986,64255,63875,57,584
64,542.6972789115646,601.748299319728,64256,63876,58,588
64,540.0780287474332,651.9034907597536,64265,63885,48,487
64,506.58085106382975,660.304255319149,64266,63886,62,470
64,585.6405063291139,605.5012658227848,64268,63888,63,395
64,578.7689969604863,630.5440729483282,64269,63889,64,329
65,462.45666666666665,495.22833333333335,64616,64228,59,600
65,491.89134125636673,475.6706281833616,64618,64230,60,589
65,519.1583578,468.7184750733138,64620,,66,341
65,543.3220338983051,461.271186440678,64621,64233,50,413
65,537.2955882352941,509.25,64624,64236,52,680
65,500.36526946107784,560.1297405189621,64627,64239,65,501
65,522.0881801125704,544.8499061913697,64629,64241,42,533
65,480.54545454545456,675.651948051948,64632,64244,55,385
65,483.43975903614455,627.3373493975904,64633,64245,56,332
65,555.463687150838,668.3296089385475,64636,64248,53,537
65,559.3841201716739,684.1416309012875,64637,64249,54,466
65,581.3931034482758,576.3931034482758,64643,64255,57,580
65,538.9796610169492,596.9610169491525,64644,64256,58,590
65,498.9441340782123,640.4189944134079,64646,64253,45,179
65,513.1428571428571,608.7465437788019,64647,,67,217
65,536.8914893617022,651.6914893617021,64653,64265,48,470
65,505.4909090909091,660.3434343434344,64654,64266,62,495
65,582.8770053475936,603.9385026737968,64656,64268,63,374
65,576.1978319783198,628.6720867208672,64657,64269,64,369
66,462.6435331230284,493.8659305993691,65004,64616,59,634
66,487.27351916376307,478.67770034843204,65006,64618,60,574
66,518.5062344139651,471.33167082294267,65008,64620,66,401
66,545.1105527638191,459.24120603015075,65009,64621,50,398
66,539.0374812593703,511.21889055472263,65012,64624,52,667
66,503.648,562.996,65015,64627,65,500
66,519.2149200710479,542.2042628774423,65017,64629,42,563
66,481.47340425531917,676.4973404255319,65020,64632,55,376
66,482.969696969697,626.8080808080808,65021,64633,56,297
66,557.3564547206165,666.5799614643545,65024,64636,53,519
66,560.162447257384,682.8059071729958,65025,64637,54,474
66,583.2421441774492,574.6414048059149,65031,64643,57,541
66,539.1631944444445,596.3975694444445,65032,64644,58,576
66,500.51209677419354,638.9314516129032,65034,64646,45,248
66,512.9107142857143,612.425,65035,64647,67,280
66,536.1777777777778,652.2747474747475,65041,64653,48,495
66,504.95106382978724,665.0702127659574,65042,64654,62,470
66,583.7433862433862,602.7460317460318,65044,64656,63,378
66,575.5153846153846,627.1435897435897,65045,64657,64,390
67,462.0183946488294,494.38795986622074,65392,65004,59,598
67,486.7647058823529,477.18339100000003,65394,65006,60,578
67,519.6518987341772,473.5590717299578,65396,65008,66,474
67,546.9050279329609,465.66201117318434,65397,65009,50,358
67,541.434074074074,514.8133333333333,65400,65012,52,675
67,503.2368932038835,560.4116504854369,65403,65015,65,515
67,518.1637323943662,539.4929577464789,65405,65017,42,568
67,483.56892230576443,680.1754385964912,65408,65020,55,399
67,484.7443365695793,625.6278317152104,65409,65021,56,309
67,558.2164750957854,665.5613026819924,65412,65024,53,522
67,560.4504310344828,682.239224137931,65413,65025,54,464
67,582.9592592592593,574.687037037037,65419,65031,57,540
67,538.526405451448,597.9420783645655,65420,65032,58,587
67,498.27607362000003,644.3435582822086,65422,65034,45,326
67,512.0915032679738,611.9509803921569,65423,65035,67,306
67,538.2262626262626,651.7414141414141,65429,65041,48,495
67,506.9870689655172,668.3103448275863,65430,65042,62,464
67,584.8697916666666,601.6510416666666,65432,65044,63,384
67,571.8863049095607,624.2894056847545,65433,65045,64,387
68,461.54330708661416,494.0992126,65779,65392,59,635
68,486.5160202360877,476.87858347386174,65781,65394,60,593
68,516.2576923076923,476.05384615384617,65783,65396,66,520
68,541.1297709923664,464.7379134860051,65784,65397,50,393
68,540.3550724637681,515.3463768115942,65787,65400,52,690
68,504.08015267175574,561.854961832061,65790,65403,65,524
68,519.3326693227092,543.6394422310757,65792,65405,42,502
68,485.0579345088161,680.5591939999999,65795,65408,55,397
68,486.69732938,623.6320474777448,65796,65409,56,337
68,556.5546075085324,665,65799,65412,53,586
68,565.1779661016949,682.6542372881356,65800,65413,54,590
68,581.8974358974359,574.7362637362637,65806,65419,57,546
68,539.7621527777778,601.2204861111111,65807,65420,58,576
68,493.1114206128134,643.8050139275766,65809,65422,45,359
68,513.6484149855908,610.207492795389,65810,65423,67,347
68,538.5686274509803,649.4481792717087,65816,65429,48,357
68,508.7842741935484,665.6068548387098,65817,65430,62,496
68,597.4927113702624,599.7259475218659,65819,65432,63,343
68,571.2338902147972,622.2362768,65820,65433,64,419
69,463.19009584664536,493.77635782747603,66166,65779,59,626
69,488.40734557595994,475.74624373956595,66168,65781,60,599
69,514.185606060606,477.04924242424244,66170,65783,66,528
69,541.3559322033898,465.5762711864407,66171,65784,50,413
69,540.6822157434402,516.3498542274052,66174,65787,52,686
69,490.01956522,560.4043478260869,66177,65790,65,460
69,517.0912621359223,543.6815533980582,66179,65792,42,515
69,486.00759493670887,680.7215189873418,66182,65795,55,395
69,484.32797427652736,625.4180064308682,66183,65796,56,311
69,555.8802488335925,664.959564541213,66186,65799,53,643
69,568.6291161178509,681.0675909878682,66187,65800,54,577
69,582.3327032136106,574.6767485822306,66193,65806,57,529
69,539.5199306759099,597.9514731369151,66194,65807,58,577
69,492.68404908,644.0184049079754,66196,65809,45,326
69,512.0581039755351,610.5810397553516,66197,65810,67,327
69,539.6343283582089,644.4975124378109,66203,65816,48,402
69,511.51277013752457,665.4440078585462,66204,65817,62,509
69,594.7918918918919,597.7648648648649,66206,65819,63,370
69,574.1770334928229,626.2942583732057,66207,65820,64,418
70,462.3220064724919,494.26860841423945,66553,66166,59,618
70,487.70364238410593,477.0496688741722,66555,66168,60,604
70,511.51063829787233,480.9414893617021,66557,66170,66,564
70,538.964509394572,465.3528183716075,66558,66171,50,479
70,539.9667149059335,516.0318379160636,66561,66174,52,691
70,481.007561436673,569.132325141777,66564,66177,65,529
70,516.2776735459662,544.5572232645403,66566,66179,42,533
70,484.4923076923077,682.2794871794872,66569,66182,55,390
70,484.51410658,624.6739811912225,66570,66183,56,319
70,556.2319277108434,665.3599397590361,66573,66186,53,664
70,569.4906303236797,681.7785349000001,66574,66187,54,587
70,583.6486486486486,575.69009009009,66580,66193,57,555
70,535.6527272727272,600.9327272727273,66581,66194,58,550
70,491.3342618384401,644.8523676880222,66583,66196,45,359
70,509.15844155844155,604.187013,66584,66197,67,385
70,540.2568578553617,639.216957605985,66590,66203,48,401
70,511.7226563,669.0449219,66591,66204,62,512
70,595.4489311163895,596.8741092636579,66593,66206,63,421
70,573.8450363196126,624.3075060532688,66594,66207,64,413
71,463.0870279146141,493.2463054187192,66940,66553,59,609
71,488.5736040609137,472.24534686971236,66942,66555,60,591
71,509.62307692307695,479.2019230769231,66944,66557,66,520
71,536.1694214876034,464.4235537190083,66945,66558,50,484
71,538.8975817923186,516.1507823613086,66948,66561,52,703
71,473.95764272559853,570.6906077348067,66951,66564,65,543
71,510.65849056603776,544.8867924528302,66953,66566,42,530
71,484.7506112469438,683.2102689486553,66956,66569,55,409
71,485.2283950617284,625.6481481481482,66957,66570,56,324
71,555.9522431259045,664.0014471780029,66960,66573,53,691
71,569.7272727272727,681.047077922078,66961,66574,54,616
71,581.4920353982301,574.762831858407,66967,66580,57,565
71,535.1288566243194,598.7731397459165,66968,66581,58,551
71,491.0683760683761,643.1623931623932,66970,66583,45,351
71,510.5720430107527,599.5225806451613,66971,66584,67,465
71,541.8655256723716,630.5599022,66977,66590,48,409
71,512.530612244898,667.6586270871985,66978,66591,62,539
71,594.9566326530612,593.8724489795918,66980,66593,63,392
71,576.3370535714286,623.6004464285714,66981,66594,64,448
72,466.45040650406503,494.6585365853658,67327,66940,59,615
72,491.6459731543624,471.56375838926175,67329,66942,60,596
72,510.3576158940397,481.67991169977927,67331,66944,66,453
72,538.0633946830266,464.55623722,67332,66945,50,489
72,539.3025936599424,515.0172910662824,67335,66948,52,694
72,470.78363636363633,577.5909090909091,67338,66951,65,550
72,508.64869888475835,542.1375464684015,67340,66953,42,538
72,486.0074626865672,684.2238805970148,67343,66956,55,402
72,487.88271604938274,623.645061728395,67344,66957,56,324
72,557.2906626506024,664.9834337349398,67347,66960,53,664
72,572.7911908646004,681.0766721044046,67348,66961,54,613
72,581.540834845735,573.8693284936479,67354,66967,57,551
72,535.8451178451178,595.0185185185185,67355,66968,58,594
72,491.1129943502825,642.9209039548023,67357,66970,45,354
72,509.3931623931624,598.4401709401709,67358,66971,67,468
72,543.7114093959732,628.4608501118569,67364,66977,48,447
72,513.4466911764706,667.8069852941176,67365,66978,62,544
72,592.2437185929648,596,67367,66980,63,398
72,574.7425149700599,625.9251497005988,67368,66981,64,334
73,464.9414556962025,494.41139241,67714,67327,59,632
73,490.1968085106383,471.31205673758865,67716,67329,60,564
73,505.74403470715833,486.23210412147506,67718,67331,66,461
73,532.361216730038,465.01140684410643,67719,67332,50,526
73,536.2964028776978,512.5726618705036,67722,67335,52,695
73,467.5735294117647,577.7738970588235,67725,67338,65,544
73,507.4442567567568,538.9510135135135,67727,67340,42,592
73,483.2118226600985,683.3965517241379,67730,67343,55,406
73,485.2052117263844,624.2638436482084,67731,67344,56,307
73,555.5414110429448,664.0659509202453,67734,67347,53,652
73,570.7924528301887,680.0990566037735,67735,67348,54,636
73,580.245704467354,574.6219931271478,67741,67354,57,582
73,533.4655737704918,592.7491803278689,67742,67355,58,610
73,491.30555555555554,641.8472222222222,67744,67357,45,360
73,504.73763440860216,598.4021505376344,67745,67358,67,465
73,543.089156626506,628.0771084337349,67751,67364,48,415
73,510.9657142857143,669.0247619047619,67752,67365,62,525
73,587.6432038834952,597.5412621359224,67754,67367,63,412
73,572.1453634085212,629.6065162907269,67755,67368,64,399
74,467.3672496025437,493.4658187599364,68101,67714,59,629
74,492.97746967071055,467.3951473136915,68103,67716,60,577
74,504.52358490566036,487.3679245283019,68105,67718,66,424
74,534.3033268101761,466.80821918,68106,67719,50,511
74,537.1819484240688,513.3782235,68109,67722,52,698
74,464.0300884955752,578.1451327433629,68112,67725,65,565
74,507.06468531468533,536.7325174825176,68114,67727,42,572
74,483.0286396181384,682.1073985680191,68117,67730,55,419
74,484.7934426229508,625.6163934426229,68118,67731,56,305
74,557.6079881656805,662.4304733727811,68121,67734,53,676
74,571.9769585253456,680.8294930875576,68122,67735,54,651
74,584.4730434782609,574.5739130434782,68128,67741,57,575
74,534.8918032786885,587.4540983606557,68129,67742,58,610
74,494.5054644808743,641.1174863387978,68131,67744,45,366
74,506.37654320987656,600.0082304526749,68132,67745,67,486
74,542.6353211009174,627.302752293578,68138,67751,48,436
74,513.4331450094162,669.276836158192,68139,67752,62,531
74,585.0671641791045,597.542288557214,68141,67754,63,402
74,573.9773755656108,627.5791855,68142,67755,64,442
75,468.21322314049587,491.95371900826444,68488,68101,59,605
75,493.64039408866995,466.5385878489327,68490,68103,60,609
75,505.3645320197044,487.30541871921184,68492,68105,66,406
75,534.7543520309478,465.1450676982592,68493,68106,50,517
75,537.7637906647808,513.6166902404526,68496,68109,52,707
75,462.30139373,578.3118466898954,68499,68112,65,574
75,505.2732142857143,535.3928571428571,68501,68114,42,560
75,483.2995169082126,681.9830917874397,68504,68117,55,414
75,486.7841945288754,623.90273556231,68505,68118,56,329
75,556.6077170418007,663.5498392282958,68508,68121,53,622
75,572.4818181818182,680.1984848484849,68509,68122,54,660
75,584.8434782608696,573.064347826087,68515,68128,57,575
75,532.8063973063973,584.5690235690236,68516,68129,58,594
75,496.01222494,641.7848410757946,68518,68131,45,409
75,503.609375,597.515625,68519,68132,67,512
75,541.075055187638,627.7417218543046,68525,68138,48,453
75,513.1138059701493,667.9850746268658,68526,68139,62,536
75,581.59,595.3425,68528,68141,63,400
75,571.1503579952267,626.9379474940334,68529,68142,64,419
76,468.65353038,494.81280788,68875,68488,59,609
76,494.35093167701865,466.1506211180124,68877,68490,60,644
76,507.87015945330296,490.79498861047836,68879,68492,66,439
76,533.4812734082398,465.5486891385768,68880,68493,50,534
76,538.206847360913,518.4479315263909,68883,68496,52,701
76,462.1259124087591,584.7974452554745,68886,68499,65,548
76,495.91744840525325,534.4934333958724,68888,68501,42,533
76,482.39845758354755,683.401028277635,68891,68504,55,389
76,484.56774193548387,622.0322580645161,68892,68505,56,310
76,555.3978494623656,666.4009216589861,68895,68508,53,651
76,571.9465648854962,681.9603053435114,68896,68509,54,655
76,583.5800344234079,574.5215146299483,68902,68515,57,581
76,531.6868852459016,586.1983606557377,68903,68516,58,610
76,495.94919168591224,642.136258660508,68905,68518,45,433
76,500.9092627599244,594.3610586011342,68906,68519,67,529
76,542.1405529953918,628.3364055299539,68912,68525,48,434
76,512.5465949820789,668.405017921147,68913,68526,62,558
76,578.2898550724638,596.1207729468599,68915,68528,63,414
76,570.4174311926606,629.4954128440368,68916,68529,64,436
77,469.23795620437954,494.80145985,69262,68875,59,685
77,495.08507223113963,465.21990369,69264,68877,60,623
77,508.01121076233187,490.5403587443946,69266,68879,66,446
77,532.6729678638942,465.19659735349717,69267,68880,50,529
77,538.0564399421129,518.2749638205499,69270,68883,52,691
77,457.4072727272727,590.4763636363637,69273,68886,65,550
77,489.38418079096044,529.3596986817325,69275,68888,42,531
77,481.712895377129,682.323601,69278,68891,55,411
77,484.4401294498382,623.5372168284789,69279,68892,56,309
77,556.4177852348994,666.3640939597315,69282,68895,53,596
77,572.080370942813,681.4389489953633,69283,68896,54,647
77,583.5233968804159,573.7192374350086,69289,68902,57,577
77,530.4705882352941,582.0847750865053,69290,68903,58,578
77,497.01735358,641.8134490238612,69292,68905,45,461
77,501.54234234234235,594.5891891891893,69293,68906,67,555
77,541.5228758169935,631.9934640522875,69299,68912,48,459
77,511.9139194139194,670.0018315018315,69300,68913,62,546
77,578.125641025641,593.9769230769231,69302,68915,63,390
77,570.453488372093,627.1558139534884,69303,68916,64,430
78,470.02392344497605,494.5566188197767,69642,69262,59,627
78,495.9921135646688,464.75867507886437,69644,69264,60,634
78,509.71655328798187,491.4557823129252,69646,69266,66,441
78,533.534749034749,463.58301158301157,69647,69267,50,518
78,538.8850574712644,518.2916666666666,69650,69270,52,696
78,453.78456014362655,594.6768402154398,69653,69273,65,557
78,482.13909774,528.5375939849624,69655,69275,42,532
78,482.3047619,682.1928571428571,69658,69278,55,420
78,483.93037974683546,623.8259493670886,69659,69279,56,316
78,562.2681660899655,662.4705882352941,69662,69282,53,578
78,572.422188,682.1294298921417,69663,69283,54,649
78,584.2118055555555,572.8298611111111,69669,69289,57,576
78,529.1085814360771,580.9334500875657,69670,69290,58,571
78,498.3525498891353,641.0731707317073,69672,69292,45,451
78,500.10223048327134,594.3587360594795,69673,69293,67,538
78,541.1912832929781,633.5835351089588,69679,69299,48,413
78,512.7675675675675,671.1153153153153,69680,69300,62,555
78,577.7809278350516,591.8144329896907,69682,69302,63,388
78,569.9296375266524,626.8017057569297,69683,69303,64,469
79,469.6217457886677,495.3460949464012,70014,69642,59,653
79,493.96875,459.540625,70016,69644,60,640
79,507.0221238938053,490.82079646,70018,69646,66,452
79,532.4686274509804,462.6313725490196,70019,69647,50,510
79,539.1350954478708,515.2246696035243,70022,69650,52,681
79,450.8879159369527,597.4255691768826,70025,69653,65,571
79,473.8260038240918,524.3001912045889,70027,69655,42,523
79,480.5724465558195,680.5249406175772,70030,69658,55,421
79,483.33438485804413,620.6624605678234,70031,69659,56,317
79,564.5221843003413,659.9778156996588,70034,69662,53,586
79,570.7858243451464,682.4314329738058,70035,69663,54,649
79,582.3231810490694,572.849407783418,70041,69669,57,591
79,526.9549248747913,579.2954924874791,70042,69670,58,599
79,497.27194860813705,641.0128479657387,70044,69672,45,467
79,496.94541910331384,593.3586744639376,70045,69673,67,513
79,539.695464362851,630.7408207343412,70051,69679,48,463
79,512.1620626151013,672.7053406998159,70052,69680,62,543
79,574.6958525345622,593.7073732718894,70054,69682,63,434
79,570.2651821862348,628.8218623481781,70055,69683,64,494
80,469.82802548,494.91242038,70386,70014,59,628
80,493.8684627575277,460.3217115689382,70388,70016,60,631
80,506.8747252747253,490.77362637362637,70390,70018,66,455
80,532.0543071161048,461.7247191,70391,70019,50,534
80,538.725321888412,515.5050071530758,70394,70022,52,699
80,447.3862433862434,603.3086419753087,70397,70025,65,567
80,467.86862745,521.2254901960785,70399,70027,42,510
80,479.66346153846155,679.8485576923076,70402,70030,55,416
80,482.7837837837838,624.2972972972973,70403,70031,56,296
80,567.1599353796446,658.7867528271406,70406,70034,53,619
80,570.0331753554502,683.6018957345972,70407,70035,54,633
80,582.7964601769911,573.5557522123894,70413,70041,57,565
80,526.1768953068593,576.202166064982,70414,70042,58,554
80,497.3333333333333,640.4831223628692,70416,70044,45,474
80,497.22898032200357,591.8783542039356,70417,70045,67,559
80,539.6924686192468,629.4853556485356,70423,70051,48,478
80,511.9477477477477,674.8108108108108,70424,70052,62,555
80,574.2488479262672,592.9308755760369,70426,70054,63,434
80,569.3777777777777,628.7313131313131,70427,70055,64,495
81,470.20283018867923,495.22641509433964,70758,70386,59,636
81,494.30279502999997,459.62577639751555,70760,70388,60,644
81,506.6393805309734,490.83849557522126,70762,70390,66,452
81,533.3382899628252,462.80669144981414,70763,70391,50,538
81,538.8367052023121,517.1661849710982,70766,70394,52,692
81,445.50515463917526,606.6769759450171,70769,70397,65,582
81,461.6943907156673,518.8317214700194,70771,70399,42,517
81,480.12582781456956,682.1898454746137,70774,70402,55,453
81,482.0298013245033,622.523178807947,70775,70403,56,302
81,569.727115716753,658.5854922279793,70778,70406,53,579
81,570.0388802488336,685.1384136858476,70779,70407,54,643
81,582.6230636833046,573.8502581755594,70785,70413,57,581
81,526.694885361552,574.7636684303351,70786,70414,58,567
81,497.51731160896134,640.9531568228106,70788,70416,45,491
81,497.54640980735553,590.1751313485114,70789,70417,67,571
81,539.5800415800416,627.4033264033264,70795,70423,48,481
81,512.9801084990959,675.1211573,70796,70424,62,553
81,574.9572072072071,593.6644144144144,70798,70426,63,444
81,571.7718550106609,629.8294243070362,70799,70427,64,469
82,470.28050713153726,496.797147385103,71130,70758,59,631
82,493.2609375,460.215625,71132,70760,60,640
82,507.69330453563714,490.97408207343415,71134,70762,66,463
82,531.8768656716418,463.57835820895525,71135,70763,50,536
82,538.7815384615385,516.9353846153846,71138,70766,52,650
82,438.5204582651391,610.9918166939443,71141,70769,65,611
82,450.63786764705884,514.9797794117648,71143,70771,42,544
82,480.8268792710706,683.7357630979499,71146,70774,55,439
82,481.16382252559725,622.9044368600682,71147,70775,56,293
82,570.9795918367347,657.3061224489795,71150,70778,53,588
82,570.1615384615385,685.9261538461539,71151,70779,54,650
82,582.6043771043771,573.459595959596,71157,70785,57,594
82,522.1581818181818,572.8927272727273,71158,70786,58,550
82,496.4494845360825,641.8762886597938,71160,70788,45,485
82,495.5971978984238,588.0753064798599,71161,70789,67,571
82,539.472647702407,628.8446389496718,71167,70795,48,457
82,513.6425992779783,674.7111913357401,71168,70796,62,554
82,575.1125827814569,593.673289183223,71170,70798,63,453
82,569.5818540433925,629.7869822485206,71171,70799,64,507
83,470.6127450980392,495.3071895424837,71502,71130,59,612
83,494.9397217928903,460.0030911901082,71504,71132,60,647
83,509.4138655462185,511.61344537815125,71506,,68,476
83,532.256880733945,464.59816513761467,71507,71135,50,545
83,538.4913544668588,512.5778097982709,71510,71138,52,694
83,432.82958199356915,615.5916398713827,71513,71141,65,622
83,450.6218181818182,513.8927272727273,71515,71143,42,550
83,482.9956521739131,683.6,71518,71146,55,460
83,479.4169381107492,619.5602605863193,71519,71147,56,307
83,574.1364392678869,654.242928452579,71522,71150,53,601
83,571.2094488188976,684.5685039370078,71523,71151,54,635
83,583.3339041095891,570,71529,71157,57,584
83,524.1125198098257,569.1521394611727,71530,71158,58,631
83,494.7726358148893,641.9517102615694,71532,71160,45,497
83,495.84822934232716,586.0033726812817,71533,71161,67,593
83,539.6972281449894,629.9936034115138,71539,71167,48,469
83,514.253164556962,674.2278481012659,71540,71168,62,553
83,577.7699316628701,589.751708428246,71542,71170,63,439
83,568.9375,628.171875,71543,71171,64,512
84,470.48026315789474,495.8338815789474,71874,71502,59,608
84,492.4774494556765,461.1057542768274,71876,71504,60,643
84,496.1776315789474,535.5279605263158,71878,,69,608
84,530.7582417582418,465.9871794871795,71879,71507,50,546
84,539.6404040404041,517.0242424242424,71882,71510,52,495
84,428.18979266347685,619.2535885167464,71885,71513,65,627
84,452.4217081850534,515.5462633451957,71887,71515,42,562
84,481.878587196468,687.3245033112582,71890,71518,55,453
84,477.69102990033224,619.4485049833887,71891,71519,56,301
84,573.9084745762711,653.3677966101695,71894,71522,53,590
84,569.6814024390244,685.2759146341464,71895,71523,54,656
84,577.527731092437,569.4941176470588,71901,71529,57,595
84,522.2835314091681,570.2597623089982,71902,71530,58,589
84,492.0482897384306,642.0221327967806,71904,71532,45,497
84,493.796875,585.9756944444445,71905,71533,67,576
84,537.9633620689656,630.2629310344828,71911,71539,48,464
84,513.410934744268,675.0846560846561,71912,71540,62,567
84,577.2358079,590.5676855895197,71914,71542,63,458
84,566.2713755,629.0185873605948,71915,71543,64,538
85,472.4442595673877,495.85357737104823,72246,71874,59,601
85,493.8107692307692,459.9646153846154,72248,71876,60,650
85,485.49264705882354,555.1,72250,,70,680
85,529.9068100358422,468.921146953405,72251,71879,50,558
85,425.80511182108626,622.0527156549521,72257,71885,65,626
85,458.9297012302285,518.6133567662566,72259,71887,42,569
85,481.90987124000003,686.5150214592275,72262,71890,55,466
85,476.9183673469388,619.5850340136054,72263,71891,56,294
85,575.1049180327868,652.1409836065574,72266,71894,53,610
85,569.7480680061824,685.6352395672334,72267,71895,54,647
85,575.6346801346801,568.6212121212121,72273,71901,57,594
85,519.6048780487805,566.8959349593496,72274,71902,58,615
85,491.972,641.99,72276,71904,45,500
85,490.15437392795883,585.7993138936536,72277,71905,67,583
85,536.606,630.79,72283,71911,48,500
85,512.6949458483755,673.9115523465704,72284,71912,62,554
85,579.7204081632653,591.0693877551021,72286,71914,63,490
85,566.7926605504588,629.5504587155963,72287,71915,64,545
85,549.4689265536723,515.8135593220339,72289,71882,52,177
85,515.4739884393064,519.2080924855492,72290,,71,173
86,472.98397435897436,496.28205128205127,72618,72246,59,624
86,494.56134969325154,460.49233128834356,72620,72248,60,652
86,492.02680965147454,562.5630026809652,72622,72250,70,746
86,531.0213903743315,468.41889483065955,72623,72251,50,561
86,425.1632,623.4608000000001,72629,72257,65,625
86,456.7230769230769,518.131623931624,72631,72259,42,585
86,483.68052516411376,687.0306345733042,72634,72262,55,457
86,478.31325301,618.9939759036145,72635,72263,56,332
86,574.4612903225807,653.1725806451614,72638,72266,53,620
86,570.2003081664099,685.4391371340523,72639,72267,54,649
86,575.54,568.84,72645,72273,57,600
86,518.2409836065574,565.639344262295,72646,72274,58,610
86,492.55151515151516,643.088888888889,72648,72276,45,495
86,490.492673992674,588.1227106227107,72649,72277,67,546
86,537.5461847389558,631.6305220883535,72655,72283,48,498
86,513.4534050179211,674.4121863799282,72656,72284,62,558
86,582.2129817444219,590.9898580121703,72658,72286,63,493
86,567.7115384615385,628.9108391608391,72659,72287,64,572
86,547.2929688,516.0078125,72661,72289,52,256
86,514.1423611111111,506.24305555555554,72662,72290,71,288
87,473.05654281098543,496.36187399030695,73007,72618,59,619
87,493.9832317073171,461.3506097560976,73009,72620,60,656
87,501.4745547073791,561.4503816793894,73011,72622,70,786
87,531.4723707664884,468.0499108734403,73012,72623,50,561
87,423.4789391575663,624.6146645865834,73018,72629,65,641
87,453.4558058925477,514.4852686308492,73020,72631,42,577
87,484.30962343096235,686.9623430962342,73023,72634,55,478
87,476.59800664451825,620.6943521594685,73024,72635,56,301
87,574.7895595,653.1957585644373,73027,72638,53,613
87,569.906584992343,685.4640122511485,73028,72639,54,653
87,575.3939899833056,568.3756260434056,73034,72645,57,599
87,521.2912087912088,565.7747252747253,73035,72646,58,364
87,492.5424063116371,643.5128205128206,73037,72648,45,507
87,490.7274401473296,587.4033149171271,73038,72649,67,543
87,536.6626506024096,631.8594378,73044,72655,48,498
87,514.053448275862,674.4327586206896,73045,72656,62,580
87,583.4192872117401,590.6121593291405,73047,72658,63,477
87,566.2206654991244,628.9894921190893,73048,72659,64,571
87,546.2673611111111,514.3611111111111,73050,72661,52,288
87,513.2485207100592,509.0325443786982,73051,72662,71,338
88,468.09966777408636,495.8222591362126,73396,73007,59,602
88,493.4409090909091,461.02575757575755,73398,73009,60,660
88,502.9815817984832,565.8223185265439,73400,73011,70,923
88,531.4875444839857,468.69395017793596,73401,73012,50,562
88,421.93798449612405,626.460465116279,73407,73018,65,645
88,446.74280879864637,511.95939086294413,73409,73020,42,591
88,482.64329896907213,686.719587628866,73412,73023,55,485
88,476.0900900900901,618.3993993993994,73413,73024,56,333
88,576.0488188976378,651.503937007874,73416,73027,53,635
88,569.2641509433962,685.7484277,73417,73028,54,636
88,574.0065573770491,568.1737704918032,73423,73034,57,610
88,519.6446540880503,565.4622641509434,73424,73035,58,318
88,491.26104417670683,645.8694779116465,73426,73037,45,498
88,487.67660550458714,587.105504587156,73427,73038,67,436
88,536.017094017094,631.6175213675214,73433,73044,48,468
88,512.9787610619469,672.8053097345132,73434,73045,62,565
88,582.2748414376322,592.7653276955602,73436,73047,63,473
88,565.6254237288135,629.5016949152542,73437,73048,64,590
88,546.8463768115942,517.2550724637681,73439,73050,52,345
88,509.55853658536586,507.48536585365855,73440,73051,71,410
89,468.6035398230089,496.98584071,73785,73396,59,565
89,494.1833590138675,460.9291217257319,73787,73398,60,649
89,506.8431876606684,562.2352185089974,73789,73400,72,778
89,533.5793103448276,466.09482758620686,73790,73401,50,580
89,419.7963525835866,628.855623100304,73796,73407,65,658
89,441.3018549747049,508.9713322091062,73798,73409,42,593
89,484.19913419913416,686.6255411255411,73801,73412,55,462
89,477.5514018691589,620.8909657320872,73802,73413,56,321
89,578.4711388455538,649.5741029641185,73805,73416,53,641
89,569.8046511627907,684.6945736434109,73806,73417,54,645
89,575.3204508856683,567.9291465378421,73812,73423,57,621
89,511.48571428571427,547.7666666666667,73813,73400,73,210
89,491.99603174603175,646.436507936508,73815,73426,45,504
89,489.47792706333973,584.5623800383877,73816,73427,67,521
89,536.963906581741,627.995753715499,73822,73433,48,471
89,515.5742397137747,672.2397137745975,73823,73434,62,559
89,584.1593291404612,591.937106918239,73825,73436,63,477
89,564.4403973509934,629.9486754966888,73826,73437,64,604
89,548.1902439024391,517.9756097560976,73828,73439,52,410
89,508.3957345971564,509.07109004739334,73829,73440,71,422
90,467.54063018242124,498.56053067993366,74174,73785,59,603
90,495.46072508,462.0181268882175,74176,73787,60,662
90,488.97661365762394,544.7698783910196,74178,,74,1069
90,535.6785079928952,461.5861456483126,74179,73790,50,563
90,415.62518740629685,631.9715142428786,74185,73796,65,667
90,434.7775974,504.5876623376623,74187,73798,42,616
90,484.80462185,688.6911764705883,74190,73801,55,476
90,475.05232558139534,617.3837209302326,74191,73802,56,344
90,579.1424242424242,648.6227272727273,74194,73805,53,660
90,569.1483771251932,685.3817619783617,74195,73806,54,647
90,578.2596153846154,568.7099358974359,74201,73812,57,624
90,511.5412667946257,558.3953934740882,74202,73789,72,521
90,491.0297619,647.7103174603175,74204,73815,45,504
90,487.55041322,584.3702479338842,74205,73816,67,605
90,535.7897959183674,629.7673469387755,74211,73822,48,490
90,514.702166064982,673.4711191,74212,73823,62,554
90,582.8141962421712,592.830897703549,74214,73825,63,479
90,562.4644012944984,631.2653721682848,74215,73826,64,618
90,550.554565701559,522.1514476614699,74217,73828,52,449
90,510.2933884297521,511.8471074380165,74218,73829,71,484
91,466.90954773869345,497.6147403685092,74563,74174,59,597
91,496.8995433789954,460.0350076103501,74565,74176,60,657
91,494.18693693693695,556.115990990991,74567,74178,74,888
91,536.273368606702,459.88183421516754,74568,74179,50,567
91,414.5609022556391,634.0255639097744,74575,74185,65,665
91,431.7177419354839,501.8322580645161,74576,74187,42,620
91,488.6194690265487,690.8539823,74579,74190,55,452
91,475.12820512820514,618.8429487179487,74580,74191,56,312
91,580.1203703703704,646.5679012345679,74583,74194,53,648
91,569.2136075949368,685.8591772151899,74584,74195,54,632
91,579.671009771987,569.1058631921824,74590,74201,57,614
91,513.792828685259,557.0916334661355,74591,74202,72,251
91,490.81213307240705,648.2054794520548,74593,74204,45,511
91,484.01926444833623,583.4553415061296,74594,74205,67,571
91,534.5041322314049,627.2995867768595,74600,74211,48,484
91,515.6987295825771,671.9745916515426,74601,74212,62,551
91,583.1785714285714,593.2043650793651,74603,74214,63,504
91,563.1033333333334,631.11,74604,74215,64,600
91,551.1576673866091,520.6738660907127,74606,74217,52,463
91,510.4103092783505,513.839175257732,74607,74218,71,485
0,908.9643435980552,908.1004862236629,80076,,81,617
0,928.9816513761468,935.2293577981651,80086,,82,545
0,892.9450980392157,1053.6176470588234,80094,,83,510
0,928.3742331288344,1058.7586912,80098,,84,489
0,943.1946902654868,1017.2367256637168,80102,,85,452
0,954.1855421686747,1039.2048192771085,80112,,86,415
1,908.7487922705313,908.3768115942029,80442,80076,81,621
1,928.5667938931298,935.7080152671756,80452,80086,82,524
1,893.8650190114068,1052.9410646387832,80460,80094,83,526
1,928.9902534113061,1059.3762183235867,80464,80098,84,513
1,943.6174757281553,1019.9320388349515,80468,80102,85,515
1,958.1137440758293,1039.4170616113745,80478,80112,86,422
2,908.4156626506024,911.0135542168675,80808,80442,81,664
2,928.1570093457944,937.9028037383177,80818,80452,82,535
2,892.865275142315,1053.2087286527515,80826,80460,83,527
2,927.5778210116731,1060.0252918287938,80830,80464,84,514
2,941.6378986866791,1022.5984990619137,80834,80468,85,533
2,958.8108747044918,1040.1229314420805,80844,80478,86,423
3,910.7360703812317,912.0938416422288,81174,80808,81,682
3,929.3441226575809,939.5706984667802,81184,80818,82,587
3,892.9784560143627,1051.9982046678635,81192,80826,83,557
3,927.6983240223464,1059.4040968342645,81196,80830,84,537
3,943.5250463821892,1018.4935064935065,81200,80834,85,539
3,959.0866510538642,1038.032786885246,81210,80844,86,427
4,910.6752136752136,913.1125356125356,81540,81174,81,702
4,931.0226086956521,944.224347826087,81550,81184,82,575
4,890.8998035363458,1049.0294695481336,81558,81192,83,509
4,924.8175438596492,1059.9122807017543,81562,81196,84,570
4,943.936170212766,1018.7429078014184,81566,81200,85,564
4,959.9357429718875,1036.4618473895582,81576,81210,86,498
5,910.4311543810849,913.5424200278164,81906,81540,81,719
5,929.9417122040072,947.6010928961748,81916,81550,82,549
5,892.0506108202443,1048.696335078534,81924,81558,83,573
5,928.4401993355482,1056.2923588039866,81928,81562,84,602
5,949.6557971014493,1014.4003623188406,81932,81566,85,552
5,976.5,1025.546052631579,81944,81576,87,152
5,950.3893805309734,1038.4867256637167,81945,81576,88,113
6,908.516452074392,911.8769670958512,82272,81906,81,699
6,933.9483394833949,948.4630996309963,82282,81916,82,542
6,896.10294118,1050.638888888889,82290,81924,83,612
6,931.1860036832412,1064.3075506445673,82294,81928,84,543
6,952.2754716981132,1013.722641509434,82298,81932,85,530
6,975.707509881423,1026.6363636363635,82310,81944,87,253
6,950.4308300395257,1042.8260869565217,82311,81945,88,253
7,911.2363387978143,911.5,82638,82272,81,732
7,931.0650684931506,947.6181506849315,82648,82282,82,584
7,894.4504065040651,1050.3772357723578,82656,82290,83,615
7,929.9849749582638,1070.0016694490819,82660,82294,84,599
7,947.2890484739677,1017.5385996409336,82664,82298,85,557
7,976.7859531772575,1023.0401337792642,82676,82310,87,299
7,952.3,1045.735294117647,82677,82311,88,340
8,909.1476063829787,911.75,83004,82638,81,752
8,933.4173622704508,943.6777963,83014,82648,82,599
8,895.8,1049.7015625,83022,82656,83,640
8,930.2066772655007,1068.7138314785375,83026,82660,84,629
8,960.0254237288136,998.7118644067797,83032,,89,118
8,934.3852459016393,1017.483606557377,83033,82664,85,122
8,974.9407407407407,1023.1925925925926,83042,82676,87,405
8,950.6375661375662,1042.436507936508,83043,82677,88,378
9,906.9076086956521,911.5801630434783,83370,83004,81,736
9,932.8888888888889,942.2550860719875,83380,83014,82,639
9,894.5479041916168,1054.3562874251497,83388,83022,83,668
9,933.1302325581396,1076.1596899224805,83392,83026,84,645
9,955.6609686609686,1001.917378917379,83398,83032,89,351
9,932.0967741935484,1024.6693548387098,83399,83033,85,248
9,977.2863436123348,1021.3942731277533,83408,83042,87,454
9,949.2265060240964,1047.0578313253013,83409,83043,88,415
10,904.2427983539095,909.0727023319616,83733,83370,81,729
10,931.4485294117646,940.2132352941177,83743,83380,82,680
10,894.7585185185185,1053.674074074074,83751,83388,83,675
10,935.9334341906202,1077.6853252647504,83755,83392,84,661
10,956.7797927,1002.0777202072538,83761,83398,89,386
10,928.3148788927335,1029.3148788927335,83762,83399,85,289
10,982.2362768,1016.7947494033413,83771,83408,87,419
10,953.0524017467249,1043.82096069869,83772,83409,88,458
11,904.7551299589603,906.8659370725034,84107,83733,81,731
11,930.2875175315568,938.8373071528752,84117,83743,82,713
11,895.9719626168225,1052.0155763239875,84125,83751,83,642
11,937.0014836795252,1075.3961424332344,84129,83755,84,674
11,959.6575,1001.81,84135,83761,89,400
11,926.6063218390805,1033.7758620689656,84136,83762,85,348
11,984.9099756690998,1015.3576642335767,84145,83771,87,411
11,951.914606741573,1038.379775280899,84146,83772,88,445
12,893.3494623655914,908.1935483870968,84481,84107,81,558
12,923.7233748271093,936.554633471646,84491,84117,82,723
12,893.84122137,1052.6946564885495,84499,84125,83,655
12,936.6796407185628,1076.7050898203593,84503,84129,84,668
12,958.609375,1000.8035714285714,84509,84135,89,448
12,919.6390374331551,1044.2272727272727,84510,84136,85,374
12,985.9521640091116,1010.2915717539863,84519,84145,87,439
12,952.0703624733476,1039.4434968017058,84520,84146,88,469
13,910.8325791855203,901.9547511312217,84857,84481,90,221
13,881.90410959,902.1780821917808,84858,84481,91,219
13,922.143661971831,937.3112676056338,84865,84491,82,710
13,894.9451851851852,1052.3674074074074,84873,84499,83,675
13,939.4686567164179,1077.1820895522387,84877,84503,84,670
13,956.9206349206349,1000.2471655328798,84883,84509,89,441
13,920.2910052910053,1044.6851851851852,84884,84510,85,378
13,987.3716814159292,1008.0442477876106,84893,84519,87,452
13,954.102766798419,1036.5375494071145,84894,84520,88,506
14,912.8391167192428,893.7917981072555,85231,84857,90,317
14,882.8590604026846,900.6375838926175,85232,84858,91,298
14,929.6473779385171,951.5443037974684,85239,84865,82,553
14,894.719298245614,1052.7587719298244,85247,84873,83,684
14,940.578125,1079.2585227272727,85251,84877,84,704
14,955.6084337349398,1000.4779116465863,85257,84883,89,498
14,919.3017902813299,1048.7519181585678,85258,84884,85,391
14,984.6961206896551,1009.7801724137931,85267,84893,87,464
14,951.6772277227723,1040.7326732673268,85268,84894,88,505
15,911.989247311828,894.239247311828,85605,85231,90,372
15,880.295652173913,900.6608695652174,85606,85232,91,345
15,915.6171003717473,922.1598513011153,85615,,92,269
15,934.1534090909091,946.7386363636364,85616,85239,82,352
15,894.3478260869565,1053.0420757363254,85621,85247,83,713
15,943.5159944367176,1077.5368567454798,85625,85251,84,719
15,952.4331983805669,1004.917004,85631,85257,89,494
15,918.8859223300971,1051.9271844660193,85632,85258,85,412
15,985.4232456140351,1005.9013157894736,85641,85267,87,456
15,952.0797546,1043.638036809816,85642,85268,88,489
16,913.9274611398964,895.4844559585492,85971,85605,90,386
16,882.1648648648649,898.5891891891891,85972,85606,91,370
16,920.4620462046205,915.4191419141914,85981,85615,92,303
16,935.3681592039801,949.2412935323383,85982,85616,82,402
16,896.1373937677054,1054.0240793201133,85987,85621,83,706
16,943.8011363636364,1077.2485795454545,85991,85625,84,704
16,953.3978723404255,1003.7148936170213,85997,85631,89,470
16,920.7072072072071,1046.6891891891892,85998,85632,85,444
16,985.5010752688172,1007.7505376344086,86007,85641,87,465
16,952.5651260504202,1044.5063025210084,86008,85642,88,476
17,913.4380530973451,893.0884955752213,86337,85971,90,452
17,884.85861183,900.4498714652956,86338,85972,91,389
17,921.9709302325582,913.6860465116279,86347,85981,92,344
17,935.0985576923076,949.6081730769231,86348,85982,82,416
17,894.45844875,1054.371191135734,86353,85987,83,722
17,942.8948824343015,1079.5325034578145,86357,85991,84,723
17,957.5960698689956,1002.0524017467249,86363,85997,89,458
17,920.3196544276458,1046.1943844492441,86364,85998,85,463
17,983.1016597510373,1012.844398340249,86373,86007,87,482
17,948.8948545861298,1048.4608501118569,86374,86008,88,447
18,914.5496688741722,891.1810154525386,86718,86337,90,453
18,882.9302325581396,898.0645994832041,86719,86338,91,387
18,920.1917404129794,911.330383480826,86728,86347,92,339
18,934.4419753,949.3135802469136,86729,86348,82,405
18,891.6224627875507,1056.4776725304466,86734,86353,83,739
18,944.0078226857888,1079.511082138201,86738,86357,84,767
18,953.9785407725321,1004.0858369098712,86744,86363,89,466
18,918.3258928571429,1040.127232142857,86745,86364,85,448
18,981.700205338809,1009.0616016427105,86754,86373,87,487
18,942.649667405765,1050.8558758314855,86755,86374,88,451
19,922.9502262443439,890.552036199095,87093,86718,90,442
19,886.109756097561,898.3073170731707,87094,86719,91,410
19,920.5350140056022,911.8711484593838,87103,86728,92,357
19,933.5668103448276,945.239224137931,87104,86729,82,464
19,893.13672922,1055.9678284182305,87109,86734,83,746
19,944.7320261437908,1080.5777777777778,87113,86738,84,765
19,955.8571428571429,999.7824175824176,87119,86744,89,455
19,920.6773455377574,1039.091533180778,87120,86745,85,437
19,982.1071428571429,1008.436507936508,87129,86754,87,504
19,945.0288248337029,1052.4412416851442,87130,86755,88,451
20,920.7142857142857,890.6866359447005,87468,87093,90,434
20,883.7037914691944,892.7890995260664,87469,87094,91,422
20,917.2317073170732,910.4829268292683,87478,87103,92,410
20,929.7583187390543,944.737302977233,87479,87104,82,571
20,893.59403372,1055.3463035019456,87484,87109,83,771
20,945.7984084880636,1080.896551724138,87488,87113,84,754
20,953.3528089887641,1002.0247191011235,87494,87119,89,445
20,918.3685393258427,1042.6764045,87495,87120,85,445
20,981.810707456979,1008.3862332695985,87504,87129,87,523
20,943.0154867256638,1052.1969026548672,87505,87130,88,452
21,916.366729678639,887.0567107750472,87843,87468,90,529
21,881.6556701030928,893.7051546391752,87844,87469,91,485
21,917.5927505330491,913.72921108742,87853,87478,92,469
21,921.1025641025641,950.7124542124542,87854,87479,82,546
21,893.3754940711462,1052.4097496706192,87859,87484,83,759
21,944.5459387483355,1080.2902796271637,87863,87488,84,751
21,956.8708920187794,997.8239436619718,87869,87494,89,426
21,917.5340909090909,1042.3590909090908,87870,87495,85,440
21,979.4587737843551,1016.2727272727273,87879,87504,87,473
21,943.1721854304635,1050.326710816777,87880,87505,88,453
22,918.1486988847583,891.3289962825279,88218,87843,90,538
22,880.7301324503311,893.3874172185431,88219,87844,91,604
22,924.7478448275862,922.9762931034483,88228,87853,92,464
22,915.2737642585552,958.7851711026616,88229,87854,82,526
22,891.8834196891191,1052.979274611399,88234,87859,83,772
22,946.2321899736148,1080.3535620052771,88238,87863,84,758
22,957.6659436008676,999.1301518438178,88244,87869,89,461
22,915.75,1043.4322916666667,88245,87870,85,384
22,980.2942386831276,1016.2510288065844,88254,87879,87,486
22,939.9265033407572,1050.5077951002227,88255,87880,88,449
23,915.7689463955637,887.5526802218114,88593,88218,90,541
23,874.66104553,894.4198988195616,88594,88219,91,593
23,932.4795918367347,920.6285714285714,88603,88228,92,490
23,915.678392,956.9363484087103,88604,88229,82,597
23,891.4708798017348,1052.3023543990087,88609,88234,83,807
23,946.3700887198986,1079.6451204055766,88613,88238,84,789
23,962.3351648351648,1003.3882783882784,88619,88244,89,546
23,914.0514138817481,1046.80205655527,88620,88245,85,389
23,985.5866050808314,1017.3233256351039,88629,88254,87,433
23,940.3940042826553,1048.8286937901498,88630,88255,88,467
24,914.729537366548,888.040925266904,88975,88593,90,562
24,874.8139534883721,894.6744186046511,88976,88594,91,602
24,933.5953878406708,917.4318658280922,88985,88603,92,477
24,916.414976599064,954.4227769110764,88986,88604,82,641
24,893.5195460277428,1050.2395964691048,88991,88609,83,793
24,948.8071135430916,1081.4541723666212,88995,88613,84,731
24,961.5825242718447,1002.7805825242718,89001,88619,89,515
24,915.2732919254659,1047.1273291925465,89002,88620,85,322
24,985.5040322580645,1017.1149193548388,89011,88629,87,496
24,942.1974789915967,1047.4012605042017,89012,88630,88,476
25,907.9,888.7254237288136,89357,88975,90,590
25,871.5401337792642,893.6521739130435,89358,88976,91,598
25,932.2333333333333,918.5294117647059,89367,88985,92,510
25,911.6666666666666,954.7018348623853,89368,88986,82,654
25,891.6838046272494,1051.0938303341902,89373,88991,83,778
25,947.9184210526316,1080.628947368421,89377,88995,84,760
25,961.4259999999999,1003.266,89383,89001,89,500
25,913.0825396825397,1047.4888888888888,89384,89002,85,315
25,982.1805273833671,1021.6409736308317,89393,89011,87,493
25,939.3453093812375,1046.4730538922156,89394,89012,88,501
26,908.6808905380334,886.595547309833,89740,89357,90,539
26,873.34925865,896.4184514003294,89741,89358,91,607
26,932.9823529411765,915.8509803921569,89750,89367,92,510
26,911.8262150220913,955.558173784978,89751,89368,82,679
26,892.2404580152672,1051.998727735369,89756,89373,83,786
26,947.9421487603306,1079.564738292011,89760,89377,84,726
26,963.8827038,997.9502982107356,89766,89383,89,503
26,914.7166666666667,1044.513888888889,89767,89384,85,360
26,980.2013129102845,1026.770240700219,89776,89393,87,457
26,939.6757813,1044.5449219,89777,89394,88,512
27,915.657091561939,887.310592459605,90123,89740,90,557
27,876.2581168831168,895.5113636363636,90124,89741,91,616
27,935.056092843327,917.1914893617021,90133,89750,92,517
27,912.5555555555555,956.9729729729729,90134,89751,82,666
27,896.7421777221527,1049.8235294117646,90139,89756,83,799
27,947.1518518518519,1078.7395061728396,90143,89760,84,810
27,968.8278689,993.9549180327868,90149,89766,89,488
27,918.6446991404011,1043.1833810888252,90150,89767,85,349
27,979.8594704684317,1027.9490835,90159,89776,87,491
27,943.0377733598409,1044.0536779324057,90160,89777,88,503
28,916.3044217687075,883.0527210884354,90506,90123,90,588
28,874.3972602700001,895.2414383561644,90507,90124,91,584
28,937.7518796992481,915.3082706766918,90516,90133,92,532
28,912.2172619047619,956.3258928571429,90517,90134,82,672
28,894.4942675159235,1049.0675159235668,90522,90139,83,785
28,946.9145860709593,1081.3377135348226,90526,90143,84,761
28,965.7880085653105,991.6188436830835,90532,90149,89,467
28,916.9142091152816,1043.9034852546918,90533,90150,85,373
28,978.1847826086956,1025.3659420289855,90542,90159,87,552
28,941.3179190751446,1044.8574181117533,90543,90160,88,519
29,915.7135922330096,874.205501618123,90889,90506,90,618
29,876.0178571428571,893.5844155844156,90890,90507,91,616
29,938.5334685598377,910.8417849898581,90899,90516,92,493
29,914.7324749642346,953.0529327610873,90900,90517,82,699
29,894.24847001,1050.8776009791923,90905,90522,83,817
29,947.1966292134831,1082.0463483146068,90909,90526,84,712
29,961.9332096474953,990.6307977736549,90915,90532,89,539
29,917.0877192982456,1044.3801169590643,90916,90533,85,342
29,977.7842003853565,1026.0828516377649,90925,90542,87,519
29,941.7562862669246,1046.2147001934236,90926,90543,88,517
30,919.0831973898858,872.4502446982056,91272,90889,90,613
30,876.9284552845528,893.42601626,91273,90890,91,615
30,935.1441947565543,911.6872659,91282,90899,92,534
30,913.9665271966527,952.6555090655509,91283,90900,82,717
30,896.1622276029055,1051.4370460048426,91288,90905,83,826
30,946.8424657534247,1081.2785388127854,91292,90909,84,438
30,961.7377938517179,991.9330922242315,91298,90915,89,553
30,919.8229508196721,1039.2098360655737,91299,90916,85,305
30,977.8761384335155,1026.249544626594,91308,90925,87,549
30,943.0087912087912,1047.2021978021978,91309,90926,88,455
31,922.1565074135091,874.8912685337726,91655,91272,90,607
31,878.5889570552147,894.069018404908,91656,91273,91,652
31,936.4950690335306,916.3865877712032,91665,91282,92,507
31,913.2771739130435,952.6739130434783,91666,91283,82,736
31,893.62451108,1050.6245110821383,91671,91288,83,767
31,961.1947565543071,1081.0411985018727,91677,91292,93,267
31,933.292490118577,1082.7628458498025,91678,91292,94,253
31,960.8912655971479,992.5329768270944,91681,91298,89,561
31,916.5317220543807,1042.6858006042296,91682,91299,85,331
31,976.0051813471503,1028.2987910189984,91691,91308,87,579
31,940.826883910387,1050.3808553971487,91692,91309,88,491
32,924.5176848874598,875.927652733119,92038,91655,90,622
32,879.8511278195489,895.0676691729324,92039,91656,91,665
32,934.8615071283095,917.5865580448066,92048,91665,92,491
32,912.5116279069767,954.1805745554036,92049,91666,82,731
32,890.8571428571429,1049.084126984127,92054,91671,83,630
32,962.3056478405315,1085.750830564784,92060,91677,93,301
32,937.8924731182796,1087.616487455197,92061,91678,94,279
32,961.1494464944649,992.3985239852399,92064,91681,89,542
32,917.7783505154639,1040.3505154639174,92065,91682,85,388
32,976.2238010657194,1030.7353463587922,92074,91691,87,563
32,942.171206225681,1053.1614785992217,92075,91692,88,514
33,924.8395270270271,876.456081081081,92421,92038,90,592
33,879.6745913818722,894.3863298662704,92422,92039,91,673
33,935.1259842519685,917.8740157480315,92431,92048,92,508
33,913.6270718232045,953.8218232044198,92432,92049,82,724
33,887.7792706333973,1054.3608445297505,92437,92054,83,521
33,961.6964285714286,1080.0535714285716,92443,92060,93,336
33,937.2679738562092,1089.0947712418301,92444,92061,94,306
33,961.6641509433962,990.1150943396226,92447,92064,89,530
33,915.4360730593608,1037.445205479452,92448,92065,85,438
33,975.7088607594936,1031.3146473779384,92457,92074,87,553
33,941.5659656,1053.0114722753347,92458,92075,88,523
34,924.7723440134907,876.7942664418213,92804,92421,90,593
34,878.2876923076923,894.74769231,92805,92422,91,650
34,933.7148936170213,919.4510638297872,92814,92431,92,470
34,913.124833997344,955.1181938911022,92815,92432,82,753
34,883.4412698412698,1072.1619047619047,92822,92437,95,315
34,889.9302325581396,1040.607235142119,92823,92437,96,387
34,962.9467005076142,1080.46192893401,92826,92443,93,394
34,937.6510067114094,1090.0436241610737,92827,92444,94,298
34,963.931338028169,990.7218309859155,92830,92447,89,568
34,915.552995391705,1040.447004608295,92831,92448,85,434
34,976.2196078431373,1033.8176470588235,92840,92457,87,510
34,941.3824057450629,1053.1526032315978,92841,92458,88,557
35,926.8956661316212,877.454253611557,93187,92804,90,623
35,881.1233082706767,894.6947368421053,93188,92805,91,665
35,933.8977505112474,920.2188139059305,93197,92814,92,489
35,915.1122994652407,954.066844919786,93198,92815,82,748
35,885.1032258064516,1068.3225806451612,93205,92822,95,310
35,893.2923076923076,1038.2092307692308,93206,92823,96,325
35,963.5520581113801,1079.9007263922517,93209,92826,93,413
35,939.7,1091.3,93210,92827,94,350
35,965.9588550999999,991.1824686940965,93213,92830,89,559
35,916.0114678899083,1040.6123853211009,93214,92831,85,436
35,977.0124555160143,1032.4163701067616,93223,92840,87,562
35,940.7979452054794,1052.9469178082193,93224,92841,88,584
36,927.529702970297,878.4422442244224,93570,93187,90,606
36,881.2737920937043,894.6603221083456,93571,93188,91,683
36,931.5896907216495,921.7319587628866,93580,93197,92,485
36,915.4587765957447,954.9933510638298,93581,93198,82,752
36,884.3475783475783,1069.5868945868947,93588,93205,95,351
36,894.4849397590361,1038.801204819277,93589,93206,96,332
36,963.3015521064301,1079.7827050997782,93592,93209,93,451
36,939.3406940063091,1088.4447949526814,93593,93210,94,317
36,964.9535655058044,991.7363184079602,93596,93213,89,603
36,916.8974943052392,1040.6628701594532,93597,93214,85,439
36,976.5047801147227,1032.3059273422562,93606,93223,87,523
36,940.3821292775665,1055.2889733840304,93607,93224,88,526
37,927.7794871794872,877.9880341880341,93953,93570,90,585
37,882.09224012,895.2650073206443,93954,93571,91,683
37,933.0165631469979,920.6314699792961,93963,93580,92,483
37,916.3478835978835,954.7089947089947,93964,93581,82,756
37,882.53477218,1069.8585131894483,93971,93588,95,417
37,889.7213114754098,1038.4918032786886,93972,93589,96,366
37,965.3478260869565,1081.4323671497584,93975,93592,93,414
37,939.4511494252873,1092.5114942528735,93976,93593,94,348
37,965.8369565217391,989.9239130434783,93979,93596,89,552
37,919.8649155722327,1037.9324577861164,93980,93597,85,533
37,977,1033.2768670309654,93989,93606,87,549
37,942.3978494623656,1057.8118279569892,93990,93607,88,558
38,928.4010067114094,876.0385906040268,94319,93953,90,596
38,881.4918759231905,895.0118168389956,94320,93954,91,677
38,929.9013806706114,920.6153846153846,94329,93963,92,507
38,914.9815546772069,953.3833992094861,94330,93964,82,759
38,883.5700934579439,1069.1191588785045,94337,93971,95,428
38,887.2035398230089,1037.0176991150443,94338,93972,96,339
38,962.6470588235294,1081.5882352941176,94341,93975,93,425
38,936.081081081081,1088.6,94342,93976,94,370
38,962.8201680672269,991.2302521008403,94345,93979,89,595
38,919.9404761904761,1035.7777777777778,94346,93980,85,504
38,976.0567107750472,1033.9546313799622,94355,93989,87,529
38,939.155109489051,1055.3211678832117,94356,93990,88,548
39,929.4317406143344,877.122866894198,94699,94319,90,586
39,880.6847507331379,893.782991202346,94700,94320,91,682
39,930.0930232558139,921.4263565891473,94709,94329,92,516
39,914.4172099087353,953.232073011734,94710,94330,82,767
39,882.3381294964029,1070.390887290168,94717,94337,95,417
39,885.10447761,1038.3164179104479,94718,94338,96,335
39,961.119305856833,1080.9501084598699,94721,94341,93,461
39,937.0437158469945,1091.4972677595629,94722,94342,94,366
39,963.5657051282051,992.2660256410256,94725,94345,89,624
39,919.499001996008,1032.5429141716568,94726,94346,85,501
39,973.973880597015,1034.7873134328358,94735,94355,87,536
39,937.4442508710802,1055.9494773519164,94736,94356,88,574
40,928.3204047217538,877.2984822934233,95079,94699,90,593
40,881.7805232558139,896.265988372093,95080,94700,91,688
40,929.470802919708,921.0802919708029,95089,94709,92,548
40,914.6503311258278,954.2450331125827,95090,94710,82,755
40,881.7477064220184,1069.5779816513761,95097,94717,95,436
40,888.7456647398844,1035.849710982659,95098,94718,96,346
40,959.80375782881,1083.4237995824635,95101,94721,93,479
40,934.4679665738162,1096.1727019498608,95102,94722,94,359
40,962.6416,995.6112,95105,94725,89,625
40,921.3326885880077,1035.4119922630562,95106,94726,85,517
40,975.0788954635109,1034.8816568047337,95115,94735,87,507
40,938.7043918918919,1060.1283783783783,95116,94736,88,592
41,930.619298245614,875.3631578947368,95459,95079,90,570
41,884.2116788321168,893.6540145985401,95460,95080,91,685
41,930.2206405693951,918.6832740213523,95469,95089,92,562
41,915.5303430079156,953.1833773087071,95470,95090,82,758
41,883.0861678004535,1066.5011337868482,95477,95097,95,441
41,888.1666666666666,1037.2142857142858,95478,95098,96,336
41,961.0438756855576,1079.4314442413163,95481,95101,93,547
41,937.4899497487437,1097.2010050251256,95482,95102,94,398
41,962.6186046511627,995.1875968992248,95485,95105,89,645
41,920.0229445506692,1035.6959847036328,95486,95106,85,523
41,977.6984402079722,1031.7417677642982,95495,95115,87,577
41,941.1384364820847,1055.5570033,95496,95116,88,614
42,929.8350168350169,879.2895622895622,95839,95459,90,594
42,883.3656597774245,893.5182829888712,95840,95460,91,629
42,932.534516765286,917.3451676528599,95849,95469,92,507
42,918.0104849279161,953.2726081258191,95850,95470,82,763
42,881.703196347032,1071.0639269406392,95857,95477,95,438
42,887.5745341614906,1035.6397515527951,95858,95478,96,322
42,958.2898550724638,1081.9316770186335,95861,95481,93,483
42,938.3308457711443,1099.1169154228855,95862,95482,94,402
42,960.6094224924012,997.3237082066869,95865,95485,89,658
42,921.0946196660482,1033.5194805194806,95866,95486,85,539
42,978.3819188191882,1034.138376383764,95875,95495,87,542
42,940.2702265372168,1056.784789644013,95876,95496,88,618
43,928.625816993464,878.6715686274509,96223,95839,90,612
43,882.8002853067047,893.3552068473609,96224,95840,91,701
43,930.5186640471513,917.475442,96233,95849,92,509
43,915.1172413793104,951.9406896551724,96234,95850,82,725
43,881.4947368421052,1070.9894736842105,96241,95857,95,475
43,887.31092437,1037.81512605042,96242,95858,96,357
43,957.6993736951983,1079.9018789,96245,95861,93,479
43,942.1888888888889,1097.5555555555557,96246,95862,94,360
43,958.3095238095239,999.578869047619,96249,95865,89,672
43,919.768953068592,1032.21119133574,96250,95866,85,554
43,976.0671641791045,1032.92723880597,96259,95875,87,536
43,938.6041308089501,1057.5955249569706,96260,95876,88,581
44,927.7274220032841,876.7504105099999,96607,96223,90,609
44,880.0283582089552,893.631343283582,96608,96224,91,670
44,930.1600753295669,916.4915254237288,96617,96233,92,531
44,915.2104575163398,953.3124183006536,96618,96234,82,765
44,878.1137724550898,1073.3353293413174,96625,96241,95,501
44,883.43380282,1036.6901408450703,96626,96242,96,355
44,957.5153256704981,1078.5,96629,96245,93,522
44,940.4749340369393,1095.693931398417,96630,96246,94,379
44,960.5462822,997.8907435508346,96633,96249,89,659
44,917.3471223021583,1032.4046762589928,96634,96250,85,556
44,980.5721925133689,1031.1051693404634,96643,96259,87,561
44,937.8154574132492,1055.916403785489,96644,96260,88,634
45,930.1702508960574,875.8333333333334,96991,96607,90,558
45,880.0414814814815,893.0948148148148,96992,96608,91,675
45,927.4423791821562,917.0371747211896,97001,96617,92,538
45,911.1040609137056,951.1408629441624,97002,96618,82,788
45,878.4733475479744,1071.7100213219617,97009,96625,95,469
45,886.9047619,1033.9732142857142,97010,96626,96,336
45,955.4275092936803,1081.078066914498,97013,96629,93,538
45,940.4923076923077,1098.7820512820513,97014,96630,94,390
45,960.7347242921013,998.140089418778,97017,96633,89,671
45,916.7227191413238,1031.9731663685152,97018,96634,85,559
45,983.5246800731261,1027.396709323583,97027,96643,87,547
45,936.3900481540932,1056.2471910112358,97028,96644,88,623
46,929.2508250825083,877.3498349834983,97371,96991,90,606
46,881.6011904761905,893.6964285714286,97372,96992,91,672
46,930.3410852713179,915.9883720930233,97381,97001,92,516
46,912.8367609254499,951.1606683804628,97382,97002,82,778
46,880.9478957915832,1070.2745490981965,97389,97009,95,499
46,886.5701492537313,1033.2149253731343,97390,97010,96,335
46,955.7636022514071,1078.9774859287054,97393,97013,93,533
46,942.2890025575448,1097.0409207161124,97394,97014,94,391
46,961.6698717948718,996.9375,97397,97017,89,624
46,917.57326007326,1031.7326007326008,97398,97018,85,546
46,983.2767402,1024.7402376910018,97407,97027,87,589
46,937.1392,1055.9744,97408,97028,88,625
47,926.0306451612903,876.5629032258064,97751,97371,90,620
47,879.1566820276498,892.9124423963134,97752,97372,91,651
47,929.8289241622575,913.5308641975308,97761,97381,92,567
47,911.9821656050956,952.8624203821656,97762,97382,82,785
47,878.3910505836576,1071.8171206225682,97769,97389,95,514
47,886.779552715655,1035.664536741214,97770,97390,96,313
47,953.9614678899082,1079.0366972477063,97773,97393,93,545
47,944.7831325301205,1097.0602409638554,97774,97394,94,415
47,961.1378737541528,995.6760797342192,97777,97397,89,602
47,915.8974358974359,1031.8168498168498,97778,97398,85,546
47,983.4055459272097,1021.4003466204506,97787,97407,87,577
47,932.9611650485436,1057.6229773462783,97788,97408,88,618
48,928.7607260726072,876.9191419141914,98131,97751,90,606
48,881.561377245509,893.4790419161677,98132,97752,91,668
48,930.4109090909091,916.0327272727272,98141,97761,92,550
48,912.8867684478372,953.4338422391858,98142,97762,82,786
48,878.7828571428571,1072.5009523809524,98149,97769,95,525
48,886.0651465798046,1030.9185667752442,98150,97770,96,307
48,956.4442413162706,1076.7586837294332,98153,97773,93,547
48,947.8880952380953,1095.8404761904762,98154,97774,94,420
48,963.7490774907749,989.5793357933579,98157,97777,89,271
48,917.5714285714286,1031.7641996557659,98158,97778,85,581
48,986.5583756345178,1016.5313028764806,98167,97787,87,591
48,932.9366306027821,1057.7836166924267,98168,97788,88,647
49,927.6952224052718,876.841845140033,98511,98131,90,607
49,876.8836424957841,892.5615514333896,98512,98132,91,593
49,930.8666666666667,913.8285714285714,98521,98141,92,525
49,914.2073324905183,953.4601769911504,98522,98142,82,791
49,878.6447876447876,1073.2953667953668,98529,98149,95,518
49,885.75932203,1030.0813559322035,98530,98150,96,295
49,956.5229202037351,1074.8726655348048,98533,98153,93,589
49,948.658371040724,1094.8687783,98534,98154,94,442
49,916.9930191972077,1030.9528795811518,98538,98158,85,573
49,975.4431818181818,978.5909090909091,98540,98157,97,264
49,964.3555555555556,1007.5851851851852,98541,98157,98,270
49,986.8531952,1014.7443868739206,98547,98167,87,579
49,928.7515151515152,1059.539393939394,98548,98168,88,660
50,936.5053995680346,872.6717062634989,98891,98511,90,463
50,877.4117647058823,893.8609625668449,98892,98512,91,374
50,929.281195079086,913.6959578207382,98901,98521,92,569
50,914.0825,950.8362500000001,98902,98522,82,800
50,880.009633911368,1073.1059730250481,98909,98529,95,519
50,887.3478260869565,1031.3210702341137,98910,98530,96,299
50,958.3156089193825,1074.6312178,98913,98533,93,583
50,949.65625,1095.1674107142858,98914,98534,94,448
50,918.1485809682805,1031.6110183639398,98918,98538,85,599
50,971.2788944723618,982.9095477386935,98920,98540,97,398
50,952.6871508379888,1005.8491620111731,98921,98541,98,358
50,984.9268680445151,1015.0270270270271,98927,98547,87,629
50,929.4646153846154,1061.3507692307692,98928,98548,88,650
51,939.7213114754098,875.2224824355972,99276,98891,90,427
51,873.0173611111111,903.0902777777778,99278,98892,99,288
51,881.7073954983923,879.3086816720257,99280,98892,100,311
51,929.4321608040201,911.0368509212731,99286,98901,92,597
51,915.0831202046036,954.8260869565217,99287,98902,82,782
51,880.1338582677165,1074.484251968504,99294,98909,95,508
51,887.0378548895899,1033,99295,98910,96,317
51,957.2820945945946,1073.9273648648648,99298,98913,93,592
51,946.7617021276595,1094.8595744680852,99299,98914,94,470
51,917.4027072758038,1033.2148900169204,99303,98918,85,591
51,971.9188544152745,982.7040572792363,99305,98920,97,419
51,950.4896551724138,1009.5471264367816,99306,98921,98,435
51,982.0710743801653,1017.7454545454545,99312,98927,87,605
51,926.4884696016771,1065.0587002096436,99313,98928,88,477
52,874.3151125401929,904.9935691318328,99663,99278,99,311
52,881.15838509,879.0372670807453,99665,99280,100,322
52,920.3851132686084,859.4012944983818,99667,,101,309
52,941.328947368421,883.8355263157895,99668,99276,90,304
52,929.4847512038523,908.2471910112359,99671,99286,92,623
52,915.774025974026,953.1584415584416,99672,99287,82,770
52,880.2711198428291,1073.6286836935167,99679,99294,95,509
52,887.3427672955975,1028.6729559748428,99680,99295,96,318
52,956.7064846416382,1073.0460750853242,99683,99298,93,586
52,946.1257731958763,1093.2742268041238,99684,99299,94,485
52,914.6730769230769,1033.6608391608393,99688,99303,85,572
52,971.1778290993071,984.242494226328,99690,99305,97,433
52,947.7982646420824,1017.6789587852495,99691,99306,98,461
52,981.2227342549924,1016.7219662058371,99697,99312,87,651
52,932.0571428571428,1053.9571428571428,99700,99313,88,140
52,910.741935483871,1078.2129032258065,99701,,102,155
53,873.3096446700507,903.6370558375635,100048,99663,99,394
53,878.84375,880.3607954545455,100050,99665,100,352
53,915.9201277955272,860.073482428115,100052,99667,101,313
53,940.6836734693877,882.9149659863946,100053,99668,90,294
53,929.3282828282828,909.3131313131313,100056,99671,92,594
53,913.4702233250621,950.4032258064516,100057,99672,82,806
53,877.272,1073.908,100064,99679,95,500
53,886.9415584415584,1029.4935064935064,100065,99680,96,308
53,955.6379928315412,1071.1218637992831,100068,99683,93,558
53,947.2345679012345,1091.5288065843622,100069,99684,94,486
53,913.3812056737588,1035.1418439716313,100073,99688,85,564
53,972.4851936218679,982.3029612756264,100075,99690,97,439
53,944.6021276595745,1021.304255319149,100076,99691,98,470
53,978.2238095238096,1018.184126984127,100082,99697,87,630
53,932.4204545454545,1060.844697,100085,99700,88,264
53,907.5826446280992,1083.3677685950413,100086,99701,102,242
54,871.844705882353,900.5952941176471,100428,100048,99,425
54,884.4432432432433,885.2378378378378,100430,100050,100,370
54,918.643598615917,857.159169550173,100432,100052,101,289
54,938.276397515528,884.8819875776397,100433,100053,90,322
54,932.9730769230769,914.9596153846154,100436,100056,92,520
54,914.1735218508998,951.8804627249358,100437,100057,82,778
54,880.2842105263157,1072.6105263157895,100444,100064,95,475
54,888.7689873417721,1030.613924050633,100445,100065,96,316
54,957.8297491039426,1071.116487455197,100448,100068,93,558
54,947.7495291902071,1092.1224105461392,100449,100069,94,531
54,916.0663265306123,1034.0816326530612,100453,100073,85,588
54,978.0063025210084,985.59243697479,100455,100075,97,476
54,948.9834024896265,1016.2053941908714,100456,100076,98,482
54,978.4776386404294,1024.5295169946332,100462,100082,87,559
54,934.7875,1061.43125,100465,100085,88,320
54,906.6283783783783,1084.4797297297298,100466,100086,102,296
55,870.9977924944812,901.4613686534217,100808,100428,99,453
55,884.0227272727273,886.9181818181818,100810,100430,100,440
55,920.9646302250803,860.8070739549839,100812,100432,101,311
55,937.6600566572238,883.1303116147309,100813,100433,90,353
55,930.1610486891386,912.0823970037453,100816,100436,92,534
55,913.7096774193549,950.2311827956989,100817,100437,82,744
55,881.22653061,1070.2469387755102,100824,100444,95,490
55,891.1702127659574,1027.465045592705,100825,100445,96,329
55,957.890625,1070.576388888889,100828,100448,93,576
55,950.1297709923664,1091.8568702290077,100829,100449,94,524
55,915.9236111111111,1033.2309027777778,100833,100453,85,576
55,987.9701834862385,989.3784403669724,100835,100455,97,436
55,955.6615087040619,1010.2882011605416,100836,100456,98,517
55,978.516129032258,1023.594470046083,100842,100462,87,217
55,935.3506097560976,1059.841463414634,100845,100465,88,328
55,904.4518072289156,1083.6445783,100846,100466,102,332
56,871.7123552099999,901.515444015444,101188,100808,99,518
56,885.9547413793103,887.2801724137931,101190,100810,100,464
56,919.9902912621359,860.5728155339806,101192,100812,101,309
56,939.906626506024,881.72891566,101193,100813,90,332
56,932.2621185,912.8617594254937,101196,100816,92,557
56,911.4312320916905,953.4957020057307,101197,100817,82,698
56,881.4386317907445,1066.7404426559356,101204,100824,95,497
56,890.1070336391438,1027.4006116207952,101205,100825,96,327
56,957.2964285714286,1070.192857142857,101208,100828,93,560
56,949.609576427256,1091.366482504604,101209,100829,94,543
56,915.4461538461538,1032.3333333333333,101213,100833,85,585
56,987.4018867924528,984.5547169811321,101215,100835,97,530
56,957.5903165735568,1015.3891992551211,101216,100836,98,537
56,933.5925925925926,1057.7777777777778,101225,100845,88,351
56,902.9141274238227,1082.5983379501386,101226,100846,102,361
56,986.9612068965517,1008.7801724137931,101228,100842,103,232
56,970.4881516587677,1036.1421800947867,101229,100842,104,211
57,872.532,903.152,101568,101188,99,500
57,881.6601731601731,884.6731601731601,101570,101190,100,462
57,921.7739938080496,863.65944272,101572,101192,101,323
57,941.5225988700565,879.72316384,101573,101193,90,354
57,934.0427631578948,913.1842105263158,101576,101196,92,608
57,912.9078014184397,958.4728132387706,101577,101197,82,423
57,881.0875912408759,1065.4184914841849,101584,101204,95,411
57,888.6052631578948,1032.938596491228,101585,101205,96,342
57,958.6842105263158,1069.6701754385965,101588,101208,93,570
57,948.6118881118881,1091.8583916083917,101589,101209,94,572
57,915.330985915493,1033.9559859154929,101593,101213,85,568
57,985.3903743315508,984.8128342245989,101595,101215,97,561
57,954.7274436090225,1014.7105263157895,101596,101216,98,532
57,935.2542787286063,1055.9364303178484,101605,101225,88,409
57,902.6891891891892,1082.4756756756756,101606,101226,102,370
57,988.5240384615385,1008.5817307692307,101608,101228,103,208
57,974.6689655172414,1034.5344827586207,101609,101229,104,290
58,870.2523540489642,903.9114877589454,101948,101568,99,531
58,881.5875486381323,886.2140077821011,101950,101570,100,514
58,923.5771428571429,866.2,101952,101572,101,350
58,942.3447368421052,879.18421053,101953,101573,90,380
58,938.6003490401396,919.6492146596859,101956,101576,92,573
58,896.0980392156863,941.7205882352941,101959,,105,204
58,923.9950248756219,959.9353233830846,101961,101577,82,201
58,877.8333333333334,1062.8227513227514,101964,101584,95,378
58,884.2916666666666,1030.2916666666667,101965,101585,96,336
58,956.5794701986755,1069.6523178807947,101968,101588,93,604
58,947.4091710758378,1091.7601410934744,101969,101589,94,567
58,912.7090301003344,1035.7642140468226,101973,101593,85,598
58,990.3948339483395,984.8025830258302,101975,101595,97,542
58,956.2234848484849,1011.3693181818182,101976,101596,98,528
58,934.7244444444444,1054.2911111111111,101985,101605,88,450
58,900.9111675126903,1081.774111675127,101986,101606,102,394
58,994.3665338645418,1012.2509960159363,101988,101608,103,251
58,973.6205673758866,1033.3652482269504,101989,101609,104,282
59,870.7078651685393,904.6629213483146,102328,101948,99,534
59,877.697628458498,884.6422924901186,102330,101950,100,506
59,917.086387434555,861.9659685863875,102332,101952,101,382
59,947.1831683168317,873.4331683168317,102333,101953,90,404
59,937.6186579378069,920.6153846153846,102336,101956,92,611
59,892.3032069970845,947.7376093294461,102339,101959,105,343
59,923.6685236768802,958.7632311977716,102341,101961,82,359
59,878.4773269689738,1062.546539379475,102344,101964,95,419
59,887.3061889250814,1030.0032573289902,102345,101965,96,307
59,958.0513698630136,1069.849315068493,102348,101968,93,584
59,947.3153456998314,1091.7133220910623,102349,101969,94,593
59,914.2362344582593,1033.6323268206038,102353,101973,85,563
59,988.1564748201439,983.3039568345324,102355,101975,97,556
59,955.0583657587549,1004.535019455253,102356,101976,98,514
59,935.3917995444192,1053.382687927107,102365,101985,88,439
59,901.5037593984962,1081.122807017544,102366,101986,102,399
59,992.9833333333333,1011.8433333333334,102368,101988,103,300
59,970.8064516129032,1035.6193548387096,102369,101989,104,310
60,863.6419294990724,902.5361781076067,102708,102328,99,539
60,882.3717693836978,885.6679920477137,102710,102330,100,503
60,914.507972665148,861.9362186788155,102712,102332,101,439
60,947.1005586592179,870.6843575418994,102713,102333,90,358
60,940.83676703645,918.9080824088749,102716,102336,92,631
60,893.5538847117795,951.1203007518798,102719,102339,105,399
60,925.1912832929783,960.5520581113801,102721,102341,82,413
60,876.9187817258883,1063.2411167512691,102724,102344,95,394
60,888.0093457943925,1031.6230529595016,102725,102345,96,321
60,957.9405594405595,1068.8968531468531,102728,102348,93,572
60,947.8076285240464,1090.4908789386402,102729,102349,94,603
60,911.8257713248639,1035.7350272232304,102733,102353,85,551
60,985.1436170212766,984.5460992907801,102735,102355,97,564
60,952.6624775583483,1002.5008976660682,102736,102356,98,557
60,936.8615702479339,1046.9070247933885,102745,102365,88,484
60,900.5724137931035,1082.5747126436781,102746,102366,102,435
60,994.9651162790698,1011.1773255813953,102748,102368,103,344
60,969.6228070175439,1036.0555555555557,102749,102369,104,342
61,864.7072727272728,901.2381818181818,103088,102708,99,550
61,888.8418079096045,883.2448210922787,103090,102710,100,531
61,920.0869565217391,857.5815217391305,103092,102712,101,368
61,947.0870712401055,871.0158311345647,103093,102713,90,379
61,941.7492354740061,915.9525993883792,103096,102716,92,654
61,894.319612590799,954.4600484261501,103099,102719,105,413
61,929.162291169451,961.6825775656325,103101,102721,82,419
61,877.9230769230769,1068.0079575596817,103104,102724,95,377
61,880.6439169139466,1033.341246290801,103105,102725,96,337
61,958.6258064516129,1067.8129032258064,103108,102728,93,620
61,949.8694915254238,1089.371186440678,103109,102729,94,590
61,910.4007029876977,1036.0931458699472,103113,102733,85,569
61,982.008347245409,986.0100166944908,103115,102735,97,599
61,947.7137745974956,1004.0268336314848,103116,102736,98,559
61,940.6824742268041,1046.7896907216495,103125,102745,88,485
61,902.9590361445784,1081.187951807229,103126,102746,102,415
61,992.4588528678304,1009.5486284289277,103128,102748,103,401
61,972.8523076923077,1036.1753846153847,103129,102749,104,325
62,863.6080139372822,899.2456445993031,103468,103088,99,574
62,889.6501831501831,881.5201465201466,103470,103090,100,546
62,925.3215339233038,850.1297935103245,103472,103092,101,339
62,941.4352078239609,869.643031784841,103473,103093,90,409
62,940.3791044776119,911.0268656716418,103476,103096,92,670
62,895.2379958246347,954.2588727,103479,103099,105,479
62,930.6805251641138,956.3522975929978,103481,103101,82,457
62,876.6327543424318,1068.8957816377172,103484,103104,95,403
62,882.7193548387097,1032.5225806451613,103485,103105,96,310
62,958.667870036101,1066.0108303249099,103488,103108,93,554
62,948.0605042016807,1087.2285714285715,103489,103109,94,595
62,910.5,1035.6666666666667,103493,103113,85,522
62,980.6059544658494,980.0105078809107,103495,103115,97,571
62,945.9351535836178,1006.0307167235495,103496,103116,98,586
62,937.4156626506024,1050.9979919678715,103505,103125,88,498
62,901.9164619164619,1079.4299754299755,103506,103126,102,407
62,989.2708860759494,1008.6455696202531,103508,103128,103,395
62,970.6939393939394,1036.6424242424243,103509,103129,104,330
63,864.5100548446069,898.65447898,103848,103468,99,547
63,888.341726618705,879.8830935251799,103850,103470,100,556
63,930.9721448467967,846.7465181058495,103852,103472,101,359
63,940.1418918918919,870.5225225225225,103853,103473,90,444
63,936.9097744360902,909.2015037593985,103856,103476,92,665
63,897.0943396226415,957.0859538784067,103859,103479,105,477
63,930.6673640167364,949.4602510460251,103861,103481,82,478
63,876.8197115384615,1068.6802884615386,103864,103484,95,416
63,884.3548387096774,1030.8354838709677,103865,103485,96,310
63,956.3351851851852,1068.1703703703704,103868,103488,93,540
63,954.7440944881889,1086.8976377952756,103869,103489,94,508
63,913.5349716446125,1033.1285444234404,103873,103493,85,529
63,981.5639730639731,981.0387205387206,103875,103495,97,594
63,944.3946037099495,1002.2276559865093,103876,103496,98,593
63,940.1876208897486,1050.5570599613152,103885,103505,88,517
63,903.2380952380952,1070.7683982683982,103886,103506,102,462
63,987.2688442211055,1008.7236180904522,103888,103508,103,398
63,973.6925373134328,1033.976119402985,103889,103509,104,335
64,862.6593959731543,895.6308724832215,104228,103848,99,596
64,891.7911504424778,877.1982300884956,104230,103850,100,565
64,932.2219451371571,844.6209476309227,104232,103852,101,401
64,948.0279329608938,868.1899441340782,104233,103853,90,358
64,936.8970149253731,907.3731343283582,104236,103856,92,670
64,899.5132924335378,958.1370143149284,104239,103859,105,489
64,927.1324376199616,946.1074856046065,104241,103861,82,521
64,880.8891820599999,1073.9129287598944,104244,103864,95,379
64,883.2835365853658,1030.2134146341464,104245,103865,96,328
64,955.2089844,1068.5253906,104248,103868,93,512
64,959.1485355648535,1083.6715481171548,104249,103869,94,478
64,911.4849785407725,1035.5236051502145,104253,103873,85,233
64,982.8904109589041,976.7636986,104255,103875,97,584
64,942.6972789115646,1001.748299319728,104256,103876,98,588
64,940.0780287474332,1051.9034907597536,104265,103885,88,487
64,906.5808510638298,1060.304255319149,104266,103886,102,470
64,985.6405063291139,1005.5012658227848,104268,103888,103,395
64,978.7689969604863,1030.5440729483282,104269,103889,104,329
65,862.4566666666667,895.2283333333334,104616,104228,99,600
65,891.8913412563668,875.6706281833616,104618,104230,100,589
65,919.1583578,868.7184750733138,104620,,106,341
65,943.3220338983051,861.271186440678,104621,104233,90,413
65,937.2955882352941,909.25,104624,104236,92,680
65,900.3652694610778,960.1297405189621,104627,104239,105,501
65,922.0881801125704,944.8499061913697,104629,104241,82,533
65,880.5454545454545,1075.651948051948,104632,104244,95,385
65,883.4397590361446,1027.3373493975903,104633,104245,96,332
65,955.463687150838,1068.3296089385476,104636,104248,93,537
65,959.3841201716739,1084.1416309012875,104637,104249,94,466
65,981.3931034482758,976.3931034482758,104643,104255,97,580
65,938.9796610169492,996.9610169491525,104644,104256,98,590
65,898.9441340782123,1040.4189944134077,104646,104253,85,179
65,913.1428571428571,1008.7465437788019,104647,,107,217
65,936.8914893617022,1051.6914893617022,104653,104265,88,470
65,905.4909090909091,1060.3434343434344,104654,104266,102,495
65,982.8770053475936,1003.9385026737968,104656,104268,103,374
65,976.1978319783198,1028.6720867208671,104657,104269,104,369
66,862.6435331230284,893.8659305993691,105004,104616,99,634
66,887.273519163763,878.677700348432,105006,104618,100,574
66,918.5062344139651,871.3316708229427,105008,104620,106,401
66,945.1105527638191,859.2412060301508,105009,104621,90,398
66,939.0374812593703,911.2188905547226,105012,104624,92,667
66,903.648,962.996,105015,104627,105,500
66,919.2149200710479,942.2042628774423,105017,104629,82,563
66,881.4734042553191,1076.497340425532,105020,104632,95,376
66,882.969696969697,1026.8080808080808,105021,104633,96,297
66,957.3564547206165,1066.5799614643545,105024,104636,93,519
66,960.162447257384,1082.8059071729958,105025,104637,94,474
66,983.2421441774492,974.6414048059149,105031,104643,97,541
66,939.1631944444445,996.3975694444445,105032,104644,98,576
66,900.5120967741935,1038.9314516129032,105034,104646,85,248
66,912.9107142857143,1012.425,105035,104647,107,280
66,936.1777777777778,1052.2747474747475,105041,104653,88,495
66,904.9510638297872,1065.0702127659574,105042,104654,102,470
66,983.7433862433862,1002.7460317460318,105044,104656,103,378
66,975.5153846153846,1027.1435897435897,105045,104657,104,390
67,862.0183946488294,894.3879598662207,105392,105004,99,598
67,886.7647058823529,877.183391,105394,105006,100,578
67,919.6518987341772,873.5590717299579,105396,105008,106,474
67,946.9050279329609,865.6620111731844,105397,105009,90,358
67,941.434074074074,914.8133333333333,105400,105012,92,675
67,903.2368932038835,960.4116504854369,105403,105015,105,515
67,918.1637323943662,939.4929577464789,105405,105017,82,568
67,883.5689223057644,1080.1754385964912,105408,105020,95,399
67,884.7443365695793,1025.6278317152103,105409,105021,96,309
67,958.2164750957854,1065.5613026819924,105412,105024,93,522
67,960.4504310344828,1082.2392241379312,105413,105025,94,464
67,982.9592592592593,974.687037037037,105419,105031,97,540
67,938.526405451448,997.9420783645655,105420,105032,98,587
67,898.27607362,1044.3435582822085,105422,105034,85,326
67,912.0915032679738,1011.9509803921569,105423,105035,107,306
67,938.2262626262626,1051.7414141414142,105429,105041,88,495
67,906.9870689655172,1068.3103448275863,105430,105042,102,464
67,984.8697916666666,1001.6510416666666,105432,105044,103,384
67,971.8863049095607,1024.2894056847545,105433,105045,104,387
68,861.5433070866142,894.0992126,105779,105392,99,635
68,886.5160202360877,876.8785834738617,105781,105394,100,593
68,916.2576923076923,876.0538461538462,105783,105396,106,520
68,941.1297709923664,864.737913486005,105784,105397,90,393
68,940.3550724637681,915.3463768115942,105787,105400,92,690
68,904.0801526717557,961.854961832061,105790,105403,105,524
68,919.3326693227092,943.6394422310757,105792,105405,82,502
68,885.0579345088161,1080.559194,105795,105408,95,397
68,886.69732938,1023.6320474777448,105796,105409,96,337
68,956.5546075085324,1065,105799,105412,93,586
68,965.1779661016949,1082.6542372881356,105800,105413,94,590
68,981.8974358974359,974.7362637362637,105806,105419,97,546
68,939.7621527777778,1001.2204861111111,105807,105420,98,576
68,893.1114206128134,1043.8050139275765,105809,105422,85,359
68,913.6484149855908,1010.207492795389,105810,105423,107,347
68,938.5686274509803,1049.4481792717088,105816,105429,88,357
68,908.7842741935484,1065.6068548387098,105817,105430,102,496
68,997.4927113702624,999.7259475218659,105819,105432,103,343
68,971.2338902147972,1022.2362768,105820,105433,104,419
69,863.1900958466454,893.776357827476,106166,105779,99,626
69,888.4073455759599,875.7462437395659,106168,105781,100,599
69,914.185606060606,877.0492424242424,106170,105783,106,528
69,941.3559322033898,865.5762711864406,106171,105784,90,413
69,940.6822157434402,916.3498542274052,106174,105787,92,686
69,890.01956522,960.4043478260869,106177,105790,105,460
69,917.0912621359223,943.6815533980582,106179,105792,82,515
69,886.0075949367089,1080.7215189873418,106182,105795,95,395
69,884.3279742765274,1025.4180064308682,106183,105796,96,311
69,955.8802488335925,1064.959564541213,106186,105799,93,643
69,968.6291161178509,1081.0675909878682,106187,105800,94,577
69,982.3327032136106,974.6767485822306,106193,105806,97,529
69,939.5199306759099,997.9514731369151,106194,105807,98,577
69,892.68404908,1044.0184049079755,106196,105809,85,326
69,912.0581039755351,1010.5810397553516,106197,105810,107,327
69,939.6343283582089,1044.4975124378109,106203,105816,88,402
69,911.5127701375245,1065.4440078585462,106204,105817,102,509
69,994.7918918918919,997.7648648648649,106206,105819,103,370
69,974.1770334928229,1026.2942583732058,106207,105820,104,418
70,862.3220064724919,894.2686084142395,106553,106166,99,618
70,887.7036423841059,877.0496688741722,106555,106168,100,604
70,911.5106382978723,880.9414893617021,106557,106170,106,564
70,938.964509394572,865.3528183716076,106558,106171,90,479
70,939.9667149059335,916.0318379160636,106561,106174,92,691
70,881.007561436673,969.132325141777,106564,106177,105,529
70,916.2776735459662,944.5572232645403,106566,106179,82,533
70,884.4923076923077,1082.2794871794872,106569,106182,95,390
70,884.51410658,1024.6739811912225,106570,106183,96,319
70,956.2319277108434,1065.359939759036,106573,106186,93,664
70,969.4906303236797,1081.7785349,106574,106187,94,587
70,983.6486486486486,975.69009009009,106580,106193,97,555
70,935.6527272727272,1000.9327272727273,106581,106194,98,550
70,891.3342618384402,1044.8523676880222,106583,106196,85,359
70,909.1584415584416,1004.187013,106584,106197,107,385
70,940.2568578553617,1039.216957605985,106590,106203,88,401
70,911.7226563,1069.0449219,106591,106204,102,512
70,995.4489311163895,996.8741092636579,106593,106206,103,421
70,973.8450363196126,1024.3075060532688,106594,106207,104,413
71,863.0870279146142,893.2463054187192,106940,106553,99,609
71,888.5736040609137,872.2453468697123,106942,106555,100,591
71,909.623076923077,879.2019230769231,106944,106557,106,520
71,936.1694214876034,864.4235537190083,106945,106558,90,484
71,938.8975817923186,916.1507823613086,106948,106561,92,703
71,873.9576427255986,970.6906077348067,106951,106564,105,543
71,910.6584905660377,944.8867924528302,106953,106566,82,530
71,884.7506112469438,1083.2102689486553,106956,106569,95,409
71,885.2283950617284,1025.6481481481483,106957,106570,96,324
71,955.9522431259045,1064.0014471780028,106960,106573,93,691
71,969.7272727272727,1081.047077922078,106961,106574,94,616
71,981.4920353982301,974.762831858407,106967,106580,97,565
71,935.1288566243194,998.7731397459165,106968,106581,98,551
71,891.0683760683761,1043.162393162393,106970,106583,85,351
71,910.5720430107527,999.5225806451613,106971,106584,107,465
71,941.8655256723716,1030.5599022000001,106977,106590,88,409
71,912.530612244898,1067.6586270871985,106978,106591,102,539
71,994.9566326530612,993.8724489795918,106980,106593,103,392
71,976.3370535714286,1023.6004464285714,106981,106594,104,448
72,866.4504065040651,894.6585365853658,107327,106940,99,615
72,891.6459731543624,871.5637583892617,107329,106942,100,596
72,910.3576158940398,881.6799116997793,107331,106944,106,453
72,938.0633946830266,864.55623722,107332,106945,90,489
72,939.3025936599424,915.0172910662824,107335,106948,92,694
72,870.7836363636363,977.5909090909091,107338,106951,105,550
72,908.6486988847583,942.1375464684015,107340,106953,82,538
72,886.0074626865671,1084.2238805970148,107343,106956,95,402
72,887.8827160493827,1023.645061728395,107344,106957,96,324
72,957.2906626506024,1064.9834337349398,107347,106960,93,664
72,972.7911908646004,1081.0766721044047,107348,106961,94,613
72,981.540834845735,973.8693284936479,107354,106967,97,551
72,935.8451178451178,995.0185185185185,107355,106968,98,594
72,891.1129943502825,1042.9209039548023,107357,106970,85,354
72,909.3931623931624,998.4401709401709,107358,106971,107,468
72,943.7114093959732,1028.4608501118569,107364,106977,88,447
72,913.4466911764706,1067.8069852941176,107365,106978,102,544
72,992.2437185929648,996,107367,106980,103,398
72,974.7425149700599,1025.925149700599,107368,106981,104,334
73,864.9414556962025,894.41139241,107714,107327,99,632
73,890.1968085106383,871.3120567375886,107716,107329,100,564
73,905.7440347071583,886.232104121475,107718,107331,106,461
73,932.361216730038,865.0114068441064,107719,107332,90,526
73,936.2964028776978,912.5726618705036,107722,107335,92,695
73,867.5735294117648,977.7738970588235,107725,107338,105,544
73,907.4442567567568,938.9510135135135,107727,107340,82,592
73,883.2118226600985,1083.396551724138,107730,107343,95,406
73,885.2052117263844,1024.2638436482084,107731,107344,96,307
73,955.5414110429448,1064.0659509202453,107734,107347,93,652
73,970.7924528301887,1080.0990566037735,107735,107348,94,636
73,980.245704467354,974.6219931271478,107741,107354,97,582
73,933.4655737704918,992.7491803278689,107742,107355,98,610
73,891.3055555555555,1041.8472222222222,107744,107357,85,360
73,904.7376344086022,998.4021505376344,107745,107358,107,465
73,943.089156626506,1028.077108433735,107751,107364,88,415
73,910.9657142857143,1069.0247619047618,107752,107365,102,525
73,987.6432038834952,997.5412621359224,107754,107367,103,412
73,972.1453634085212,1029.6065162907269,107755,107368,104,399
74,867.3672496025438,893.4658187599364,108101,107714,99,629
74,892.9774696707105,867.3951473136915,108103,107716,100,577
74,904.5235849056604,887.3679245283018,108105,107718,106,424
74,934.3033268101761,866.80821918,108106,107719,90,511
74,937.1819484240688,913.3782235,108109,107722,92,698
74,864.0300884955752,978.1451327433629,108112,107725,105,565
74,907.0646853146853,936.7325174825176,108114,107727,82,572
74,883.0286396181384,1082.107398568019,108117,107730,95,419
74,884.7934426229508,1025.616393442623,108118,107731,96,305
74,957.6079881656805,1062.430473372781,108121,107734,93,676
74,971.9769585253456,1080.8294930875577,108122,107735,94,651
74,984.4730434782609,974.5739130434782,108128,107741,97,575
74,934.8918032786885,987.4540983606557,108129,107742,98,610
74,894.5054644808744,1041.1174863387978,108131,107744,85,366
74,906.3765432098766,1000.0082304526749,108132,107745,107,486
74,942.6353211009174,1027.302752293578,108138,107751,88,436
74,913.4331450094162,1069.276836158192,108139,107752,102,531
74,985.0671641791045,997.542288557214,108141,107754,103,402
74,973.9773755656108,1027.5791855,108142,107755,104,442
75,868.2132231404959,891.9537190082644,108488,108101,99,605
75,893.64039408867,866.5385878489327,108490,108103,100,609
75,905.3645320197045,887.3054187192118,108492,108105,106,406
75,934.7543520309478,865.1450676982591,108493,108106,90,517
75,937.7637906647808,913.6166902404526,108496,108109,92,707
75,862.30139373,978.3118466898954,108499,108112,105,574
75,905.2732142857143,935.3928571428571,108501,108114,82,560
75,883.2995169082126,1081.9830917874397,108504,108117,95,414
75,886.7841945288753,1023.90273556231,108505,108118,96,329
75,956.6077170418007,1063.5498392282957,108508,108121,93,622
75,972.4818181818182,1080.198484848485,108509,108122,94,660
75,984.8434782608696,973.064347826087,108515,108128,97,575
75,932.8063973063973,984.5690235690236,108516,108129,98,594
75,896.01222494,1041.7848410757947,108518,108131,85,409
75,903.609375,997.515625,108519,108132,107,512
75,941.075055187638,1027.7417218543046,108525,108138,88,453
75,913.1138059701493,1067.9850746268658,108526,108139,102,536
75,981.59,995.3425,108528,108141,103,400
75,971.1503579952267,1026.9379474940333,108529,108142,104,419
76,868.65353038,894.81280788,108875,108488,99,609
76,894.3509316770186,866.1506211180124,108877,108490,100,644
76,907.8701594533029,890.7949886104784,108879,108492,106,439
76,933.4812734082398,865.5486891385767,108880,108493,90,534
76,938.206847360913,918.4479315263909,108883,108496,92,701
76,862.1259124087592,984.7974452554745,108886,108499,105,548
76,895.9174484052533,934.4934333958724,108888,108501,82,533
76,882.3984575835475,1083.4010282776349,108891,108504,95,389
76,884.5677419354838,1022.0322580645161,108892,108505,96,310
76,955.3978494623656,1066.4009216589861,108895,108508,93,651
76,971.9465648854962,1081.9603053435114,108896,108509,94,655
76,983.5800344234079,974.5215146299483,108902,108515,97,581
76,931.6868852459016,986.1983606557377,108903,108516,98,610
76,895.9491916859122,1042.136258660508,108905,108518,85,433
76,900.9092627599243,994.3610586011342,108906,108519,107,529
76,942.1405529953918,1028.336405529954,108912,108525,88,434
76,912.5465949820789,1068.405017921147,108913,108526,102,558
76,978.2898550724638,996.1207729468599,108915,108528,103,414
76,970.4174311926606,1029.4954128440368,108916,108529,104,436
77,869.2379562043795,894.80145985,109262,108875,99,685
77,895.0850722311396,865.21990369,109264,108877,100,623
77,908.0112107623319,890.5403587443947,109266,108879,106,446
77,932.6729678638942,865.1965973534972,109267,108880,90,529
77,938.0564399421129,918.2749638205499,109270,108883,92,691
77,857.4072727272727,990.4763636363637,109273,108886,105,550
77,889.3841807909605,929.3596986817325,109275,108888,82,531
77,881.7128953771289,1082.323601,109278,108891,95,411
77,884.4401294498382,1023.5372168284789,109279,108892,96,309
77,956.4177852348994,1066.3640939597315,109282,108895,93,596
77,972.080370942813,1081.4389489953633,109283,108896,94,647
77,983.5233968804159,973.7192374350086,109289,108902,97,577
77,930.4705882352941,982.0847750865053,109290,108903,98,578
77,897.01735358,1041.8134490238613,109292,108905,85,461
77,901.5423423423423,994.5891891891893,109293,108906,107,555
77,941.5228758169935,1031.9934640522877,109299,108912,88,459
77,911.9139194139194,1070.0018315018315,109300,108913,102,546
77,978.125641025641,993.9769230769231,109302,108915,103,390
77,970.453488372093,1027.1558139534884,109303,108916,104,430
78,870.023923444976,894.5566188197768,109642,109262,99,627
78,895.9921135646688,864.7586750788644,109644,109264,100,634
78,909.7165532879818,891.4557823129252,109646,109266,106,441
78,933.534749034749,863.5830115830116,109647,109267,90,518
78,938.8850574712644,918.2916666666666,109650,109270,92,696
78,853.7845601436265,994.6768402154398,109653,109273,105,557
78,882.13909774,928.5375939849624,109655,109275,82,532
78,882.3047619,1082.192857142857,109658,109278,95,420
78,883.9303797468355,1023.8259493670886,109659,109279,96,316
78,962.2681660899655,1062.4705882352941,109662,109282,93,578
78,972.422188,1082.1294298921416,109663,109283,94,649
78,984.2118055555555,972.8298611111111,109669,109289,97,576
78,929.1085814360771,980.9334500875657,109670,109290,98,571
78,898.3525498891353,1041.0731707317073,109672,109292,85,451
78,900.1022304832713,994.3587360594795,109673,109293,107,538
78,941.1912832929781,1033.5835351089588,109679,109299,88,413
78,912.7675675675675,1071.1153153153155,109680,109300,102,555
78,977.7809278350516,991.8144329896907,109682,109302,103,388
78,969.9296375266524,1026.8017057569296,109683,109303,104,469
79,869.6217457886677,895.3460949464012,110014,109642,99,653
79,893.96875,859.540625,110016,109644,100,640
79,907.0221238938053,890.82079646,110018,109646,106,452
79,932.4686274509804,862.6313725490196,110019,109647,90,510
79,939.1350954478708,915.2246696035243,110022,109650,92,681
79,850.8879159369527,997.4255691768826,110025,109653,105,571
79,873.8260038240918,924.3001912045889,110027,109655,82,523
79,880.5724465558195,1080.5249406175772,110030,109658,95,421
79,883.3343848580441,1020.6624605678234,110031,109659,96,317
79,964.5221843003413,1059.9778156996588,110034,109662,93,586
79,970.7858243451464,1082.4314329738058,110035,109663,94,649
79,982.3231810490694,972.849407783418,110041,109669,97,591
79,926.9549248747913,979.2954924874791,110042,109670,98,599
79,897.2719486081371,1041.0128479657387,110044,109672,85,467
79,896.9454191033138,993.3586744639376,110045,109673,107,513
79,939.695464362851,1030.7408207343412,110051,109679,88,463
79,912.1620626151013,1072.705340699816,110052,109680,102,543
79,974.6958525345622,993.7073732718894,110054,109682,103,434
79,970.2651821862348,1028.8218623481782,110055,109683,104,494
80,869.82802548,894.91242038,110386,110014,99,628
80,893.8684627575277,860.3217115689382,110388,110016,100,631
80,906.8747252747253,890.7736263736264,110390,110018,106,455
80,932.0543071161048,861.7247191,110391,110019,90,534
80,938.725321888412,915.5050071530758,110394,110022,92,699
80,847.3862433862433,1003.3086419753087,110397,110025,105,567
80,867.86862745,921.2254901960785,110399,110027,82,510
80,879.6634615384615,1079.8485576923076,110402,110030,95,416
80,882.7837837837837,1024.2972972972973,110403,110031,96,296
80,967.1599353796446,1058.7867528271406,110406,110034,93,619
80,970.0331753554502,1083.6018957345973,110407,110035,94,633
80,982.7964601769911,973.5557522123894,110413,110041,97,565
80,926.1768953068593,976.202166064982,110414,110042,98,554
80,897.3333333333334,1040.4831223628692,110416,110044,85,474
80,897.2289803220036,991.8783542039356,110417,110045,107,559
80,939.6924686192468,1029.4853556485355,110423,110051,88,478
80,911.9477477477477,1074.8108108108108,110424,110052,102,555
80,974.2488479262672,992.9308755760369,110426,110054,103,434
80,969.3777777777777,1028.731313131313,110427,110055,104,495
81,870.2028301886793,895.2264150943396,110758,110386,99,636
81,894.30279503,859.6257763975156,110760,110388,100,644
81,906.6393805309734,890.8384955752213,110762,110390,106,452
81,933.3382899628252,862.8066914498141,110763,110391,90,538
81,938.8367052023121,917.1661849710982,110766,110394,92,692
81,845.5051546391753,1006.6769759450171,110769,110397,105,582
81,861.6943907156673,918.8317214700194,110771,110399,82,517
81,880.1258278145696,1082.1898454746138,110774,110402,95,453
81,882.0298013245033,1022.523178807947,110775,110403,96,302
81,969.727115716753,1058.5854922279793,110778,110406,93,579
81,970.0388802488336,1085.1384136858476,110779,110407,94,643
81,982.6230636833046,973.8502581755594,110785,110413,97,581
81,926.694885361552,974.7636684303351,110786,110414,98,567
81,897.5173116089613,1040.9531568228106,110788,110416,85,491
81,897.5464098073555,990.1751313485114,110789,110417,107,571
81,939.5800415800416,1027.4033264033264,110795,110423,88,481
81,912.9801084990959,1075.1211573,110796,110424,102,553
81,974.9572072072071,993.6644144144144,110798,110426,103,444
81,971.7718550106609,1029.8294243070363,110799,110427,104,469
82,870.2805071315372,896.797147385103,111130,110758,99,631
82,893.2609375,860.215625,111132,110760,100,640
82,907.6933045356371,890.9740820734341,111134,110762,106,463
82,931.8768656716418,863.5783582089553,111135,110763,90,536
82,938.7815384615385,916.9353846153846,111138,110766,92,650
82,838.5204582651392,1010.9918166939443,111141,110769,105,611
82,850.6378676470588,914.9797794117648,111143,110771,82,544
82,880.8268792710707,1083.73576309795,111146,110774,95,439
82,881.1638225255973,1022.9044368600682,111147,110775,96,293
82,970.9795918367347,1057.3061224489795,111150,110778,93,588
82,970.1615384615385,1085.9261538461537,111151,110779,94,650
82,982.6043771043771,973.459595959596,111157,110785,97,594
82,922.1581818181818,972.8927272727273,111158,110786,98,550
82,896.4494845360825,1041.8762886597938,111160,110788,85,485
82,895.5971978984238,988.0753064798599,111161,110789,107,571
82,939.472647702407,1028.8446389496717,111167,110795,88,457
82,913.6425992779783,1074.71119133574,111168,110796,102,554
82,975.1125827814569,993.673289183223,111170,110798,103,453
82,969.5818540433925,1029.7869822485206,111171,110799,104,507
83,870.6127450980392,895.3071895424837,111502,111130,99,612
83,894.9397217928903,860.0030911901082,111504,111132,100,647
83,909.4138655462185,911.6134453781513,111506,,108,476
83,932.256880733945,864.5981651376147,111507,111135,90,545
83,938.4913544668588,912.5778097982709,111510,111138,92,694
83,832.8295819935691,1015.5916398713827,111513,111141,105,622
83,850.6218181818182,913.8927272727273,111515,111143,82,550
83,882.9956521739131,1083.6,111518,111146,95,460
83,879.4169381107492,1019.5602605863193,111519,111147,96,307
83,974.1364392678869,1054.242928452579,111522,111150,93,601
83,971.2094488188976,1084.5685039370078,111523,111151,94,635
83,983.3339041095891,970,111529,111157,97,584
83,924.1125198098257,969.1521394611727,111530,111158,98,631
83,894.7726358148893,1041.9517102615694,111532,111160,85,497
83,895.8482293423272,986.0033726812817,111533,111161,107,593
83,939.6972281449894,1029.993603411514,111539,111167,88,469
83,914.253164556962,1074.2278481012659,111540,111168,102,553
83,977.7699316628701,989.751708428246,111542,111170,103,439
83,968.9375,1028.171875,111543,111171,104,512
84,870.4802631578948,895.8338815789474,111874,111502,99,608
84,892.4774494556765,861.1057542768274,111876,111504,100,643
84,896.1776315789474,935.5279605263158,111878,,109,608
84,930.7582417582418,865.9871794871794,111879,111507,90,546
84,939.6404040404041,917.0242424242424,111882,111510,92,495
84,828.1897926634769,1019.2535885167464,111885,111513,105,627
84,852.4217081850534,915.5462633451957,111887,111515,82,562
84,881.878587196468,1087.3245033112582,111890,111518,95,453
84,877.6910299003322,1019.4485049833887,111891,111519,96,301
84,973.9084745762711,1053.3677966101695,111894,111522,93,590
84,969.6814024390244,1085.2759146341464,111895,111523,94,656
84,977.527731092437,969.4941176470588,111901,111529,97,595
84,922.2835314091681,970.2597623089982,111902,111530,98,589
84,892.0482897384306,1042.0221327967806,111904,111532,85,497
84,893.796875,985.9756944444445,111905,111533,107,576
84,937.9633620689656,1030.2629310344828,111911,111539,88,464
84,913.410934744268,1075.0846560846562,111912,111540,102,567
84,977.2358079,990.5676855895197,111914,111542,103,458
84,966.2713755,1029.018587360595,111915,111543,104,538
85,872.4442595673877,895.8535773710482,112246,111874,99,601
85,893.8107692307692,859.9646153846154,112248,111876,100,650
85,885.4926470588235,955.1,112250,,110,680
85,929.9068100358422,868.921146953405,112251,111879,90,558
85,825.8051118210863,1022.0527156549521,112257,111885,105,626
85,858.9297012302285,918.6133567662566,112259,111887,82,569
85,881.90987124,1086.5150214592275,112262,111890,95,466
85,876.9183673469388,1019.5850340136054,112263,111891,96,294
85,975.1049180327868,1052.1409836065573,112266,111894,93,610
85,969.7480680061824,1085.6352395672334,112267,111895,94,647
85,975.6346801346801,968.6212121212121,112273,111901,97,594
85,919.6048780487805,966.8959349593496,112274,111902,98,615
85,891.972,1041.99,112276,111904,85,500
85,890.1543739279589,985.7993138936536,112277,111905,107,583
85,936.606,1030.79,112283,111911,88,500
85,912.6949458483755,1073.9115523465703,112284,111912,102,554
85,979.7204081632653,991.0693877551021,112286,111914,103,490
85,966.7926605504588,1029.5504587155963,112287,111915,104,545
85,949.4689265536723,915.8135593220339,112289,111882,92,177
85,915.4739884393064,919.2080924855492,112290,,111,173
86,872.9839743589744,896.2820512820513,112618,112246,99,624
86,894.5613496932515,860.4923312883435,112620,112248,100,652
86,892.0268096514745,962.5630026809652,112622,112250,110,746
86,931.0213903743315,868.4188948306595,112623,112251,90,561
86,825.1632,1023.4608000000001,112629,112257,105,625
86,856.723076923077,918.131623931624,112631,112259,82,585
86,883.6805251641138,1087.0306345733043,112634,112262,95,457
86,878.31325301,1018.9939759036145,112635,112263,96,332
86,974.4612903225807,1053.1725806451614,112638,112266,93,620
86,970.2003081664099,1085.4391371340523,112639,112267,94,649
86,975.54,968.84,112645,112273,97,600
86,918.2409836065574,965.639344262295,112646,112274,98,610
86,892.5515151515151,1043.088888888889,112648,112276,85,495
86,890.492673992674,988.1227106227107,112649,112277,107,546
86,937.5461847389558,1031.6305220883535,112655,112283,88,498
86,913.4534050179211,1074.4121863799282,112656,112284,102,558
86,982.2129817444219,990.9898580121703,112658,112286,103,493
86,967.7115384615385,1028.9108391608393,112659,112287,104,572
86,947.2929688,916.0078125,112661,112289,92,256
86,914.1423611111111,906.2430555555555,112662,112290,111,288
87,873.0565428109854,896.361873990307,113007,112618,99,619
87,893.983231707317,861.3506097560976,113009,112620,100,656
87,901.4745547073792,961.4503816793894,113011,112622,110,786
87,931.4723707664884,868.0499108734402,113012,112623,90,561
87,823.4789391575663,1024.6146645865836,113018,112629,105,641
87,853.4558058925477,914.4852686308492,113020,112631,82,577
87,884.3096234309623,1086.9623430962342,113023,112634,95,478
87,876.5980066445183,1020.6943521594685,113024,112635,96,301
87,974.7895595,1053.1957585644373,113027,112638,93,613
87,969.906584992343,1085.4640122511485,113028,112639,94,653
87,975.3939899833056,968.3756260434056,113034,112645,97,599
87,921.2912087912088,965.7747252747253,113035,112646,98,364
87,892.542406311637,1043.5128205128206,113037,112648,85,507
87,890.7274401473296,987.4033149171271,113038,112649,107,543
87,936.6626506024096,1031.8594378,113044,112655,88,498
87,914.053448275862,1074.4327586206896,113045,112656,102,580
87,983.4192872117401,990.6121593291405,113047,112658,103,477
87,966.2206654991244,1028.9894921190894,113048,112659,104,571
87,946.2673611111111,914.3611111111111,113050,112661,92,288
87,913.2485207100592,909.0325443786983,113051,112662,111,338
88,868.0996677740864,895.8222591362127,113396,113007,99,602
88,893.4409090909091,861.0257575757576,113398,113009,100,660
88,902.9815817984831,965.8223185265439,113400,113011,110,923
88,931.4875444839857,868.6939501779359,113401,113012,90,562
88,821.937984496124,1026.460465116279,113407,113018,105,645
88,846.7428087986464,911.9593908629441,113409,113020,82,591
88,882.6432989690721,1086.719587628866,113412,113023,95,485
88,876.0900900900901,1018.3993993993994,113413,113024,96,333
88,976.0488188976378,1051.503937007874,113416,113027,93,635
88,969.2641509433962,1085.7484276999999,113417,113028,94,636
88,974.0065573770491,968.1737704918032,113423,113034,97,610
88,919.6446540880503,965.4622641509434,113424,113035,98,318
88,891.2610441767068,1045.8694779116465,113426,113037,85,498
88,887.6766055045872,987.105504587156,113427,113038,107,436
88,936.017094017094,1031.6175213675215,113433,113044,88,468
88,912.9787610619469,1072.8053097345132,113434,113045,102,565
88,982.2748414376322,992.7653276955602,113436,113047,103,473
88,965.6254237288135,1029.5016949152541,113437,113048,104,590
88,946.8463768115942,917.2550724637681,113439,113050,92,345
88,909.5585365853658,907.4853658536585,113440,113051,111,410
89,868.6035398230089,896.98584071,113785,113396,99,565
89,894.1833590138675,860.9291217257319,113787,113398,100,649
89,906.8431876606684,962.2352185089974,113789,113400,112,778
89,933.5793103448276,866.0948275862069,113790,113401,90,580
89,819.7963525835867,1028.855623100304,113796,113407,105,658
89,841.3018549747048,908.9713322091062,113798,113409,82,593
89,884.1991341991342,1086.625541125541,113801,113412,95,462
89,877.5514018691589,1020.8909657320872,113802,113413,96,321
89,978.4711388455538,1049.5741029641185,113805,113416,93,641
89,969.8046511627907,1084.6945736434109,113806,113417,94,645
89,975.3204508856683,967.9291465378421,113812,113423,97,621
89,911.4857142857143,947.7666666666667,113813,113400,113,210
89,891.9960317460318,1046.436507936508,113815,113426,85,504
89,889.4779270633397,984.5623800383877,113816,113427,107,521
89,936.963906581741,1027.995753715499,113822,113433,88,471
89,915.5742397137747,1072.2397137745975,113823,113434,102,559
89,984.1593291404612,991.937106918239,113825,113436,103,477
89,964.4403973509934,1029.9486754966888,113826,113437,104,604
89,948.1902439024391,917.9756097560976,113828,113439,92,410
89,908.3957345971564,909.0710900473933,113829,113440,111,422
90,867.5406301824212,898.5605306799337,114174,113785,99,603
90,895.46072508,862.0181268882175,114176,113787,100,662
90,888.976613657624,944.7698783910196,114178,,114,1069
90,935.6785079928952,861.5861456483126,114179,113790,90,563
90,815.6251874062968,1031.9715142428786,114185,113796,105,667
90,834.7775974,904.5876623376623,114187,113798,82,616
90,884.80462185,1088.6911764705883,114190,113801,95,476
90,875.0523255813954,1017.3837209302326,114191,113802,96,344
90,979.1424242424242,1048.6227272727274,114194,113805,93,660
90,969.1483771251932,1085.3817619783617,114195,113806,94,647
90,978.2596153846154,968.7099358974359,114201,113812,97,624
90,911.5412667946257,958.3953934740882,114202,113789,112,521
90,891.0297619,1047.7103174603176,114204,113815,85,504
90,887.55041322,984.3702479338842,114205,113816,107,605
90,935.7897959183674,1029.7673469387755,114211,113822,88,490
90,914.702166064982,1073.4711191000001,114212,113823,102,554
90,982.8141962421712,992.830897703549,114214,113825,103,479
90,962.4644012944984,1031.2653721682848,114215,113826,104,618
90,950.554565701559,922.1514476614699,114217,113828,92,449
90,910.2933884297521,911.8471074380166,114218,113829,111,484
91,866.9095477386935,897.6147403685093,114563,114174,99,597
91,896.8995433789954,860.03500761035,114565,114176,100,657
91,894.186936936937,956.115990990991,114567,114178,114,888
91,936.273368606702,859.8818342151676,114568,114179,90,567
91,814.5609022556391,1034.0255639097745,114575,114185,105,665
91,831.7177419354839,901.8322580645162,114576,114187,82,620
91,888.6194690265487,1090.8539823,114579,114190,95,452
91,875.1282051282051,1018.8429487179487,114580,114191,96,312
91,980.1203703703704,1046.567901234568,114583,114194,93,648
91,969.2136075949368,1085.85917721519,114584,114195,94,632
91,979.671009771987,969.1058631921824,114590,114201,97,614
91,913.792828685259,957.0916334661355,114591,114202,112,251
91,890.812133072407,1048.2054794520548,114593,114204,85,511
91,884.0192644483362,983.4553415061296,114594,114205,107,571
91,934.5041322314049,1027.2995867768595,114600,114211,88,484
91,915.6987295825771,1071.9745916515426,114601,114212,102,551
91,983.1785714285714,993.2043650793651,114603,114214,103,504
91,963.1033333333334,1031.1100000000001,114604,114215,104,600
91,951.1576673866091,920.6738660907127,114606,114217,92,463
91,910.4103092783505,913.839175257732,114607,114218,111,485
0,1308.9643435980552,1308.100486223663,120076,,121,617
0,1328.9816513761468,1335.2293577981652,120086,,122,545
0,1292.9450980392157,1453.6176470588234,120094,,123,510
0,1328.3742331288345,1458.7586912,120098,,124,489
0,1343.1946902654868,1417.2367256637167,120102,,125,452
0,1354.1855421686746,1439.2048192771085,120112,,126,415
1,1308.7487922705313,1308.376811594203,120442,120076,121,621
1,1328.5667938931297,1335.7080152671756,120452,120086,122,524
1,1293.8650190114067,1452.9410646387832,120460,120094,123,526
1,1328.990253411306,1459.3762183235867,120464,120098,124,513
1,1343.6174757281553,1419.9320388349515,120468,120102,125,515
1,1358.1137440758293,1439.4170616113745,120478,120112,126,422
2,1308.4156626506024,1311.0135542168675,120808,120442,121,664
2,1328.1570093457944,1337.9028037383177,120818,120452,122,535
2,1292.8652751423149,1453.2087286527515,120826,120460,123,527
2,1327.5778210116732,1460.0252918287938,120830,120464,124,514
2,1341.6378986866791,1422.5984990619136,120834,120468,125,533
2,1358.8108747044917,1440.1229314420805,120844,120478,126,423
3,1310.7360703812317,1312.0938416422287,121174,120808,121,682
3,1329.344122657581,1339.5706984667802,121184,120818,122,587
3,1292.9784560143626,1451.9982046678635,121192,120826,123,557
3,1327.6983240223465,1459.4040968342645,121196,120830,124,537
3,1343.5250463821892,1418.4935064935064,121200,120834,125,539
3,1359.0866510538642,1438.032786885246,121210,120844,126,427
4,1310.6752136752136,1313.1125356125356,121540,121174,121,702
4,1331.0226086956523,1344.224347826087,121550,121184,122,575
4,1290.8998035363459,1449.0294695481336,121558,121192,123,509
4,1324.817543859649,1459.9122807017543,121562,121196,124,570
4,1343.936170212766,1418.7429078014184,121566,121200,125,564
4,1359.9357429718875,1436.4618473895582,121576,121210,126,498
5,1310.4311543810848,1313.5424200278164,121906,121540,121,719
5,1329.9417122040072,1347.6010928961748,121916,121550,122,549
5,1292.0506108202444,1448.696335078534,121924,121558,123,573
5,1328.4401993355482,1456.2923588039866,121928,121562,124,602
5,1349.6557971014493,1414.4003623188405,121932,121566,125,552
5,1376.5,1425.546052631579,121944,121576,127,152
5,1350.3893805309735,1438.4867256637167,121945,121576,128,113
6,1308.516452074392,1311.8769670958511,122272,121906,121,699
6,1333.9483394833949,1348.4630996309963,122282,121916,122,542
6,1296.10294118,1450.638888888889,122290,121924,123,612
6,1331.1860036832413,1464.3075506445673,122294,121928,124,543
6,1352.2754716981133,1413.722641509434,122298,121932,125,530
6,1375.707509881423,1426.6363636363635,122310,121944,127,253
6,1350.4308300395257,1442.8260869565217,122311,121945,128,253
7,1311.2363387978141,1311.5,122638,122272,121,732
7,1331.0650684931506,1347.6181506849316,122648,122282,122,584
7,1294.450406504065,1450.3772357723578,122656,122290,123,615
7,1329.9849749582638,1470.0016694490819,122660,122294,124,599
7,1347.2890484739678,1417.5385996409336,122664,122298,125,557
7,1376.7859531772574,1423.0401337792641,122676,122310,127,299
7,1352.3,1445.735294117647,122677,122311,128,340
8,1309.1476063829787,1311.75,123004,122638,121,752
8,1333.4173622704507,1343.6777963,123014,122648,122,599
8,1295.8,1449.7015625,123022,122656,123,640
8,1330.2066772655007,1468.7138314785375,123026,122660,124,629
8,1360.0254237288136,1398.7118644067796,123032,,129,118
8,1334.3852459016393,1417.483606557377,123033,122664,125,122
8,1374.9407407407407,1423.1925925925925,123042,122676,127,405
8,1350.6375661375662,1442.436507936508,123043,122677,128,378
9,1306.9076086956522,1311.5801630434783,123370,123004,121,736
9,1332.888888888889,1342.2550860719875,123380,123014,122,639
9,1294.5479041916167,1454.3562874251497,123388,123022,123,668
9,1333.1302325581396,1476.1596899224805,123392,123026,124,645
9,1355.6609686609686,1401.917378917379,123398,123032,129,351
9,1332.0967741935483,1424.6693548387098,123399,123033,125,248
9,1377.2863436123348,1421.3942731277534,123408,123042,127,454
9,1349.2265060240964,1447.0578313253013,123409,123043,128,415
10,1304.2427983539094,1309.0727023319616,123733,123370,121,729
10,1331.4485294117646,1340.2132352941176,123743,123380,122,680
10,1294.7585185185185,1453.674074074074,123751,123388,123,675
10,1335.9334341906203,1477.6853252647504,123755,123392,124,661
10,1356.7797927,1402.0777202072538,123761,123398,129,386
10,1328.3148788927335,1429.3148788927335,123762,123399,125,289
10,1382.2362768,1416.7947494033413,123771,123408,127,419
10,1353.0524017467249,1443.82096069869,123772,123409,128,458
11,1304.7551299589604,1306.8659370725034,124107,123733,121,731
11,1330.287517531557,1338.8373071528752,124117,123743,122,713
11,1295.9719626168223,1452.0155763239875,124125,123751,123,642
11,1337.0014836795253,1475.3961424332344,124129,123755,124,674
11,1359.6575,1401.81,124135,123761,129,400
11,1326.6063218390805,1433.7758620689656,124136,123762,125,348
11,1384.9099756690998,1415.3576642335765,124145,123771,127,411
11,1351.9146067415732,1438.379775280899,124146,123772,128,445
12,1293.3494623655913,1308.1935483870968,124481,124107,121,558
12,1323.7233748271092,1336.554633471646,124491,124117,122,723
12,1293.84122137,1452.6946564885495,124499,124125,123,655
12,1336.679640718563,1476.7050898203593,124503,124129,124,668
12,1358.609375,1400.8035714285713,124509,124135,129,448
12,1319.6390374331552,1444.2272727272727,124510,124136,125,374
12,1385.9521640091116,1410.2915717539863,124519,124145,127,439
12,1352.0703624733476,1439.4434968017058,124520,124146,128,469
13,1310.8325791855204,1301.9547511312217,124857,124481,130,221
13,1281.90410959,1302.1780821917807,124858,124481,131,219
13,1322.143661971831,1337.311267605634,124865,124491,122,710
13,1294.9451851851852,1452.3674074074074,124873,124499,123,675
13,1339.4686567164179,1477.1820895522387,124877,124503,124,670
13,1356.920634920635,1400.2471655328798,124883,124509,129,441
13,1320.2910052910054,1444.6851851851852,124884,124510,125,378
13,1387.3716814159293,1408.0442477876106,124893,124519,127,452
13,1354.102766798419,1436.5375494071145,124894,124520,128,506
14,1312.8391167192428,1293.7917981072555,125231,124857,130,317
14,1282.8590604026845,1300.6375838926174,125232,124858,131,298
14,1329.6473779385171,1351.5443037974683,125239,124865,122,553
14,1294.719298245614,1452.7587719298244,125247,124873,123,684
14,1340.578125,1479.2585227272727,125251,124877,124,704
14,1355.6084337349398,1400.4779116465863,125257,124883,129,498
14,1319.3017902813299,1448.7519181585678,125258,124884,125,391
14,1384.6961206896551,1409.780172413793,125267,124893,127,464
14,1351.6772277227724,1440.7326732673268,125268,124894,128,505
15,1311.989247311828,1294.239247311828,125605,125231,130,372
15,1280.2956521739131,1300.6608695652174,125606,125232,131,345
15,1315.6171003717473,1322.1598513011152,125615,,132,269
15,1334.153409090909,1346.7386363636365,125616,125239,122,352
15,1294.3478260869565,1453.0420757363254,125621,125247,123,713
15,1343.5159944367176,1477.5368567454798,125625,125251,124,719
15,1352.4331983805669,1404.917004,125631,125257,129,494
15,1318.8859223300972,1451.9271844660193,125632,125258,125,412
15,1385.423245614035,1405.9013157894738,125641,125267,127,456
15,1352.0797546,1443.638036809816,125642,125268,128,489
16,1313.9274611398964,1295.4844559585492,125971,125605,130,386
16,1282.164864864865,1298.5891891891893,125972,125606,131,370
16,1320.4620462046205,1315.4191419141914,125981,125615,132,303
16,1335.3681592039802,1349.2412935323382,125982,125616,122,402
16,1296.1373937677054,1454.0240793201133,125987,125621,123,706
16,1343.8011363636365,1477.2485795454545,125991,125625,124,704
16,1353.3978723404255,1403.7148936170213,125997,125631,129,470
16,1320.7072072072071,1446.6891891891892,125998,125632,125,444
16,1385.5010752688172,1407.7505376344086,126007,125641,127,465
16,1352.56512605042,1444.5063025210084,126008,125642,128,476
17,1313.4380530973451,1293.0884955752213,126337,125971,130,452
17,1284.85861183,1300.4498714652957,126338,125972,131,389
17,1321.9709302325582,1313.6860465116279,126347,125981,132,344
17,1335.0985576923076,1349.608173076923,126348,125982,122,416
17,1294.4584487500001,1454.371191135734,126353,125987,123,722
17,1342.8948824343015,1479.5325034578145,126357,125991,124,723
17,1357.5960698689955,1402.0524017467249,126363,125997,129,458
17,1320.3196544276457,1446.1943844492441,126364,125998,125,463
17,1383.1016597510375,1412.844398340249,126373,126007,127,482
17,1348.8948545861297,1448.4608501118569,126374,126008,128,447
18,1314.549668874172,1291.1810154525385,126718,126337,130,453
18,1282.9302325581396,1298.0645994832041,126719,126338,131,387
18,1320.1917404129795,1311.330383480826,126728,126347,132,339
18,1334.4419753,1349.3135802469135,126729,126348,122,405
18,1291.6224627875508,1456.4776725304466,126734,126353,123,739
18,1344.0078226857888,1479.511082138201,126738,126357,124,767
18,1353.9785407725321,1404.0858369098712,126744,126363,129,466
18,1318.325892857143,1440.127232142857,126745,126364,125,448
18,1381.7002053388092,1409.0616016427105,126754,126373,127,487
18,1342.649667405765,1450.8558758314855,126755,126374,128,451
19,1322.9502262443439,1290.552036199095,127093,126718,130,442
19,1286.1097560975609,1298.3073170731707,127094,126719,131,410
19,1320.5350140056023,1311.8711484593837,127103,126728,132,357
19,1333.5668103448277,1345.2392241379312,127104,126729,122,464
19,1293.13672922,1455.9678284182305,127109,126734,123,746
19,1344.7320261437908,1480.5777777777778,127113,126738,124,765
19,1355.857142857143,1399.7824175824176,127119,126744,129,455
19,1320.6773455377574,1439.091533180778,127120,126745,125,437
19,1382.107142857143,1408.436507936508,127129,126754,127,504
19,1345.0288248337029,1452.4412416851442,127130,126755,128,451
20,1320.7142857142858,1290.6866359447004,127468,127093,130,434
20,1283.7037914691944,1292.7890995260664,127469,127094,131,422
20,1317.2317073170732,1310.4829268292683,127478,127103,132,410
20,1329.7583187390542,1344.737302977233,127479,127104,122,571
20,1293.59403372,1455.3463035019456,127484,127109,123,771
20,1345.7984084880636,1480.896551724138,127488,127113,124,754
20,1353.352808988764,1402.0247191011235,127494,127119,129,445
20,1318.3685393258427,1442.6764045,127495,127120,125,445
20,1381.810707456979,1408.3862332695985,127504,127129,127,523
20,1343.0154867256638,1452.1969026548672,127505,127130,128,452
21,1316.3667296786389,1287.0567107750473,127843,127468,130,529
21,1281.6556701030927,1293.7051546391754,127844,127469,131,485
21,1317.592750533049,1313.72921108742,127853,127478,132,469
21,1321.1025641025642,1350.7124542124543,127854,127479,122,546
21,1293.3754940711462,1452.4097496706192,127859,127484,123,759
21,1344.5459387483356,1480.2902796271637,127863,127488,124,751
21,1356.8708920187794,1397.823943661972,127869,127494,129,426
21,1317.534090909091,1442.3590909090908,127870,127495,125,440
21,1379.4587737843551,1416.2727272727273,127879,127504,127,473
21,1343.1721854304635,1450.326710816777,127880,127505,128,453
22,1318.1486988847585,1291.328996282528,128218,127843,130,538
22,1280.7301324503312,1293.387417218543,128219,127844,131,604
22,1324.7478448275863,1322.9762931034484,128228,127853,132,464
22,1315.273764258555,1358.7851711026615,128229,127854,122,526
22,1291.8834196891191,1452.979274611399,128234,127859,123,772
22,1346.2321899736148,1480.3535620052771,128238,127863,124,758
22,1357.6659436008676,1399.1301518438179,128244,127869,129,461
22,1315.75,1443.4322916666667,128245,127870,125,384
22,1380.2942386831276,1416.2510288065844,128254,127879,127,486
22,1339.9265033407573,1450.5077951002227,128255,127880,128,449
23,1315.7689463955637,1287.5526802218114,128593,128218,130,541
23,1274.66104553,1294.4198988195615,128594,128219,131,593
23,1332.4795918367347,1320.6285714285714,128603,128228,132,490
23,1315.678392,1356.9363484087103,128604,128229,122,597
23,1291.4708798017348,1452.3023543990087,128609,128234,123,807
23,1346.3700887198986,1479.6451204055766,128613,128238,124,789
23,1362.335164835165,1403.3882783882784,128619,128244,129,546
23,1314.051413881748,1446.80205655527,128620,128245,125,389
23,1385.5866050808313,1417.3233256351039,128629,128254,127,433
23,1340.3940042826553,1448.8286937901498,128630,128255,128,467
24,1314.7295373665481,1288.040925266904,128975,128593,130,562
24,1274.8139534883721,1294.6744186046512,128976,128594,131,602
24,1333.5953878406708,1317.4318658280922,128985,128603,132,477
24,1316.414976599064,1354.4227769110764,128986,128604,122,641
24,1293.5195460277428,1450.2395964691048,128991,128609,123,793
24,1348.8071135430916,1481.4541723666212,128995,128613,124,731
24,1361.5825242718447,1402.7805825242717,129001,128619,129,515
24,1315.2732919254659,1447.1273291925465,129002,128620,125,322
24,1385.5040322580644,1417.1149193548388,129011,128629,127,496
24,1342.1974789915967,1447.4012605042017,129012,128630,128,476
25,1307.9,1288.7254237288134,129357,128975,130,590
25,1271.5401337792641,1293.6521739130435,129358,128976,131,598
25,1332.2333333333333,1318.5294117647059,129367,128985,132,510
25,1311.6666666666667,1354.7018348623853,129368,128986,122,654
25,1291.6838046272494,1451.0938303341902,129373,128991,123,778
25,1347.9184210526316,1480.628947368421,129377,128995,124,760
25,1361.426,1403.266,129383,129001,129,500
25,1313.0825396825396,1447.4888888888888,129384,129002,125,315
25,1382.1805273833672,1421.6409736308317,129393,129011,127,493
25,1339.3453093812375,1446.4730538922156,129394,129012,128,501
26,1308.6808905380335,1286.595547309833,129740,129357,130,539
26,1273.34925865,1296.4184514003296,129741,129358,131,607
26,1332.9823529411765,1315.8509803921568,129750,129367,132,510
26,1311.8262150220912,1355.558173784978,129751,129368,122,679
26,1292.2404580152672,1451.998727735369,129756,129373,123,786
26,1347.9421487603306,1479.564738292011,129760,129377,124,726
26,1363.8827038,1397.9502982107356,129766,129383,129,503
26,1314.7166666666667,1444.513888888889,129767,129384,125,360
26,1380.2013129102845,1426.770240700219,129776,129393,127,457
26,1339.6757813,1444.5449219,129777,129394,128,512
27,1315.657091561939,1287.310592459605,130123,129740,130,557
27,1276.2581168831168,1295.5113636363637,130124,129741,131,616
27,1335.056092843327,1317.1914893617022,130133,129750,132,517
27,1312.5555555555557,1356.972972972973,130134,129751,122,666
27,1296.7421777221527,1449.8235294117646,130139,129756,123,799
27,1347.151851851852,1478.7395061728396,130143,129760,124,810
27,1368.8278688999999,1393.954918032787,130149,129766,129,488
27,1318.6446991404011,1443.1833810888252,130150,129767,125,349
27,1379.8594704684317,1427.9490835,130159,129776,127,491
27,1343.037773359841,1444.0536779324057,130160,129777,128,503
28,1316.3044217687075,1283.0527210884354,130506,130123,130,588
28,1274.39726027,1295.2414383561643,130507,130124,131,584
28,1337.751879699248,1315.3082706766918,130516,130133,132,532
28,1312.217261904762,1356.325892857143,130517,130134,122,672
28,1294.4942675159236,1449.0675159235668,130522,130139,123,785
28,1346.9145860709593,1481.3377135348226,130526,130143,124,761
28,1365.7880085653105,1391.6188436830835,130532,130149,129,467
28,1316.9142091152814,1443.9034852546918,130533,130150,125,373
28,1378.1847826086957,1425.3659420289855,130542,130159,127,552
28,1341.3179190751446,1444.8574181117533,130543,130160,128,519
29,1315.7135922330096,1274.205501618123,130889,130506,130,618
29,1276.017857142857,1293.5844155844156,130890,130507,131,616
29,1338.5334685598377,1310.841784989858,130899,130516,132,493
29,1314.7324749642346,1353.0529327610873,130900,130517,122,699
29,1294.24847001,1450.8776009791923,130905,130522,123,817
29,1347.1966292134832,1482.0463483146068,130909,130526,124,712
29,1361.9332096474955,1390.6307977736549,130915,130532,129,539
29,1317.0877192982457,1444.3801169590643,130916,130533,125,342
29,1377.7842003853564,1426.0828516377649,130925,130542,127,519
29,1341.7562862669247,1446.2147001934236,130926,130543,128,517
30,1319.0831973898858,1272.4502446982056,131272,130889,130,613
30,1276.928455284553,1293.42601626,131273,130890,131,615
30,1335.1441947565543,1311.6872659,131282,130899,132,534
30,1313.9665271966528,1352.6555090655509,131283,130900,122,717
30,1296.1622276029057,1451.4370460048426,131288,130905,123,826
30,1346.8424657534247,1481.2785388127854,131292,130909,124,438
30,1361.737793851718,1391.9330922242316,131298,130915,129,553
30,1319.822950819672,1439.2098360655737,131299,130916,125,305
30,1377.8761384335155,1426.249544626594,131308,130925,127,549
30,1343.0087912087913,1447.2021978021978,131309,130926,128,455
31,1322.156507413509,1274.8912685337727,131655,131272,130,607
31,1278.5889570552147,1294.069018404908,131656,131273,131,652
31,1336.4950690335306,1316.3865877712033,131665,131282,132,507
31,1313.2771739130435,1352.6739130434783,131666,131283,122,736
31,1293.62451108,1450.6245110821383,131671,131288,123,767
31,1361.194756554307,1481.0411985018727,131677,131292,133,267
31,1333.292490118577,1482.7628458498025,131678,131292,134,253
31,1360.891265597148,1392.5329768270944,131681,131298,129,561
31,1316.5317220543807,1442.6858006042296,131682,131299,125,331
31,1376.0051813471503,1428.2987910189984,131691,131308,127,579
31,1340.8268839103869,1450.3808553971487,131692,131309,128,491
32,1324.5176848874598,1275.927652733119,132038,131655,130,622
32,1279.8511278195488,1295.0676691729323,132039,131656,131,665
32,1334.8615071283095,1317.5865580448065,132048,131665,132,491
32,1312.5116279069766,1354.1805745554036,132049,131666,122,731
32,1290.857142857143,1449.084126984127,132054,131671,123,630
32,1362.3056478405315,1485.750830564784,132060,131677,133,301
32,1337.8924731182797,1487.616487455197,132061,131678,134,279
32,1361.1494464944649,1392.3985239852398,132064,131681,129,542
32,1317.778350515464,1440.3505154639174,132065,131682,125,388
32,1376.2238010657193,1430.7353463587922,132074,131691,127,563
32,1342.1712062256809,1453.1614785992217,132075,131692,128,514
33,1324.839527027027,1276.456081081081,132421,132038,130,592
33,1279.6745913818722,1294.3863298662704,132422,132039,131,673
33,1335.1259842519685,1317.8740157480315,132431,132048,132,508
33,1313.6270718232045,1353.8218232044198,132432,132049,122,724
33,1287.7792706333973,1454.3608445297505,132437,132054,123,521
33,1361.6964285714287,1480.0535714285716,132443,132060,133,336
33,1337.2679738562092,1489.0947712418301,132444,132061,134,306
33,1361.6641509433962,1390.1150943396226,132447,132064,129,530
33,1315.4360730593608,1437.445205479452,132448,132065,125,438
33,1375.7088607594937,1431.3146473779384,132457,132074,127,553
33,1341.5659656,1453.0114722753347,132458,132075,128,523
34,1324.7723440134907,1276.7942664418213,132804,132421,130,593
34,1278.2876923076924,1294.74769231,132805,132422,131,650
34,1333.7148936170213,1319.4510638297872,132814,132431,132,470
34,1313.124833997344,1355.1181938911022,132815,132432,122,753
34,1283.4412698412698,1472.1619047619047,132822,132437,135,315
34,1289.9302325581396,1440.607235142119,132823,132437,136,387
34,1362.9467005076142,1480.46192893401,132826,132443,133,394
34,1337.6510067114093,1490.0436241610737,132827,132444,134,298
34,1363.931338028169,1390.7218309859154,132830,132447,129,568
34,1315.552995391705,1440.447004608295,132831,132448,125,434
34,1376.2196078431373,1433.8176470588235,132840,132457,127,510
34,1341.382405745063,1453.1526032315978,132841,132458,128,557
35,1326.8956661316213,1277.454253611557,133187,132804,130,623
35,1281.1233082706767,1294.6947368421052,133188,132805,131,665
35,1333.8977505112475,1320.2188139059306,133197,132814,132,489
35,1315.1122994652405,1354.066844919786,133198,132815,122,748
35,1285.1032258064515,1468.3225806451612,133205,132822,135,310
35,1293.2923076923078,1438.2092307692308,133206,132823,136,325
35,1363.5520581113801,1479.9007263922517,133209,132826,133,413
35,1339.7,1491.3,133210,132827,134,350
35,1365.9588551,1391.1824686940965,133213,132830,129,559
35,1316.0114678899083,1440.6123853211009,133214,132831,125,436
35,1377.0124555160141,1432.4163701067616,133223,132840,127,562
35,1340.7979452054794,1452.9469178082193,133224,132841,128,584
36,1327.529702970297,1278.4422442244224,133570,133187,130,606
36,1281.2737920937043,1294.6603221083456,133571,133188,131,683
36,1331.5896907216495,1321.7319587628865,133580,133197,132,485
36,1315.4587765957447,1354.9933510638298,133581,133198,122,752
36,1284.3475783475783,1469.5868945868947,133588,133205,135,351
36,1294.484939759036,1438.801204819277,133589,133206,136,332
36,1363.30155210643,1479.7827050997782,133592,133209,133,451
36,1339.3406940063091,1488.4447949526814,133593,133210,134,317
36,1364.9535655058044,1391.7363184079602,133596,133213,129,603
36,1316.8974943052392,1440.6628701594532,133597,133214,125,439
36,1376.5047801147227,1432.3059273422562,133606,133223,127,523
36,1340.3821292775665,1455.2889733840304,133607,133224,128,526
37,1327.7794871794872,1277.9880341880341,133953,133570,130,585
37,1282.09224012,1295.2650073206441,133954,133571,131,683
37,1333.016563146998,1320.631469979296,133963,133580,132,483
37,1316.3478835978835,1354.7089947089946,133964,133581,122,756
37,1282.53477218,1469.8585131894483,133971,133588,135,417
37,1289.72131147541,1438.4918032786886,133972,133589,136,366
37,1365.3478260869565,1481.4323671497584,133975,133592,133,414
37,1339.4511494252874,1492.5114942528735,133976,133593,134,348
37,1365.836956521739,1389.9239130434783,133979,133596,129,552
37,1319.8649155722326,1437.9324577861164,133980,133597,125,533
37,1377,1433.2768670309654,133989,133606,127,549
37,1342.3978494623657,1457.8118279569892,133990,133607,128,558
38,1328.4010067114093,1276.038590604027,134319,133953,130,596
38,1281.4918759231905,1295.0118168389956,134320,133954,131,677
38,1329.9013806706114,1320.6153846153845,134329,133963,132,507
38,1314.9815546772068,1353.3833992094862,134330,133964,122,759
38,1283.570093457944,1469.1191588785045,134337,133971,135,428
38,1287.203539823009,1437.0176991150443,134338,133972,136,339
38,1362.6470588235295,1481.5882352941176,134341,133975,133,425
38,1336.081081081081,1488.6,134342,133976,134,370
38,1362.8201680672269,1391.2302521008403,134345,133979,129,595
38,1319.9404761904761,1435.7777777777778,134346,133980,125,504
38,1376.0567107750473,1433.9546313799622,134355,133989,127,529
38,1339.155109489051,1455.3211678832117,134356,133990,128,548
39,1329.4317406143346,1277.122866894198,134699,134319,130,586
39,1280.684750733138,1293.782991202346,134700,134320,131,682
39,1330.093023255814,1321.4263565891472,134709,134329,132,516
39,1314.4172099087352,1353.232073011734,134710,134330,122,767
39,1282.3381294964029,1470.390887290168,134717,134337,135,417
39,1285.10447761,1438.3164179104479,134718,134338,136,335
39,1361.1193058568329,1480.9501084598699,134721,134341,133,461
39,1337.0437158469945,1491.4972677595629,134722,134342,134,366
39,1363.565705128205,1392.2660256410256,134725,134345,129,624
39,1319.499001996008,1432.5429141716568,134726,134346,125,501
39,1373.9738805970148,1434.7873134328358,134735,134355,127,536
39,1337.4442508710802,1455.9494773519164,134736,134356,128,574
40,1328.3204047217537,1277.2984822934234,135079,134699,130,593
40,1281.780523255814,1296.265988372093,135080,134700,131,688
40,1329.4708029197081,1321.0802919708028,135089,134709,132,548
40,1314.6503311258277,1354.2450331125829,135090,134710,122,755
40,1281.7477064220184,1469.5779816513761,135097,134717,135,436
40,1288.7456647398844,1435.849710982659,135098,134718,136,346
40,1359.80375782881,1483.4237995824635,135101,134721,133,479
40,1334.467966573816,1496.1727019498608,135102,134722,134,359
40,1362.6416,1395.6112,135105,134725,129,625
40,1321.3326885880078,1435.4119922630562,135106,134726,125,517
40,1375.078895463511,1434.8816568047337,135115,134735,127,507
40,1338.7043918918919,1460.1283783783783,135116,134736,128,592
41,1330.6192982456141,1275.3631578947368,135459,135079,130,570
41,1284.2116788321168,1293.6540145985402,135460,135080,131,685
41,1330.220640569395,1318.6832740213524,135469,135089,132,562
41,1315.5303430079155,1353.1833773087071,135470,135090,122,758
41,1283.0861678004535,1466.5011337868482,135477,135097,135,441
41,1288.1666666666667,1437.2142857142858,135478,135098,136,336
41,1361.0438756855576,1479.4314442413163,135481,135101,133,547
41,1337.4899497487438,1497.2010050251256,135482,135102,134,398
41,1362.6186046511627,1395.187596899225,135485,135105,129,645
41,1320.0229445506693,1435.6959847036328,135486,135106,125,523
41,1377.6984402079722,1431.7417677642982,135495,135115,127,577
41,1341.1384364820847,1455.5570033,135496,135116,128,614
42,1329.8350168350169,1279.2895622895624,135839,135459,130,594
42,1283.3656597774245,1293.5182829888713,135840,135460,131,629
42,1332.534516765286,1317.34516765286,135849,135469,132,507
42,1318.0104849279162,1353.2726081258193,135850,135470,122,763
42,1281.703196347032,1471.0639269406392,135857,135477,135,438
42,1287.5745341614906,1435.6397515527951,135858,135478,136,322
42,1358.2898550724638,1481.9316770186335,135861,135481,133,483
42,1338.3308457711444,1499.1169154228855,135862,135482,134,402
42,1360.6094224924013,1397.323708206687,135865,135485,129,658
42,1321.0946196660482,1433.5194805194806,135866,135486,125,539
42,1378.3819188191883,1434.138376383764,135875,135495,127,542
42,1340.2702265372168,1456.784789644013,135876,135496,128,618
43,1328.625816993464,1278.671568627451,136223,135839,130,612
43,1282.8002853067046,1293.355206847361,136224,135840,131,701
43,1330.5186640471513,1317.475442,136233,135849,132,509
43,1315.1172413793104,1351.9406896551725,136234,135850,122,725
43,1281.4947368421053,1470.9894736842105,136241,135857,135,475
43,1287.31092437,1437.81512605042,136242,135858,136,357
43,1357.6993736951983,1479.9018789,136245,135861,133,479
43,1342.1888888888889,1497.5555555555557,136246,135862,134,360
43,1358.3095238095239,1399.578869047619,136249,135865,129,672
43,1319.768953068592,1432.21119133574,136250,135866,125,554
43,1376.0671641791046,1432.92723880597,136259,135875,127,536
43,1338.60413080895,1457.5955249569706,136260,135876,128,581
44,1327.7274220032841,1276.75041051,136607,136223,130,609
44,1280.0283582089553,1293.631343283582,136608,136224,131,670
44,1330.1600753295668,1316.4915254237287,136617,136233,132,531
44,1315.2104575163398,1353.3124183006537,136618,136234,122,765
44,1278.11377245509,1473.3353293413174,136625,136241,135,501
44,1283.43380282,1436.6901408450703,136626,136242,136,355
44,1357.515325670498,1478.5,136629,136245,133,522
44,1340.4749340369394,1495.693931398417,136630,136246,134,379
44,1360.5462822,1397.8907435508345,136633,136249,129,659
44,1317.3471223021584,1432.4046762589928,136634,136250,125,556
44,1380.572192513369,1431.1051693404634,136643,136259,127,561
44,1337.8154574132493,1455.916403785489,136644,136260,128,634
45,1330.1702508960573,1275.8333333333333,136991,136607,130,558
45,1280.0414814814815,1293.0948148148148,136992,136608,131,675
45,1327.4423791821562,1317.0371747211896,137001,136617,132,538
45,1311.1040609137056,1351.1408629441626,137002,136618,122,788
45,1278.4733475479743,1471.7100213219617,137009,136625,135,469
45,1286.9047619,1433.9732142857142,137010,136626,136,336
45,1355.4275092936803,1481.078066914498,137013,136629,133,538
45,1340.4923076923078,1498.7820512820513,137014,136630,134,390
45,1360.7347242921014,1398.140089418778,137017,136633,129,671
45,1316.7227191413238,1431.9731663685152,137018,136634,125,559
45,1383.524680073126,1427.396709323583,137027,136643,127,547
45,1336.3900481540932,1456.2471910112358,137028,136644,128,623
46,1329.2508250825083,1277.3498349834983,137371,136991,130,606
46,1281.6011904761904,1293.6964285714287,137372,136992,131,672
46,1330.3410852713178,1315.9883720930234,137381,137001,132,516
46,1312.8367609254499,1351.1606683804628,137382,137002,122,778
46,1280.947895791583,1470.2745490981965,137389,137009,135,499
46,1286.5701492537314,1433.2149253731343,137390,137010,136,335
46,1355.763602251407,1478.9774859287054,137393,137013,133,533
46,1342.2890025575448,1497.0409207161124,137394,137014,134,391
46,1361.6698717948718,1396.9375,137397,137017,129,624
46,1317.5732600732601,1431.7326007326008,137398,137018,125,546
46,1383.2767402,1424.7402376910018,137407,137027,127,589
46,1337.1392,1455.9744,137408,137028,128,625
47,1326.0306451612903,1276.5629032258064,137751,137371,130,620
47,1279.1566820276498,1292.9124423963133,137752,137372,131,651
47,1329.8289241622574,1313.530864197531,137761,137381,132,567
47,1311.9821656050956,1352.8624203821655,137762,137382,122,785
47,1278.3910505836575,1471.8171206225682,137769,137389,135,514
47,1286.779552715655,1435.664536741214,137770,137390,136,313
47,1353.9614678899084,1479.0366972477063,137773,137393,133,545
47,1344.7831325301204,1497.0602409638554,137774,137394,134,415
47,1361.137873754153,1395.6760797342192,137777,137397,129,602
47,1315.8974358974358,1431.8168498168498,137778,137398,125,546
47,1383.4055459272097,1421.4003466204506,137787,137407,127,577
47,1332.9611650485438,1457.6229773462783,137788,137408,128,618
48,1328.7607260726072,1276.9191419141914,138131,137751,130,606
48,1281.561377245509,1293.4790419161677,138132,137752,131,668
48,1330.4109090909092,1316.0327272727272,138141,137761,132,550
48,1312.886768447837,1353.4338422391857,138142,137762,122,786
48,1278.7828571428572,1472.5009523809524,138149,137769,135,525
48,1286.0651465798046,1430.9185667752442,138150,137770,136,307
48,1356.4442413162706,1476.7586837294332,138153,137773,133,547
48,1347.8880952380953,1495.8404761904762,138154,137774,134,420
48,1363.7490774907749,1389.579335793358,138157,137777,129,271
48,1317.5714285714287,1431.7641996557659,138158,137778,125,581
48,1386.5583756345177,1416.5313028764806,138167,137787,127,591
48,1332.936630602782,1457.7836166924267,138168,137788,128,647
49,1327.6952224052718,1276.841845140033,138511,138131,130,607
49,1276.8836424957842,1292.5615514333895,138512,138132,131,593
49,1330.8666666666668,1313.8285714285714,138521,138141,132,525
49,1314.2073324905184,1353.4601769911505,138522,138142,122,791
49,1278.6447876447876,1473.2953667953668,138529,138149,135,518
49,1285.75932203,1430.0813559322035,138530,138150,136,295
49,1356.522920203735,1474.8726655348048,138533,138153,133,589
49,1348.658371040724,1494.8687783,138534,138154,134,442
49,1316.9930191972076,1430.9528795811518,138538,138158,125,573
49,1375.4431818181818,1378.590909090909,138540,138157,137,264
49,1364.3555555555556,1407.5851851851853,138541,138157,138,270
49,1386.8531952,1414.7443868739206,138547,138167,127,579
49,1328.7515151515152,1459.539393939394,138548,138168,128,660
50,1336.5053995680346,1272.671706263499,138891,138511,130,463
50,1277.4117647058824,1293.8609625668448,138892,138512,131,374
50,1329.281195079086,1313.6959578207382,138901,138521,132,569
50,1314.0825,1350.83625,138902,138522,122,800
50,1280.009633911368,1473.1059730250481,138909,138529,135,519
50,1287.3478260869565,1431.3210702341137,138910,138530,136,299
50,1358.3156089193826,1474.6312178,138913,138533,133,583
50,1349.65625,1495.1674107142858,138914,138534,134,448
50,1318.1485809682804,1431.6110183639398,138918,138538,125,599
50,1371.2788944723618,1382.9095477386934,138920,138540,137,398
50,1352.6871508379888,1405.8491620111731,138921,138541,138,358
50,1384.926868044515,1415.027027027027,138927,138547,127,629
50,1329.4646153846154,1461.3507692307692,138928,138548,128,650
51,1339.72131147541,1275.2224824355972,139276,138891,130,427
51,1273.017361111111,1303.0902777777778,139278,138892,139,288
51,1281.7073954983923,1279.3086816720256,139280,138892,140,311
51,1329.43216080402,1311.036850921273,139286,138901,132,597
51,1315.0831202046036,1354.8260869565217,139287,138902,122,782
51,1280.1338582677165,1474.484251968504,139294,138909,135,508
51,1287.0378548895899,1433,139295,138910,136,317
51,1357.2820945945946,1473.9273648648648,139298,138913,133,592
51,1346.7617021276596,1494.8595744680852,139299,138914,134,470
51,1317.4027072758038,1433.2148900169204,139303,138918,125,591
51,1371.9188544152744,1382.7040572792362,139305,138920,137,419
51,1350.4896551724137,1409.5471264367816,139306,138921,138,435
51,1382.0710743801653,1417.7454545454545,139312,138927,127,605
51,1326.4884696016773,1465.0587002096436,139313,138928,128,477
52,1274.315112540193,1304.9935691318328,139663,139278,139,311
52,1281.15838509,1279.0372670807453,139665,139280,140,322
52,1320.3851132686084,1259.401294498382,139667,,141,309
52,1341.328947368421,1283.8355263157896,139668,139276,130,304
52,1329.4847512038523,1308.247191011236,139671,139286,132,623
52,1315.774025974026,1353.1584415584416,139672,139287,122,770
52,1280.2711198428292,1473.6286836935167,139679,139294,135,509
52,1287.3427672955975,1428.6729559748428,139680,139295,136,318
52,1356.7064846416383,1473.0460750853242,139683,139298,133,586
52,1346.1257731958763,1493.2742268041238,139684,139299,134,485
52,1314.673076923077,1433.6608391608393,139688,139303,125,572
52,1371.1778290993072,1384.2424942263278,139690,139305,137,433
52,1347.7982646420824,1417.6789587852495,139691,139306,138,461
52,1381.2227342549922,1416.7219662058371,139697,139312,127,651
52,1332.057142857143,1453.9571428571428,139700,139313,128,140
52,1310.741935483871,1478.2129032258065,139701,,142,155
53,1273.3096446700508,1303.6370558375634,140048,139663,139,394
53,1278.84375,1280.3607954545455,140050,139665,140,352
53,1315.9201277955272,1260.073482428115,140052,139667,141,313
53,1340.6836734693877,1282.9149659863945,140053,139668,130,294
53,1329.328282828283,1309.3131313131314,140056,139671,132,594
53,1313.470223325062,1350.4032258064517,140057,139672,122,806
53,1277.272,1473.908,140064,139679,135,500
53,1286.9415584415585,1429.4935064935064,140065,139680,136,308
53,1355.6379928315412,1471.1218637992831,140068,139683,133,558
53,1347.2345679012346,1491.5288065843622,140069,139684,134,486
53,1313.3812056737588,1435.1418439716313,140073,139688,125,564
53,1372.485193621868,1382.3029612756263,140075,139690,137,439
53,1344.6021276595745,1421.304255319149,140076,139691,138,470
53,1378.2238095238095,1418.184126984127,140082,139697,127,630
53,1332.4204545454545,1460.844697,140085,139700,128,264
53,1307.5826446280992,1483.3677685950413,140086,139701,142,242
54,1271.8447058823529,1300.595294117647,140428,140048,139,425
54,1284.4432432432432,1285.2378378378378,140430,140050,140,370
54,1318.643598615917,1257.159169550173,140432,140052,141,289
54,1338.276397515528,1284.8819875776398,140433,140053,130,322
54,1332.9730769230769,1314.9596153846153,140436,140056,132,520
54,1314.1735218508998,1351.8804627249358,140437,140057,122,778
54,1280.2842105263157,1472.6105263157895,140444,140064,135,475
54,1288.7689873417721,1430.613924050633,140445,140065,136,316
54,1357.8297491039427,1471.116487455197,140448,140068,133,558
54,1347.749529190207,1492.1224105461392,140449,140069,134,531
54,1316.0663265306123,1434.0816326530612,140453,140073,125,588
54,1378.0063025210084,1385.59243697479,140455,140075,137,476
54,1348.9834024896265,1416.2053941908714,140456,140076,138,482
54,1378.4776386404294,1424.5295169946332,140462,140082,127,559
54,1334.7875,1461.43125,140465,140085,128,320
54,1306.6283783783783,1484.4797297297298,140466,140086,142,296
55,1270.9977924944812,1301.4613686534217,140808,140428,139,453
55,1284.0227272727273,1286.918181818182,140810,140430,140,440
55,1320.9646302250803,1260.807073954984,140812,140432,141,311
55,1337.6600566572238,1283.1303116147308,140813,140433,130,353
55,1330.1610486891386,1312.0823970037454,140816,140436,132,534
55,1313.7096774193549,1350.231182795699,140817,140437,122,744
55,1281.22653061,1470.2469387755102,140824,140444,135,490
55,1291.1702127659573,1427.465045592705,140825,140445,136,329
55,1357.890625,1470.576388888889,140828,140448,133,576
55,1350.1297709923665,1491.8568702290077,140829,140449,134,524
55,1315.923611111111,1433.2309027777778,140833,140453,125,576
55,1387.9701834862385,1389.3784403669724,140835,140455,137,436
55,1355.6615087040618,1410.2882011605416,140836,140456,138,517
55,1378.516129032258,1423.594470046083,140842,140462,127,217
55,1335.3506097560976,1459.841463414634,140845,140465,128,328
55,1304.4518072289156,1483.6445783,140846,140466,142,332
56,1271.71235521,1301.515444015444,141188,140808,139,518
56,1285.9547413793102,1287.280172413793,141190,140810,140,464
56,1319.990291262136,1260.5728155339805,141192,140812,141,309
56,1339.9066265060242,1281.72891566,141193,140813,130,332
56,1332.2621185,1312.8617594254938,141196,140816,132,557
56,1311.4312320916906,1353.4957020057307,141197,140817,122,698
56,1281.4386317907445,1466.7404426559356,141204,140824,135,497
56,1290.1070336391438,1427.4006116207952,141205,140825,136,327
56,1357.2964285714286,1470.192857142857,141208,140828,133,560
56,1349.609576427256,1491.366482504604,141209,140829,134,543
56,1315.446153846154,1432.3333333333333,141213,140833,125,585
56,1387.4018867924528,1384.554716981132,141215,140835,137,530
56,1357.5903165735567,1415.389199255121,141216,140836,138,537
56,1333.5925925925926,1457.7777777777778,141225,140845,128,351
56,1302.9141274238227,1482.5983379501386,141226,140846,142,361
56,1386.9612068965516,1408.780172413793,141228,140842,143,232
56,1370.4881516587677,1436.1421800947867,141229,140842,144,211
57,1272.532,1303.152,141568,141188,139,500
57,1281.6601731601731,1284.67316017316,141570,141190,140,462
57,1321.7739938080495,1263.65944272,141572,141192,141,323
57,1341.5225988700565,1279.72316384,141573,141193,130,354
57,1334.0427631578948,1313.1842105263158,141576,141196,132,608
57,1312.9078014184397,1358.4728132387706,141577,141197,122,423
57,1281.087591240876,1465.4184914841849,141584,141204,135,411
57,1288.6052631578948,1432.938596491228,141585,141205,136,342
57,1358.6842105263158,1469.6701754385965,141588,141208,133,570
57,1348.6118881118882,1491.8583916083917,141589,141209,134,572
57,1315.3309859154929,1433.9559859154929,141593,141213,125,568
57,1385.390374331551,1384.8128342245989,141595,141215,137,561
57,1354.7274436090224,1414.7105263157896,141596,141216,138,532
57,1335.2542787286063,1455.9364303178484,141605,141225,128,409
57,1302.6891891891892,1482.4756756756756,141606,141226,142,370
57,1388.5240384615386,1408.5817307692307,141608,141228,143,208
57,1374.6689655172413,1434.5344827586207,141609,141229,144,290
58,1270.2523540489642,1303.9114877589454,141948,141568,139,531
58,1281.5875486381324,1286.2140077821011,141950,141570,140,514
58,1323.577142857143,1266.2,141952,141572,141,350
58,1342.3447368421052,1279.18421053,141953,141573,130,380
58,1338.6003490401397,1319.6492146596859,141956,141576,132,573
58,1296.0980392156862,1341.7205882352941,141959,,145,204
58,1323.995024875622,1359.9353233830846,141961,141577,122,201
58,1277.8333333333333,1462.8227513227514,141964,141584,135,378
58,1284.2916666666667,1430.2916666666667,141965,141585,136,336
58,1356.5794701986756,1469.6523178807947,141968,141588,133,604
58,1347.4091710758378,1491.7601410934744,141969,141589,134,567
58,1312.7090301003345,1435.7642140468226,141973,141593,125,598
58,1390.3948339483395,1384.8025830258302,141975,141595,137,542
58,1356.2234848484848,1411.3693181818182,141976,141596,138,528
58,1334.7244444444445,1454.2911111111111,141985,141605,128,450
58,1300.9111675126903,1481.774111675127,141986,141606,142,394
58,1394.366533864542,1412.2509960159364,141988,141608,143,251
58,1373.6205673758866,1433.3652482269504,141989,141609,144,282
59,1270.7078651685392,1304.6629213483145,142328,141948,139,534
59,1277.697628458498,1284.6422924901185,142330,141950,140,506
59,1317.086387434555,1261.9659685863874,142332,141952,141,382
59,1347.1831683168316,1273.4331683168316,142333,141953,130,404
59,1337.6186579378068,1320.6153846153845,142336,141956,132,611
59,1292.3032069970845,1347.737609329446,142339,141959,145,343
59,1323.6685236768803,1358.7632311977716,142341,141961,122,359
59,1278.4773269689738,1462.546539379475,142344,141964,135,419
59,1287.3061889250814,1430.0032573289902,142345,141965,136,307
59,1358.0513698630136,1469.849315068493,142348,141968,133,584
59,1347.3153456998314,1491.7133220910623,142349,141969,134,593
59,1314.2362344582593,1433.6323268206038,142353,141973,125,563
59,1388.156474820144,1383.3039568345323,142355,141975,137,556
59,1355.058365758755,1404.535019455253,142356,141976,138,514
59,1335.3917995444192,1453.382687927107,142365,141985,128,439
59,1301.5037593984962,1481.122807017544,142366,141986,142,399
59,1392.9833333333333,1411.8433333333332,142368,141988,143,300
59,1370.8064516129032,1435.6193548387096,142369,141989,144,310
60,1263.6419294990724,1302.5361781076067,142708,142328,139,539
60,1282.3717693836977,1285.6679920477138,142710,142330,140,503
60,1314.5079726651481,1261.9362186788155,142712,142332,141,439
60,1347.1005586592178,1270.6843575418995,142713,142333,130,358
60,1340.83676703645,1318.9080824088749,142716,142336,132,631
60,1293.5538847117793,1351.1203007518798,142719,142339,145,399
60,1325.1912832929781,1360.5520581113801,142721,142341,122,413
60,1276.9187817258883,1463.2411167512691,142724,142344,135,394
60,1288.0093457943926,1431.6230529595016,142725,142345,136,321
60,1357.9405594405594,1468.8968531468531,142728,142348,133,572
60,1347.8076285240463,1490.4908789386402,142729,142349,134,603
60,1311.8257713248638,1435.7350272232304,142733,142353,125,551
60,1385.1436170212767,1384.5460992907801,142735,142355,137,564
60,1352.6624775583482,1402.5008976660683,142736,142356,138,557
60,1336.861570247934,1446.9070247933885,142745,142365,128,484
60,1300.5724137931034,1482.5747126436781,142746,142366,142,435
60,1394.9651162790697,1411.1773255813953,142748,142368,143,344
60,1369.622807017544,1436.0555555555557,142749,142369,144,342
61,1264.7072727272728,1301.2381818181818,143088,142708,139,550
61,1288.8418079096045,1283.2448210922787,143090,142710,140,531
61,1320.086956521739,1257.5815217391305,143092,142712,141,368
61,1347.0870712401056,1271.0158311345647,143093,142713,130,379
61,1341.7492354740061,1315.9525993883792,143096,142716,132,654
61,1294.3196125907991,1354.46004842615,143099,142719,145,413
61,1329.162291169451,1361.6825775656325,143101,142721,122,419
61,1277.923076923077,1468.0079575596817,143104,142724,135,377
61,1280.6439169139467,1433.341246290801,143105,142725,136,337
61,1358.6258064516128,1467.8129032258064,143108,142728,133,620
61,1349.8694915254237,1489.371186440678,143109,142729,134,590
61,1310.4007029876977,1436.0931458699472,143113,142733,125,569
61,1382.008347245409,1386.0100166944908,143115,142735,137,599
61,1347.7137745974956,1404.0268336314848,143116,142736,138,559
61,1340.682474226804,1446.7896907216495,143125,142745,128,485
61,1302.9590361445782,1481.187951807229,143126,142746,142,415
61,1392.4588528678305,1409.5486284289277,143128,142748,143,401
61,1372.8523076923077,1436.1753846153847,143129,142749,144,325
62,1263.6080139372823,1299.2456445993032,143468,143088,139,574
62,1289.6501831501832,1281.5201465201465,143470,143090,140,546
62,1325.3215339233038,1250.1297935103246,143472,143092,141,339
62,1341.4352078239608,1269.643031784841,143473,143093,130,409
62,1340.379104477612,1311.0268656716419,143476,143096,132,670
62,1295.2379958246347,1354.2588727,143479,143099,145,479
62,1330.6805251641138,1356.3522975929977,143481,143101,122,457
62,1276.6327543424318,1468.8957816377172,143484,143104,135,403
62,1282.7193548387097,1432.5225806451613,143485,143105,136,310
62,1358.667870036101,1466.0108303249099,143488,143108,133,554
62,1348.0605042016807,1487.2285714285715,143489,143109,134,595
62,1310.5,1435.6666666666667,143493,143113,125,522
62,1380.6059544658494,1380.0105078809106,143495,143115,137,571
62,1345.9351535836176,1406.0307167235494,143496,143116,138,586
62,1337.4156626506024,1450.9979919678715,143505,143125,128,498
62,1301.916461916462,1479.4299754299755,143506,143126,142,407
62,1389.2708860759494,1408.6455696202531,143508,143128,143,395
62,1370.6939393939394,1436.6424242424243,143509,143129,144,330
63,1264.5100548446069,1298.65447898,143848,143468,139,547
63,1288.341726618705,1279.88309352518,143850,143470,140,556
63,1330.9721448467967,1246.7465181058496,143852,143472,141,359
63,1340.1418918918919,1270.5225225225224,143853,143473,130,444
63,1336.9097744360902,1309.2015037593985,143856,143476,132,665
63,1297.0943396226414,1357.0859538784066,143859,143479,145,477
63,1330.6673640167364,1349.4602510460252,143861,143481,122,478
63,1276.8197115384614,1468.6802884615386,143864,143484,135,416
63,1284.3548387096773,1430.8354838709677,143865,143485,136,310
63,1356.3351851851853,1468.1703703703704,143868,143488,133,540
63,1354.744094488189,1486.8976377952756,143869,143489,134,508
63,1313.5349716446126,1433.1285444234404,143873,143493,125,529
63,1381.563973063973,1381.0387205387206,143875,143495,137,594
63,1344.3946037099495,1402.2276559865093,143876,143496,138,593
63,1340.1876208897486,1450.5570599613152,143885,143505,128,517
63,1303.2380952380952,1470.7683982683982,143886,143506,142,462
63,1387.2688442211056,1408.7236180904522,143888,143508,143,398
63,1373.692537313433,1433.976119402985,143889,143509,144,335
64,1262.6593959731545,1295.6308724832215,144228,143848,139,596
64,1291.7911504424778,1277.1982300884956,144230,143850,140,565
64,1332.221945137157,1244.6209476309227,144232,143852,141,401
64,1348.0279329608938,1268.1899441340781,144233,143853,130,358
64,1336.8970149253732,1307.3731343283582,144236,143856,132,670
64,1299.5132924335378,1358.1370143149284,144239,143859,145,489
64,1327.1324376199616,1346.1074856046066,144241,143861,122,521
64,1280.88918206,1473.9129287598944,144244,143864,135,379
64,1283.283536585366,1430.2134146341464,144245,143865,136,328
64,1355.2089844,1468.5253906,144248,143868,133,512
64,1359.1485355648535,1483.6715481171548,144249,143869,134,478
64,1311.4849785407725,1435.5236051502145,144253,143873,125,233
64,1382.890410958904,1376.7636986,144255,143875,137,584
64,1342.6972789115646,1401.748299319728,144256,143876,138,588
64,1340.0780287474333,1451.9034907597536,144265,143885,128,487
64,1306.5808510638299,1460.304255319149,144266,143886,142,470
64,1385.640506329114,1405.5012658227847,144268,143888,143,395
64,1378.7689969604862,1430.5440729483282,144269,143889,144,329
65,1262.4566666666667,1295.2283333333332,144616,144228,139,600
65,1291.8913412563668,1275.6706281833617,144618,144230,140,589
65,1319.1583578,1268.7184750733138,144620,,146,341
65,1343.322033898305,1261.2711864406779,144621,144233,130,413
65,1337.2955882352942,1309.25,144624,144236,132,680
65,1300.3652694610778,1360.129740518962,144627,144239,145,501
65,1322.0881801125704,1344.8499061913697,144629,144241,122,533
65,1280.5454545454545,1475.651948051948,144632,144244,135,385
65,1283.4397590361446,1427.3373493975903,144633,144245,136,332
65,1355.463687150838,1468.3296089385476,144636,144248,133,537
65,1359.3841201716739,1484.1416309012875,144637,144249,134,466
65,1381.393103448276,1376.393103448276,144643,144255,137,580
65,1338.9796610169492,1396.9610169491525,144644,144256,138,590
65,1298.9441340782123,1440.4189944134077,144646,144253,125,179
65,1313.142857142857,1408.7465437788019,144647,,147,217
65,1336.891489361702,1451.6914893617022,144653,144265,128,470
65,1305.490909090909,1460.3434343434344,144654,144266,142,495
65,1382.8770053475937,1403.9385026737968,144656,144268,143,374
65,1376.1978319783198,1428.6720867208671,144657,144269,144,369
66,1262.6435331230284,1293.865930599369,145004,144616,139,634
66,1287.273519163763,1278.6777003484322,145006,144618,140,574
66,1318.506234413965,1271.3316708229427,145008,144620,146,401
66,1345.1105527638192,1259.2412060301508,145009,144621,130,398
66,1339.0374812593702,1311.2188905547227,145012,144624,132,667
66,1303.648,1362.996,145015,144627,145,500
66,1319.214920071048,1342.2042628774423,145017,144629,122,563
66,1281.473404255319,1476.497340425532,145020,144632,135,376
66,1282.969696969697,1426.8080808080808,145021,144633,136,297
66,1357.3564547206165,1466.5799614643545,145024,144636,133,519
66,1360.162447257384,1482.8059071729958,145025,144637,134,474
66,1383.242144177449,1374.641404805915,145031,144643,137,541
66,1339.1631944444443,1396.3975694444443,145032,144644,138,576
66,1300.5120967741937,1438.9314516129032,145034,144646,125,248
66,1312.9107142857142,1412.425,145035,144647,147,280
66,1336.1777777777777,1452.2747474747475,145041,144653,128,495
66,1304.9510638297872,1465.0702127659574,145042,144654,142,470
66,1383.7433862433863,1402.7460317460318,145044,144656,143,378
66,1375.5153846153846,1427.1435897435897,145045,144657,144,390
67,1262.0183946488294,1294.3879598662206,145392,145004,139,598
67,1286.764705882353,1277.183391,145394,145006,140,578
67,1319.6518987341772,1273.5590717299579,145396,145008,146,474
67,1346.9050279329608,1265.6620111731843,145397,145009,130,358
67,1341.434074074074,1314.8133333333333,145400,145012,132,675
67,1303.2368932038835,1360.411650485437,145403,145015,145,515
67,1318.1637323943662,1339.4929577464789,145405,145017,122,568
67,1283.5689223057643,1480.1754385964912,145408,145020,135,399
67,1284.7443365695792,1425.6278317152103,145409,145021,136,309
67,1358.2164750957854,1465.5613026819924,145412,145024,133,522
67,1360.4504310344828,1482.2392241379312,145413,145025,134,464
67,1382.9592592592592,1374.687037037037,145419,145031,137,540
67,1338.526405451448,1397.9420783645655,145420,145032,138,587
67,1298.27607362,1444.3435582822085,145422,145034,125,326
67,1312.0915032679738,1411.950980392157,145423,145035,147,306
67,1338.2262626262627,1451.7414141414142,145429,145041,128,495
67,1306.9870689655172,1468.3103448275863,145430,145042,142,464
67,1384.8697916666667,1401.6510416666667,145432,145044,143,384
67,1371.8863049095607,1424.2894056847545,145433,145045,144,387
68,1261.5433070866143,1294.0992126,145779,145392,139,635
68,1286.5160202360876,1276.8785834738617,145781,145394,140,593
68,1316.2576923076922,1276.053846153846,145783,145396,146,520
68,1341.1297709923665,1264.737913486005,145784,145397,130,393
68,1340.355072463768,1315.3463768115942,145787,145400,132,690
68,1304.0801526717557,1361.854961832061,145790,145403,145,524
68,1319.332669322709,1343.6394422310757,145792,145405,122,502
68,1285.057934508816,1480.559194,145795,145408,135,397
68,1286.69732938,1423.632047477745,145796,145409,136,337
68,1356.5546075085324,1465,145799,145412,133,586
68,1365.177966101695,1482.6542372881356,145800,145413,134,590
68,1381.8974358974358,1374.7362637362637,145806,145419,137,546
68,1339.7621527777778,1401.220486111111,145807,145420,138,576
68,1293.1114206128134,1443.8050139275765,145809,145422,125,359
68,1313.6484149855908,1410.207492795389,145810,145423,147,347
68,1338.5686274509803,1449.4481792717088,145816,145429,128,357
68,1308.7842741935483,1465.6068548387098,145817,145430,142,496
68,1397.4927113702624,1399.725947521866,145819,145432,143,343
68,1371.2338902147972,1422.2362768,145820,145433,144,419
69,1263.1900958466454,1293.776357827476,146166,145779,139,626
69,1288.4073455759599,1275.746243739566,146168,145781,140,599
69,1314.185606060606,1277.0492424242425,146170,145783,146,528
69,1341.3559322033898,1265.5762711864406,146171,145784,130,413
69,1340.6822157434403,1316.3498542274053,146174,145787,132,686
69,1290.01956522,1360.404347826087,146177,145790,145,460
69,1317.0912621359223,1343.6815533980582,146179,145792,122,515
69,1286.0075949367088,1480.7215189873418,146182,145795,135,395
69,1284.3279742765274,1425.4180064308682,146183,145796,136,311
69,1355.8802488335925,1464.959564541213,146186,145799,133,643
69,1368.629116117851,1481.0675909878682,146187,145800,134,577
69,1382.3327032136106,1374.6767485822306,146193,145806,137,529
69,1339.5199306759098,1397.951473136915,146194,145807,138,577
69,1292.68404908,1444.0184049079755,146196,145809,125,326
69,1312.0581039755352,1410.5810397553516,146197,145810,147,327
69,1339.634328358209,1444.4975124378109,146203,145816,128,402
69,1311.5127701375245,1465.4440078585462,146204,145817,142,509
69,1394.791891891892,1397.7648648648649,146206,145819,143,370
69,1374.177033492823,1426.2942583732058,146207,145820,144,418
70,1262.322006472492,1294.2686084142395,146553,146166,139,618
70,1287.703642384106,1277.049668874172,146555,146168,140,604
70,1311.5106382978724,1280.9414893617022,146557,146170,146,564
70,1338.964509394572,1265.3528183716076,146558,146171,130,479
70,1339.9667149059335,1316.0318379160638,146561,146174,132,691
70,1281.0075614366729,1369.1323251417768,146564,146177,145,529
70,1316.2776735459663,1344.5572232645404,146566,146179,122,533
70,1284.4923076923078,1482.2794871794872,146569,146182,135,390
70,1284.51410658,1424.6739811912225,146570,146183,136,319
70,1356.2319277108434,1465.359939759036,146573,146186,133,664
70,1369.4906303236799,1481.7785349,146574,146187,134,587
70,1383.6486486486488,1375.69009009009,146580,146193,137,555
70,1335.6527272727274,1400.9327272727273,146581,146194,138,550
70,1291.3342618384402,1444.8523676880222,146583,146196,125,359
70,1309.1584415584416,1404.187013,146584,146197,147,385
70,1340.2568578553617,1439.216957605985,146590,146203,128,401
70,1311.7226563,1469.0449219,146591,146204,142,512
70,1395.4489311163895,1396.874109263658,146593,146206,143,421
70,1373.8450363196125,1424.3075060532688,146594,146207,144,413
71,1263.087027914614,1293.2463054187192,146940,146553,139,609
71,1288.5736040609138,1272.2453468697124,146942,146555,140,591
71,1309.623076923077,1279.201923076923,146944,146557,146,520
71,1336.1694214876034,1264.4235537190082,146945,146558,130,484
71,1338.8975817923188,1316.1507823613088,146948,146561,132,703
71,1273.9576427255986,1370.6906077348067,146951,146564,145,543
71,1310.6584905660377,1344.8867924528302,146953,146566,122,530
71,1284.7506112469437,1483.2102689486553,146956,146569,135,409
71,1285.2283950617284,1425.6481481481483,146957,146570,136,324
71,1355.9522431259045,1464.0014471780028,146960,146573,133,691
71,1369.7272727272727,1481.047077922078,146961,146574,134,616
71,1381.4920353982302,1374.762831858407,146967,146580,137,565
71,1335.1288566243195,1398.7731397459165,146968,146581,138,551
71,1291.068376068376,1443.162393162393,146970,146583,125,351
71,1310.5720430107526,1399.5225806451613,146971,146584,147,465
71,1341.8655256723716,1430.5599022000001,146977,146590,128,409
71,1312.5306122448978,1467.6586270871985,146978,146591,142,539
71,1394.9566326530612,1393.8724489795918,146980,146593,143,392
71,1376.3370535714287,1423.6004464285713,146981,146594,144,448
72,1266.450406504065,1294.658536585366,147327,146940,139,615
72,1291.6459731543623,1271.5637583892617,147329,146942,140,596
72,1310.3576158940398,1281.6799116997793,147331,146944,146,453
72,1338.0633946830267,1264.55623722,147332,146945,130,489
72,1339.3025936599424,1315.0172910662825,147335,146948,132,694
72,1270.7836363636363,1377.590909090909,147338,146951,145,550
72,1308.6486988847585,1342.1375464684015,147340,146953,122,538
72,1286.0074626865671,1484.2238805970148,147343,146956,135,402
72,1287.8827160493827,1423.6450617283951,147344,146957,136,324
72,1357.2906626506024,1464.9834337349398,147347,146960,133,664
72,1372.7911908646004,1481.0766721044047,147348,146961,134,613
72,1381.540834845735,1373.869328493648,147354,146967,137,551
72,1335.8451178451178,1395.0185185185185,147355,146968,138,594
72,1291.1129943502824,1442.9209039548023,147357,146970,125,354
72,1309.3931623931624,1398.440170940171,147358,146971,147,468
72,1343.711409395973,1428.4608501118569,147364,146977,128,447
72,1313.4466911764705,1467.8069852941176,147365,146978,142,544
72,1392.2437185929648,1396,147367,146980,143,398
72,1374.7425149700598,1425.925149700599,147368,146981,144,334
73,1264.9414556962026,1294.41139241,147714,147327,139,632
73,1290.1968085106382,1271.3120567375886,147716,147329,140,564
73,1305.7440347071583,1286.232104121475,147718,147331,146,461
73,1332.361216730038,1265.0114068441064,147719,147332,130,526
73,1336.2964028776978,1312.5726618705037,147722,147335,132,695
73,1267.5735294117646,1377.7738970588234,147725,147338,145,544
73,1307.4442567567567,1338.9510135135135,147727,147340,122,592
73,1283.2118226600985,1483.396551724138,147730,147343,135,406
73,1285.2052117263843,1424.2638436482084,147731,147344,136,307
73,1355.5414110429447,1464.0659509202453,147734,147347,133,652
73,1370.7924528301887,1480.0990566037735,147735,147348,134,636
73,1380.245704467354,1374.6219931271478,147741,147354,137,582
73,1333.4655737704918,1392.7491803278688,147742,147355,138,610
73,1291.3055555555557,1441.8472222222222,147744,147357,125,360
73,1304.7376344086022,1398.4021505376345,147745,147358,147,465
73,1343.089156626506,1428.077108433735,147751,147364,128,415
73,1310.9657142857143,1469.0247619047618,147752,147365,142,525
73,1387.643203883495,1397.5412621359224,147754,147367,143,412
73,1372.1453634085212,1429.6065162907269,147755,147368,144,399
74,1267.3672496025438,1293.4658187599364,148101,147714,139,629
74,1292.9774696707107,1267.3951473136915,148103,147716,140,577
74,1304.5235849056603,1287.367924528302,148105,147718,146,424
74,1334.303326810176,1266.80821918,148106,147719,130,511
74,1337.1819484240687,1313.3782235,148109,147722,132,698
74,1264.0300884955752,1378.1451327433629,148112,147725,145,565
74,1307.0646853146852,1336.7325174825176,148114,147727,122,572
74,1283.0286396181384,1482.107398568019,148117,147730,135,419
74,1284.7934426229508,1425.616393442623,148118,147731,136,305
74,1357.6079881656806,1462.430473372781,148121,147734,133,676
74,1371.9769585253457,1480.8294930875577,148122,147735,134,651
74,1384.473043478261,1374.5739130434783,148128,147741,137,575
74,1334.8918032786885,1387.4540983606557,148129,147742,138,610
74,1294.5054644808743,1441.1174863387978,148131,147744,125,366
74,1306.3765432098764,1400.008230452675,148132,147745,147,486
74,1342.6353211009175,1427.302752293578,148138,147751,128,436
74,1313.4331450094162,1469.276836158192,148139,147752,142,531
74,1385.0671641791046,1397.5422885572139,148141,147754,143,402
74,1373.9773755656108,1427.5791855,148142,147755,144,442
75,1268.2132231404958,1291.9537190082644,148488,148101,139,605
75,1293.6403940886698,1266.5385878489326,148490,148103,140,609
75,1305.3645320197045,1287.3054187192117,148492,148105,146,406
75,1334.7543520309478,1265.1450676982593,148493,148106,130,517
75,1337.7637906647808,1313.6166902404525,148496,148109,132,707
75,1262.30139373,1378.3118466898954,148499,148112,145,574
75,1305.2732142857144,1335.392857142857,148501,148114,122,560
75,1283.2995169082126,1481.9830917874397,148504,148117,135,414
75,1286.7841945288753,1423.90273556231,148505,148118,136,329
75,1356.6077170418007,1463.5498392282957,148508,148121,133,622
75,1372.4818181818182,1480.198484848485,148509,148122,134,660
75,1384.8434782608697,1373.064347826087,148515,148128,137,575
75,1332.8063973063972,1384.5690235690236,148516,148129,138,594
75,1296.01222494,1441.7848410757947,148518,148131,125,409
75,1303.609375,1397.515625,148519,148132,147,512
75,1341.0750551876379,1427.7417218543046,148525,148138,128,453
75,1313.1138059701493,1467.9850746268658,148526,148139,142,536
75,1381.59,1395.3425,148528,148141,143,400
75,1371.1503579952268,1426.9379474940333,148529,148142,144,419
76,1268.6535303800001,1294.81280788,148875,148488,139,609
76,1294.3509316770187,1266.1506211180124,148877,148490,140,644
76,1307.870159453303,1290.7949886104784,148879,148492,146,439
76,1333.4812734082398,1265.5486891385767,148880,148493,130,534
76,1338.206847360913,1318.447931526391,148883,148496,132,701
76,1262.1259124087592,1384.7974452554745,148886,148499,145,548
76,1295.9174484052533,1334.4934333958724,148888,148501,122,533
76,1282.3984575835475,1483.4010282776349,148891,148504,135,389
76,1284.5677419354838,1422.032258064516,148892,148505,136,310
76,1355.3978494623657,1466.4009216589861,148895,148508,133,651
76,1371.9465648854962,1481.9603053435114,148896,148509,134,655
76,1383.5800344234078,1374.5215146299483,148902,148515,137,581
76,1331.6868852459015,1386.1983606557378,148903,148516,138,610
76,1295.9491916859122,1442.136258660508,148905,148518,125,433
76,1300.9092627599243,1394.3610586011341,148906,148519,147,529
76,1342.1405529953918,1428.336405529954,148912,148525,128,434
76,1312.546594982079,1468.405017921147,148913,148526,142,558
76,1378.2898550724638,1396.12077294686,148915,148528,143,414
76,1370.4174311926606,1429.4954128440368,148916,148529,144,436
77,1269.2379562043795,1294.80145985,149262,148875,139,685
77,1295.0850722311397,1265.21990369,149264,148877,140,623
77,1308.0112107623318,1290.5403587443946,149266,148879,146,446
77,1332.6729678638942,1265.196597353497,149267,148880,130,529
77,1338.0564399421128,1318.2749638205498,149270,148883,132,691
77,1257.4072727272728,1390.4763636363637,149273,148886,145,550
77,1289.3841807909605,1329.3596986817327,149275,148888,122,531
77,1281.712895377129,1482.323601,149278,148891,135,411
77,1284.4401294498382,1423.537216828479,149279,148892,136,309
77,1356.4177852348994,1466.3640939597315,149282,148895,133,596
77,1372.080370942813,1481.4389489953633,149283,148896,134,647
77,1383.523396880416,1373.7192374350086,149289,148902,137,577
77,1330.4705882352941,1382.0847750865053,149290,148903,138,578
77,1297.01735358,1441.8134490238613,149292,148905,125,461
77,1301.5423423423424,1394.5891891891893,149293,148906,147,555
77,1341.5228758169935,1431.9934640522877,149299,148912,128,459
77,1311.9139194139193,1470.0018315018315,149300,148913,142,546
77,1378.125641025641,1393.976923076923,149302,148915,143,390
77,1370.453488372093,1427.1558139534884,149303,148916,144,430
78,1270.0239234449762,1294.5566188197768,149642,149262,139,627
78,1295.9921135646687,1264.7586750788644,149644,149264,140,634
78,1309.716553287982,1291.455782312925,149646,149266,146,441
78,1333.534749034749,1263.5830115830115,149647,149267,130,518
78,1338.8850574712644,1318.2916666666667,149650,149270,132,696
78,1253.7845601436265,1394.6768402154398,149653,149273,145,557
78,1282.13909774,1328.5375939849623,149655,149275,122,532
78,1282.3047619,1482.192857142857,149658,149278,135,420
78,1283.9303797468353,1423.8259493670887,149659,149279,136,316
78,1362.2681660899655,1462.4705882352941,149662,149282,133,578
78,1372.422188,1482.1294298921416,149663,149283,134,649
78,1384.2118055555557,1372.829861111111,149669,149289,137,576
78,1329.108581436077,1380.9334500875657,149670,149290,138,571
78,1298.3525498891352,1441.0731707317073,149672,149292,125,451
78,1300.1022304832713,1394.3587360594795,149673,149293,147,538
78,1341.1912832929781,1433.5835351089588,149679,149299,128,413
78,1312.7675675675675,1471.1153153153155,149680,149300,142,555
78,1377.7809278350514,1391.8144329896907,149682,149302,143,388
78,1369.9296375266524,1426.8017057569296,149683,149303,144,469
79,1269.6217457886678,1295.3460949464013,150014,149642,139,653
79,1293.96875,1259.540625,150016,149644,140,640
79,1307.0221238938052,1290.82079646,150018,149646,146,452
79,1332.4686274509804,1262.6313725490197,150019,149647,130,510
79,1339.1350954478708,1315.2246696035243,150022,149650,132,681
79,1250.8879159369528,1397.4255691768826,150025,149653,145,571
79,1273.8260038240917,1324.3001912045888,150027,149655,122,523
79,1280.5724465558194,1480.5249406175772,150030,149658,135,421
79,1283.3343848580441,1420.6624605678232,150031,149659,136,317
79,1364.5221843003412,1459.9778156996588,150034,149662,133,586
79,1370.7858243451465,1482.4314329738058,150035,149663,134,649
79,1382.3231810490693,1372.849407783418,150041,149669,137,591
79,1326.9549248747912,1379.2954924874791,150042,149670,138,599
79,1297.271948608137,1441.0128479657387,150044,149672,125,467
79,1296.9454191033137,1393.3586744639376,150045,149673,147,513
79,1339.695464362851,1430.7408207343412,150051,149679,128,463
79,1312.1620626151014,1472.705340699816,150052,149680,142,543
79,1374.6958525345622,1393.7073732718893,150054,149682,143,434
79,1370.2651821862348,1428.8218623481782,150055,149683,144,494
80,1269.82802548,1294.91242038,150386,150014,139,628
80,1293.8684627575278,1260.321711568938,150388,150016,140,631
80,1306.8747252747253,1290.7736263736265,150390,150018,146,455
80,1332.0543071161048,1261.7247191,150391,150019,130,534
80,1338.725321888412,1315.505007153076,150394,150022,132,699
80,1247.3862433862435,1403.3086419753085,150397,150025,145,567
80,1267.86862745,1321.2254901960785,150399,150027,122,510
80,1279.6634615384614,1479.8485576923076,150402,150030,135,416
80,1282.7837837837837,1424.2972972972973,150403,150031,136,296
80,1367.1599353796446,1458.7867528271406,150406,150034,133,619
80,1370.03317535545,1483.6018957345973,150407,150035,134,633
80,1382.796460176991,1373.5557522123895,150413,150041,137,565
80,1326.1768953068593,1376.202166064982,150414,150042,138,554
80,1297.3333333333333,1440.4831223628692,150416,150044,125,474
80,1297.2289803220035,1391.8783542039355,150417,150045,147,559
80,1339.692468619247,1429.4853556485355,150423,150051,128,478
80,1311.9477477477478,1474.8108108108108,150424,150052,142,555
80,1374.2488479262672,1392.930875576037,150426,150054,143,434
80,1369.3777777777777,1428.731313131313,150427,150055,144,495
81,1270.2028301886792,1295.2264150943397,150758,150386,139,636
81,1294.30279503,1259.6257763975154,150760,150388,140,644
81,1306.6393805309735,1290.8384955752213,150762,150390,146,452
81,1333.3382899628252,1262.806691449814,150763,150391,130,538
81,1338.8367052023123,1317.1661849710983,150766,150394,132,692
81,1245.5051546391753,1406.6769759450171,150769,150397,145,582
81,1261.6943907156674,1318.8317214700194,150771,150399,122,517
81,1280.1258278145694,1482.1898454746138,150774,150402,135,453
81,1282.0298013245033,1422.523178807947,150775,150403,136,302
81,1369.727115716753,1458.5854922279793,150778,150406,133,579
81,1370.0388802488335,1485.1384136858476,150779,150407,134,643
81,1382.6230636833047,1373.8502581755595,150785,150413,137,581
81,1326.694885361552,1374.7636684303352,150786,150414,138,567
81,1297.5173116089613,1440.9531568228106,150788,150416,125,491
81,1297.5464098073555,1390.1751313485113,150789,150417,147,571
81,1339.5800415800416,1427.4033264033264,150795,150423,128,481
81,1312.9801084990959,1475.1211573,150796,150424,142,553
81,1374.9572072072071,1393.6644144144143,150798,150426,143,444
81,1371.771855010661,1429.8294243070363,150799,150427,144,469
82,1270.2805071315372,1296.797147385103,151130,150758,139,631
82,1293.2609375,1260.215625,151132,150760,140,640
82,1307.6933045356373,1290.9740820734341,151134,150762,146,463
82,1331.8768656716418,1263.5783582089553,151135,150763,130,536
82,1338.7815384615385,1316.9353846153847,151138,150766,132,650
82,1238.520458265139,1410.9918166939444,151141,150769,145,611
82,1250.6378676470588,1314.9797794117646,151143,150771,122,544
82,1280.8268792710705,1483.73576309795,151146,150774,135,439
82,1281.1638225255972,1422.9044368600682,151147,150775,136,293
82,1370.9795918367347,1457.3061224489795,151150,150778,133,588
82,1370.1615384615384,1485.9261538461537,151151,150779,134,650
82,1382.6043771043771,1373.4595959595958,151157,150785,137,594
82,1322.158181818182,1372.8927272727274,151158,150786,138,550
82,1296.4494845360825,1441.8762886597938,151160,150788,125,485
82,1295.597197898424,1388.0753064798598,151161,150789,147,571
82,1339.472647702407,1428.8446389496717,151167,150795,128,457
82,1313.6425992779784,1474.71119133574,151168,150796,142,554
82,1375.112582781457,1393.673289183223,151170,150798,143,453
82,1369.5818540433925,1429.7869822485206,151171,150799,144,507
83,1270.612745098039,1295.3071895424837,151502,151130,139,612
83,1294.9397217928902,1260.003091190108,151504,151132,140,647
83,1309.4138655462184,1311.6134453781513,151506,,148,476
83,1332.2568807339449,1264.5981651376146,151507,151135,130,545
83,1338.4913544668589,1312.577809798271,151510,151138,132,694
83,1232.829581993569,1415.5916398713825,151513,151141,145,622
83,1250.621818181818,1313.8927272727274,151515,151143,122,550
83,1282.995652173913,1483.6,151518,151146,135,460
83,1279.4169381107492,1419.5602605863191,151519,151147,136,307
83,1374.1364392678868,1454.242928452579,151522,151150,133,601
83,1371.2094488188977,1484.5685039370078,151523,151151,134,635
83,1383.333904109589,1370,151529,151157,137,584
83,1324.1125198098257,1369.1521394611727,151530,151158,138,631
83,1294.7726358148893,1441.9517102615694,151532,151160,125,497
83,1295.8482293423272,1386.0033726812817,151533,151161,147,593
83,1339.6972281449894,1429.993603411514,151539,151167,128,469
83,1314.253164556962,1474.2278481012659,151540,151168,142,553
83,1377.7699316628702,1389.751708428246,151542,151170,143,439
83,1368.9375,1428.171875,151543,151171,144,512
84,1270.4802631578948,1295.8338815789473,151874,151502,139,608
84,1292.4774494556766,1261.1057542768274,151876,151504,140,643
84,1296.1776315789473,1335.5279605263158,151878,,149,608
84,1330.7582417582416,1265.9871794871794,151879,151507,130,546
84,1339.640404040404,1317.0242424242424,151882,151510,132,495
84,1228.189792663477,1419.2535885167465,151885,151513,145,627
84,1252.4217081850534,1315.5462633451957,151887,151515,122,562
84,1281.878587196468,1487.3245033112582,151890,151518,135,453
84,1277.6910299003323,1419.4485049833888,151891,151519,136,301
84,1373.9084745762711,1453.3677966101695,151894,151522,133,590
84,1369.6814024390244,1485.2759146341464,151895,151523,134,656
84,1377.527731092437,1369.4941176470588,151901,151529,137,595
84,1322.283531409168,1370.2597623089982,151902,151530,138,589
84,1292.0482897384306,1442.0221327967806,151904,151532,125,497
84,1293.796875,1385.9756944444443,151905,151533,147,576
84,1337.9633620689656,1430.2629310344828,151911,151539,128,464
84,1313.4109347442682,1475.0846560846562,151912,151540,142,567
84,1377.2358079,1390.5676855895197,151914,151542,143,458
84,1366.2713755,1429.018587360595,151915,151543,144,538
85,1272.4442595673877,1295.8535773710482,152246,151874,139,601
85,1293.8107692307692,1259.9646153846154,152248,151876,140,650
85,1285.4926470588234,1355.1,152250,,150,680
85,1329.9068100358422,1268.921146953405,152251,151879,130,558
85,1225.8051118210863,1422.052715654952,152257,151885,145,626
85,1258.9297012302284,1318.6133567662566,152259,151887,122,569
85,1281.90987124,1486.5150214592275,152262,151890,135,466
85,1276.9183673469388,1419.5850340136055,152263,151891,136,294
85,1375.1049180327868,1452.1409836065573,152266,151894,133,610
85,1369.7480680061824,1485.6352395672334,152267,151895,134,647
85,1375.6346801346801,1368.621212121212,152273,151901,137,594
85,1319.6048780487804,1366.8959349593497,152274,151902,138,615
85,1291.972,1441.99,152276,151904,125,500
85,1290.1543739279589,1385.7993138936536,152277,151905,147,583
85,1336.606,1430.79,152283,151911,128,500
85,1312.6949458483755,1473.9115523465703,152284,151912,142,554
85,1379.7204081632653,1391.069387755102,152286,151914,143,490
85,1366.7926605504588,1429.5504587155963,152287,151915,144,545
85,1349.4689265536722,1315.8135593220338,152289,151882,132,177
85,1315.4739884393064,1319.208092485549,152290,,151,173
86,1272.9839743589744,1296.2820512820513,152618,152246,139,624
86,1294.5613496932515,1260.4923312883436,152620,152248,140,652
86,1292.0268096514747,1362.5630026809652,152622,152250,150,746
86,1331.0213903743315,1268.4188948306596,152623,152251,130,561
86,1225.1632,1423.4608,152629,152257,145,625
86,1256.7230769230769,1318.1316239316238,152631,152259,122,585
86,1283.6805251641138,1487.0306345733043,152634,152262,135,457
86,1278.31325301,1418.9939759036145,152635,152263,136,332
86,1374.4612903225807,1453.1725806451614,152638,152266,133,620
86,1370.2003081664097,1485.4391371340523,152639,152267,134,649
86,1375.54,1368.84,152645,152273,137,600
86,1318.2409836065574,1365.639344262295,152646,152274,138,610
86,1292.551515151515,1443.088888888889,152648,152276,125,495
86,1290.492673992674,1388.1227106227107,152649,152277,147,546
86,1337.5461847389558,1431.6305220883535,152655,152283,128,498
86,1313.453405017921,1474.4121863799282,152656,152284,142,558
86,1382.212981744422,1390.9898580121703,152658,152286,143,493
86,1367.7115384615386,1428.9108391608393,152659,152287,144,572
86,1347.2929688,1316.0078125,152661,152289,132,256
86,1314.142361111111,1306.2430555555557,152662,152290,151,288
87,1273.0565428109855,1296.361873990307,153007,152618,139,619
87,1293.9832317073171,1261.3506097560976,153009,152620,140,656
87,1301.4745547073792,1361.4503816793892,153011,152622,150,786
87,1331.4723707664884,1268.0499108734402,153012,152623,130,561
87,1223.4789391575664,1424.6146645865836,153018,152629,145,641
87,1253.4558058925477,1314.4852686308493,153020,152631,122,577
87,1284.3096234309623,1486.9623430962342,153023,152634,135,478
87,1276.5980066445184,1420.6943521594685,153024,152635,136,301
87,1374.7895595,1453.1957585644373,153027,152638,133,613
87,1369.9065849923431,1485.4640122511485,153028,152639,134,653
87,1375.3939899833056,1368.3756260434056,153034,152645,137,599
87,1321.2912087912089,1365.7747252747254,153035,152646,138,364
87,1292.542406311637,1443.5128205128206,153037,152648,125,507
87,1290.7274401473296,1387.403314917127,153038,152649,147,543
87,1336.6626506024097,1431.8594378,153044,152655,128,498
87,1314.0534482758621,1474.4327586206896,153045,152656,142,580
87,1383.41928721174,1390.6121593291405,153047,152658,143,477
87,1366.2206654991244,1428.9894921190894,153048,152659,144,571
87,1346.267361111111,1314.361111111111,153050,152661,132,288
87,1313.2485207100592,1309.0325443786983,153051,152662,151,338
88,1268.0996677740864,1295.8222591362126,153396,153007,139,602
88,1293.4409090909091,1261.0257575757576,153398,153009,140,660
88,1302.9815817984831,1365.8223185265438,153400,153011,150,923
88,1331.4875444839859,1268.693950177936,153401,153012,130,562
88,1221.937984496124,1426.460465116279,153407,153018,145,645
88,1246.7428087986464,1311.9593908629442,153409,153020,122,591
88,1282.6432989690722,1486.719587628866,153412,153023,135,485
88,1276.0900900900901,1418.3993993993995,153413,153024,136,333
88,1376.0488188976378,1451.503937007874,153416,153027,133,635
88,1369.2641509433963,1485.7484276999999,153417,153028,134,636
88,1374.0065573770491,1368.1737704918032,153423,153034,137,610
88,1319.6446540880504,1365.4622641509434,153424,153035,138,318
88,1291.261044176707,1445.8694779116465,153426,153037,125,498
88,1287.676605504587,1387.105504587156,153427,153038,147,436
88,1336.017094017094,1431.6175213675215,153433,153044,128,468
88,1312.978761061947,1472.8053097345132,153434,153045,142,565
88,1382.2748414376322,1392.7653276955602,153436,153047,143,473
88,1365.6254237288135,1429.5016949152541,153437,153048,144,590
88,1346.8463768115942,1317.255072463768,153439,153050,132,345
88,1309.5585365853658,1307.4853658536585,153440,153051,151,410
89,1268.6035398230088,1296.98584071,153785,153396,139,565
89,1294.1833590138674,1260.9291217257319,153787,153398,140,649
89,1306.8431876606683,1362.2352185089974,153789,153400,152,778
89,1333.5793103448275,1266.094827586207,153790,153401,130,580
89,1219.7963525835867,1428.855623100304,153796,153407,145,658
89,1241.3018549747048,1308.9713322091063,153798,153409,122,593
89,1284.1991341991343,1486.625541125541,153801,153412,135,462
89,1277.5514018691588,1420.8909657320874,153802,153413,136,321
89,1378.471138845554,1449.5741029641185,153805,153416,133,641
89,1369.8046511627906,1484.6945736434109,153806,153417,134,645
89,1375.3204508856684,1367.9291465378421,153812,153423,137,621
89,1311.4857142857143,1347.7666666666667,153813,153400,153,210
89,1291.9960317460318,1446.436507936508,153815,153426,125,504
89,1289.4779270633398,1384.5623800383878,153816,153427,147,521
89,1336.963906581741,1427.995753715499,153822,153433,128,471
89,1315.5742397137747,1472.2397137745975,153823,153434,142,559
89,1384.1593291404613,1391.937106918239,153825,153436,143,477
89,1364.4403973509934,1429.9486754966888,153826,153437,144,604
89,1348.190243902439,1317.9756097560976,153828,153439,132,410
89,1308.3957345971564,1309.0710900473935,153829,153440,151,422
90,1267.5406301824212,1298.5605306799337,154174,153785,139,603
90,1295.46072508,1262.0181268882175,154176,153787,140,662
90,1288.976613657624,1344.7698783910196,154178,,154,1069
90,1335.6785079928952,1261.5861456483126,154179,153790,130,563
90,1215.6251874062968,1431.9715142428786,154185,153796,145,667
90,1234.7775974,1304.5876623376623,154187,153798,122,616
90,1284.80462185,1488.6911764705883,154190,153801,135,476
90,1275.0523255813953,1417.3837209302326,154191,153802,136,344
90,1379.1424242424243,1448.6227272727274,154194,153805,133,660
90,1369.1483771251933,1485.3817619783617,154195,153806,134,647
90,1378.2596153846155,1368.7099358974358,154201,153812,137,624
90,1311.5412667946257,1358.3953934740882,154202,153789,152,521
90,1291.0297619,1447.7103174603176,154204,153815,125,504
90,1287.5504132199999,1384.3702479338842,154205,153816,147,605
90,1335.7897959183674,1429.7673469387755,154211,153822,128,490
90,1314.702166064982,1473.4711191000001,154212,153823,142,554
90,1382.8141962421712,1392.830897703549,154214,153825,143,479
90,1362.4644012944984,1431.2653721682848,154215,153826,144,618
90,1350.554565701559,1322.15144766147,154217,153828,132,449
90,1310.293388429752,1311.8471074380166,154218,153829,151,484
91,1266.9095477386934,1297.6147403685093,154563,154174,139,597
91,1296.8995433789955,1260.03500761035,154565,154176,140,657
91,1294.186936936937,1356.115990990991,154567,154178,154,888
91,1336.273368606702,1259.8818342151676,154568,154179,130,567
91,1214.5609022556391,1434.0255639097745,154575,154185,145,665
91,1231.717741935484,1301.832258064516,154576,154187,122,620
91,1288.6194690265486,1490.8539823,154579,154190,135,452
91,1275.128205128205,1418.8429487179487,154580,154191,136,312
91,1380.1203703703704,1446.567901234568,154583,154194,133,648
91,1369.2136075949368,1485.85917721519,154584,154195,134,632
91,1379.671009771987,1369.1058631921824,154590,154201,137,614
91,1313.7928286852589,1357.0916334661354,154591,154202,152,251
91,1290.812133072407,1448.2054794520548,154593,154204,125,511
91,1284.0192644483363,1383.4553415061296,154594,154205,147,571
91,1334.504132231405,1427.2995867768595,154600,154211,128,484
91,1315.698729582577,1471.9745916515426,154601,154212,142,551
91,1383.1785714285713,1393.204365079365,154603,154214,143,504
91,1363.1033333333332,1431.1100000000001,154604,154215,144,600
91,1351.157667386609,1320.6738660907126,154606,154217,132,463
91,1310.4103092783505,1313.839175257732,154607,154218,151,485
0,1708.9643435980552,1708.100486223663,160076,,161,617
0,1728.9816513761468,1735.2293577981652,160086,,162,545
0,1692.9450980392157,1853.6176470588234,160094,,163,510
0,1728.3742331288345,1858.7586912,160098,,164,489
0,1743.1946902654868,1817.2367256637167,160102,,165,452
0,1754.1855421686746,1839.2048192771085,160112,,166,415
1,1708.7487922705313,1708.376811594203,160442,160076,161,621
1,1728.5667938931297,1735.7080152671756,160452,160086,162,524
1,1693.8650190114067,1852.9410646387832,160460,160094,163,526
1,1728.990253411306,1859.3762183235867,160464,160098,164,513
1,1743.6174757281553,1819.9320388349515,160468,160102,165,515
1,1758.1137440758293,1839.4170616113745,160478,160112,166,422
2,1708.4156626506024,1711.0135542168675,160808,160442,161,664
2,1728.1570093457944,1737.9028037383177,160818,160452,162,535
2,1692.8652751423149,1853.2087286527515,160826,160460,163,527
2,1727.5778210116732,1860.0252918287938,160830,160464,164,514
2,1741.6378986866791,1822.5984990619136,160834,160468,165,533
2,1758.8108747044917,1840.1229314420805,160844,160478,166,423
3,1710.7360703812317,1712.0938416422287,161174,160808,161,682
3,1729.344122657581,1739.5706984667802,161184,160818,162,587
3,1692.9784560143626,1851.9982046678635,161192,160826,163,557
3,1727.6983240223465,1859.4040968342645,161196,160830,164,537
3,1743.5250463821892,1818.4935064935064,161200,160834,165,539
3,1759.0866510538642,1838.032786885246,161210,160844,166,427
4,1710.6752136752136,1713.1125356125356,161540,161174,161,702
4,1731.0226086956523,1744.224347826087,161550,161184,162,575
4,1690.8998035363459,1849.0294695481336,161558,161192,163,509
4,1724.817543859649,1859.9122807017543,161562,161196,164,570
4,1743.936170212766,1818.7429078014184,161566,161200,165,564
4,1759.9357429718875,1836.4618473895582,161576,161210,166,498
5,1710.4311543810848,1713.5424200278164,161906,161540,161,719
5,1729.9417122040072,1747.6010928961748,161916,161550,162,549
5,1692.0506108202444,1848.696335078534,161924,161558,163,573
5,1728.4401993355482,1856.2923588039866,161928,161562,164,602
5,1749.6557971014493,1814.4003623188405,161932,161566,165,552
5,1776.5,1825.546052631579,161944,161576,167,152
5,1750.3893805309735,1838.4867256637167,161945,161576,168,113
6,1708.516452074392,1711.8769670958511,162272,161906,161,699
6,1733.9483394833949,1748.4630996309963,162282,161916,162,542
6,1696.10294118,1850.638888888889,162290,161924,163,612
6,1731.1860036832413,1864.3075506445673,162294,161928,164,543
6,1752.2754716981133,1813.722641509434,162298,161932,165,530
6,1775.707509881423,1826.6363636363635,162310,161944,167,253
6,1750.4308300395257,1842.8260869565217,162311,161945,168,253
7,1711.2363387978141,1711.5,162638,162272,161,732
7,1731.0650684931506,1747.6181506849316,162648,162282,162,584
7,1694.450406504065,1850.3772357723578,162656,162290,163,615
7,1729.9849749582638,1870.0016694490819,162660,162294,164,599
7,1747.2890484739678,1817.5385996409336,162664,162298,165,557
7,1776.7859531772574,1823.0401337792641,162676,162310,167,299
7,1752.3,1845.735294117647,162677,162311,168,340
8,1709.1476063829787,1711.75,163004,162638,161,752
8,1733.4173622704507,1743.6777963,163014,162648,162,599
8,1695.8,1849.7015625,163022,162656,163,640
8,1730.2066772655007,1868.7138314785375,163026,162660,164,629
8,1760.0254237288136,1798.7118644067796,163032,,169,118
8,1734.3852459016393,1817.483606557377,163033,162664,165,122
8,1774.9407407407407,1823.1925925925925,163042,162676,167,405
8,1750.6375661375662,1842.436507936508,163043,162677,168,378
9,1706.9076086956522,1711.5801630434783,163370,163004,161,736
9,1732.888888888889,1742.2550860719875,163380,163014,162,639
9,1694.5479041916167,1854.3562874251497,163388,163022,163,668
9,1733.1302325581396,1876.1596899224805,163392,163026,164,645
9,1755.6609686609686,1801.917378917379,163398,163032,169,351
9,1732.0967741935483,1824.6693548387098,163399,163033,165,248
9,1777.2863436123348,1821.3942731277534,163408,163042,167,454
9,1749.2265060240964,1847.0578313253013,163409,163043,168,415
10,1704.2427983539094,1709.0727023319616,163733,163370,161,729
10,1731.4485294117646,1740.2132352941176,163743,163380,162,680
10,1694.7585185185185,1853.674074074074,163751,163388,163,675
10,1735.9334341906203,1877.6853252647504,163755,163392,164,661
10,1756.7797927,1802.0777202072538,163761,163398,169,386
10,1728.3148788927335,1829.3148788927335,163762,163399,165,289
10,1782.2362768,1816.7947494033413,163771,163408,167,419
10,1753.0524017467249,1843.82096069869,163772,163409,168,458
11,1704.7551299589604,1706.8659370725034,164107,163733,161,731
11,1730.287517531557,1738.8373071528752,164117,163743,162,713
11,1695.9719626168223,1852.0155763239875,164125,163751,163,642
11,1737.0014836795253,1875.3961424332344,164129,163755,164,674
11,1759.6575,1801.81,164135,163761,169,400
11,1726.6063218390805,1833.7758620689656,164136,163762,165,348
11,1784.9099756690998,1815.3576642335765,164145,163771,167,411
11,1751.9146067415732,1838.379775280899,164146,163772,168,445
12,1693.3494623655913,1708.1935483870968,164481,164107,161,558
12,1723.7233748271092,1736.554633471646,164491,164117,162,723
12,1693.84122137,1852.6946564885495,164499,164125,163,655
12,1736.679640718563,1876.7050898203593,164503,164129,164,668
12,1758.609375,1800.8035714285713,164509,164135,169,448
12,1719.6390374331552,1844.2272727272727,164510,164136,165,374
12,1785.9521640091116,1810.2915717539863,164519,164145,167,439
12,1752.0703624733476,1839.4434968017058,164520,164146,168,469
13,1710.8325791855204,1701.9547511312217,164857,164481,170,221
13,1681.90410959,1702.1780821917807,164858,164481,171,219
13,1722.143661971831,1737.311267605634,164865,164491,162,710
13,1694.9451851851852,1852.3674074074074,164873,164499,163,675
13,1739.4686567164179,1877.1820895522387,164877,164503,164,670
13,1756.920634920635,1800.2471655328798,164883,164509,169,441
13,1720.2910052910054,1844.6851851851852,164884,164510,165,378
13,1787.3716814159293,1808.0442477876106,164893,164519,167,452
13,1754.102766798419,1836.5375494071145,164894,164520,168,506
14,1712.8391167192428,1693.7917981072555,165231,164857,170,317
14,1682.8590604026845,1700.6375838926174,165232,164858,171,298
14,1729.6473779385171,1751.5443037974683,165239,164865,162,553
14,1694.719298245614,1852.7587719298244,165247,164873,163,684
14,1740.578125,1879.2585227272727,165251,164877,164,704
14,1755.6084337349398,1800.4779116465863,165257,164883,169,498
14,1719.3017902813299,1848.7519181585678,165258,164884,165,391
14,1784.6961206896551,1809.780172413793,165267,164893,167,464
14,1751.6772277227724,1840.7326732673268,165268,164894,168,505
15,1711.989247311828,1694.239247311828,165605,165231,170,372
15,1680.2956521739131,1700.6608695652174,165606,165232,171,345
15,1715.6171003717473,1722.1598513011152,165615,,172,269
15,1734.153409090909,1746.7386363636365,165616,165239,162,352
15,1694.3478260869565,1853.0420757363254,165621,165247,163,713
15,1743.5159944367176,1877.5368567454798,165625,165251,164,719
15,1752.4331983805669,1804.917004,165631,165257,169,494
15,1718.8859223300972,1851.9271844660193,165632,165258,165,412
15,1785.423245614035,1805.9013157894738,165641,165267,167,456
15,1752.0797546,1843.638036809816,165642,165268,168,489
16,1713.9274611398964,1695.4844559585492,165971,165605,170,386
16,1682.164864864865,1698.5891891891893,165972,165606,171,370
16,1720.4620462046205,1715.4191419141914,165981,165615,172,303
16,1735.3681592039802,1749.2412935323382,165982,165616,162,402
16,1696.1373937677054,1854.0240793201133,165987,165621,163,706
16,1743.8011363636365,1877.2485795454545,165991,165625,164,704
16,1753.3978723404255,1803.7148936170213,165997,165631,169,470
16,1720.7072072072071,1846.6891891891892,165998,165632,165,444
16,1785.5010752688172,1807.7505376344086,166007,165641,167,465
16,1752.56512605042,1844.5063025210084,166008,165642,168,476
17,1713.4380530973451,1693.0884955752213,166337,165971,170,452
17,1684.85861183,1700.4498714652957,166338,165972,171,389
17,1721.9709302325582,1713.6860465116279,166347,165981,172,344
17,1735.0985576923076,1749.608173076923,166348,165982,162,416
17,1694.4584487500001,1854.371191135734,166353,165987,163,722
17,1742.8948824343015,1879.5325034578145,166357,165991,164,723
17,1757.5960698689955,1802.0524017467249,166363,165997,169,458
17,1720.3196544276457,1846.1943844492441,166364,165998,165,463
17,1783.1016597510375,1812.844398340249,166373,166007,167,482
17,1748.8948545861297,1848.4608501118569,166374,166008,168,447
18,1714.549668874172,1691.1810154525385,166718,166337,170,453
18,1682.9302325581396,1698.0645994832041,166719,166338,171,387
18,1720.1917404129795,1711.330383480826,166728,166347,172,339
18,1734.4419753,1749.3135802469135,166729,166348,162,405
18,1691.6224627875508,1856.4776725304466,166734,166353,163,739
18,1744.0078226857888,1879.511082138201,166738,166357,164,767
18,1753.9785407725321,1804.0858369098712,166744,166363,169,466
18,1718.325892857143,1840.127232142857,166745,166364,165,448
18,1781.7002053388092,1809.0616016427105,166754,166373,167,487
18,1742.649667405765,1850.8558758314855,166755,166374,168,451
19,1722.9502262443439,1690.552036199095,167093,166718,170,442
19,1686.1097560975609,1698.3073170731707,167094,166719,171,410
19,1720.5350140056023,1711.8711484593837,167103,166728,172,357
19,1733.5668103448277,1745.2392241379312,167104,166729,162,464
19,1693.13672922,1855.9678284182305,167109,166734,163,746
19,1744.7320261437908,1880.5777777777778,167113,166738,164,765
19,1755.857142857143,1799.7824175824176,167119,166744,169,455
19,1720.6773455377574,1839.091533180778,167120,166745,165,437
19,1782.107142857143,1808.436507936508,167129,166754,167,504
19,1745.0288248337029,1852.4412416851442,167130,166755,168,451
20,1720.7142857142858,1690.6866359447004,167468,167093,170,434
20,1683.7037914691944,1692.7890995260664,167469,167094,171,422
20,1717.2317073170732,1710.4829268292683,167478,167103,172,410
20,1729.7583187390542,1744.737302977233,167479,167104,162,571
20,1693.59403372,1855.3463035019456,167484,167109,163,771
20,1745.7984084880636,1880.896551724138,167488,167113,164,754
20,1753.352808988764,1802.0247191011235,167494,167119,169,445
20,1718.3685393258427,1842.6764045,167495,167120,165,445
20,1781.810707456979,1808.3862332695985,167504,167129,167,523
20,1743.0154867256638,1852.1969026548672,167505,167130,168,452
21,1716.3667296786389,1687.0567107750473,167843,167468,170,529
21,1681.6556701030927,1693.7051546391754,167844,167469,171,485
21,1717.592750533049,1713.72921108742,167853,167478,172,469
21,1721.1025641025642,1750.7124542124543,167854,167479,162,546
21,1693.3754940711462,1852.4097496706192,167859,167484,163,759
21,1744.5459387483356,1880.2902796271637,167863,167488,164,751
21,1756.8708920187794,1797.823943661972,167869,167494,169,426
21,1717.534090909091,1842.3590909090908,167870,167495,165,440
21,1779.4587737843551,1816.2727272727273,167879,167504,167,473
21,1743.1721854304635,1850.326710816777,167880,167505,168,453
22,1718.1486988847585,1691.328996282528,168218,167843,170,538
22,1680.7301324503312,1693.387417218543,168219,167844,171,604
22,1724.7478448275863,1722.9762931034484,168228,167853,172,464
22,1715.273764258555,1758.7851711026615,168229,167854,162,526
22,1691.8834196891191,1852.979274611399,168234,167859,163,772
22,1746.2321899736148,1880.3535620052771,168238,167863,164,758
22,1757.6659436008676,1799.1301518438179,168244,167869,169,461
22,1715.75,1843.4322916666667,168245,167870,165,384
22,1780.2942386831276,1816.2510288065844,168254,167879,167,486
22,1739.9265033407573,1850.5077951002227,168255,167880,168,449
23,1715.7689463955637,1687.5526802218114,168593,168218,170,541
23,1674.66104553,1694.4198988195615,168594,168219,171,593
23,1732.4795918367347,1720.6285714285714,168603,168228,172,490
23,1715.678392,1756.9363484087103,168604,168229,162,597
23,1691.4708798017348,1852.3023543990087,168609,168234,163,807
23,1746.3700887198986,1879.6451204055766,168613,168238,164,789
23,1762.335164835165,1803.3882783882784,168619,168244,169,546
23,1714.051413881748,1846.80205655527,168620,168245,165,389
23,1785.5866050808313,1817.3233256351039,168629,168254,167,433
23,1740.3940042826553,1848.8286937901498,168630,168255,168,467
24,1714.7295373665481,1688.040925266904,168975,168593,170,562
24,1674.8139534883721,1694.6744186046512,168976,168594,171,602
24,1733.5953878406708,1717.4318658280922,168985,168603,172,477
24,1716.414976599064,1754.4227769110764,168986,168604,162,641
24,1693.5195460277428,1850.2395964691048,168991,168609,163,793
24,1748.8071135430916,1881.4541723666212,168995,168613,164,731
24,1761.5825242718447,1802.7805825242717,169001,168619,169,515
24,1715.2732919254659,1847.1273291925465,169002,168620,165,322
24,1785.5040322580644,1817.1149193548388,169011,168629,167,496
24,1742.1974789915967,1847.4012605042017,169012,168630,168,476
25,1707.9,1688.7254237288134,169357,168975,170,590
25,1671.5401337792641,1693.6521739130435,169358,168976,171,598
25,1732.2333333333333,1718.5294117647059,169367,168985,172,510
25,1711.6666666666667,1754.7018348623853,169368,168986,162,654
25,1691.6838046272494,1851.0938303341902,169373,168991,163,778
25,1747.9184210526316,1880.628947368421,169377,168995,164,760
25,1761.426,1803.266,169383,169001,169,500
25,1713.0825396825396,1847.4888888888888,169384,169002,165,315
25,1782.1805273833672,1821.6409736308317,169393,169011,167,493
25,1739.3453093812375,1846.4730538922156,169394,169012,168,501
26,1708.6808905380335,1686.595547309833,169740,169357,170,539
26,1673.34925865,1696.4184514003296,169741,169358,171,607
26,1732.9823529411765,1715.8509803921568,169750,169367,172,510
26,1711.8262150220912,1755.558173784978,169751,169368,162,679
26,1692.2404580152672,1851.998727735369,169756,169373,163,786
26,1747.9421487603306,1879.564738292011,169760,169377,164,726
26,1763.8827038,1797.9502982107356,169766,169383,169,503
26,1714.7166666666667,1844.513888888889,169767,169384,165,360
26,1780.2013129102845,1826.770240700219,169776,169393,167,457
26,1739.6757813,1844.5449219,169777,169394,168,512
27,1715.657091561939,1687.310592459605,170123,169740,170,557
27,1676.2581168831168,1695.5113636363637,170124,169741,171,616
27,1735.056092843327,1717.1914893617022,170133,169750,172,517
27,1712.5555555555557,1756.972972972973,170134,169751,162,666
27,1696.7421777221527,1849.8235294117646,170139,169756,163,799
27,1747.151851851852,1878.7395061728396,170143,169760,164,810
27,1768.8278688999999,1793.954918032787,170149,169766,169,488
27,1718.6446991404011,1843.1833810888252,170150,169767,165,349
27,1779.8594704684317,1827.9490835,170159,169776,167,491
27,1743.037773359841,1844.0536779324057,170160,169777,168,503
28,1716.3044217687075,1683.0527210884354,170506,170123,170,588
28,1674.39726027,1695.2414383561643,170507,170124,171,584
28,1737.751879699248,1715.3082706766918,170516,170133,172,532
28,1712.217261904762,1756.325892857143,170517,170134,162,672
28,1694.4942675159236,1849.0675159235668,170522,170139,163,785
28,1746.9145860709593,1881.3377135348226,170526,170143,164,761
28,1765.7880085653105,1791.6188436830835,170532,170149,169,467
28,1716.9142091152814,1843.9034852546918,170533,170150,165,373
28,1778.1847826086957,1825.3659420289855,170542,170159,167,552
28,1741.3179190751446,1844.8574181117533,170543,170160,168,519
29,1715.7135922330096,1674.205501618123,170889,170506,170,618
29,1676.017857142857,1693.5844155844156,170890,170507,171,616
29,1738.5334685598377,1710.841784989858,170899,170516,172,493
29,1714.7324749642346,1753.0529327610873,170900,170517,162,699
29,1694.24847001,1850.8776009791923,170905,170522,163,817
29,1747.1966292134832,1882.0463483146068,170909,170526,164,712
29,1761.9332096474955,1790.6307977736549,170915,170532,169,539
29,1717.0877192982457,1844.3801169590643,170916,170533,165,342
29,1777.7842003853564,1826.0828516377649,170925,170542,167,519
29,1741.7562862669247,1846.2147001934236,170926,170543,168,517
30,1719.0831973898858,1672.4502446982056,171272,170889,170,613
30,1676.928455284553,1693.42601626,171273,170890,171,615
30,1735.1441947565543,1711.6872659,171282,170899,172,534
30,1713.9665271966528,1752.6555090655509,171283,170900,162,717
30,1696.1622276029057,1851.4370460048426,171288,170905,163,826
30,1746.8424657534247,1881.2785388127854,171292,170909,164,438
30,1761.737793851718,1791.9330922242316,171298,170915,169,553
30,1719.822950819672,1839.2098360655737,171299,170916,165,305
30,1777.8761384335155,1826.249544626594,171308,170925,167,549
30,1743.0087912087913,1847.2021978021978,171309,170926,168,455
31,1722.156507413509,1674.8912685337727,171655,171272,170,607
31,1678.5889570552147,1694.069018404908,171656,171273,171,652
31,1736.4950690335306,1716.3865877712033,171665,171282,172,507
31,1713.2771739130435,1752.6739130434783,171666,171283,162,736
31,1693.62451108,1850.6245110821383,171671,171288,163,767
31,1761.194756554307,1881.0411985018727,171677,171292,173,267
31,1733.292490118577,1882.7628458498025,171678,171292,174,253
31,1760.891265597148,1792.5329768270944,171681,171298,169,561
31,1716.5317220543807,1842.6858006042296,171682,171299,165,331
31,1776.0051813471503,1828.2987910189984,171691,171308,167,579
31,1740.8268839103869,1850.3808553971487,171692,171309,168,491
32,1724.5176848874598,1675.927652733119,172038,171655,170,622
32,1679.8511278195488,1695.0676691729323,172039,171656,171,665
32,1734.8615071283095,1717.5865580448065,172048,171665,172,491
32,1712.5116279069766,1754.1805745554036,172049,171666,162,731
32,1690.857142857143,1849.084126984127,172054,171671,163,630
32,1762.3056478405315,1885.750830564784,172060,171677,173,301
32,1737.8924731182797,1887.616487455197,172061,171678,174,279
32,1761.1494464944649,1792.3985239852398,172064,171681,169,542
32,1717.778350515464,1840.3505154639174,172065,171682,165,388
32,1776.2238010657193,1830.7353463587922,172074,171691,167,563
32,1742.1712062256809,1853.1614785992217,172075,171692,168,514
33,1724.839527027027,1676.456081081081,172421,172038,170,592
33,1679.6745913818722,1694.3863298662704,172422,172039,171,673
33,1735.1259842519685,1717.8740157480315,172431,172048,172,508
33,1713.6270718232045,1753.8218232044198,172432,172049,162,724
33,1687.7792706333973,1854.3608445297505,172437,172054,163,521
33,1761.6964285714287,1880.0535714285716,172443,172060,173,336
33,1737.2679738562092,1889.0947712418301,172444,172061,174,306
33,1761.6641509433962,1790.1150943396226,172447,172064,169,530
33,1715.4360730593608,1837.445205479452,172448,172065,165,438
33,1775.7088607594937,1831.3146473779384,172457,172074,167,553
33,1741.5659656,1853.0114722753347,172458,172075,168,523
34,1724.7723440134907,1676.7942664418213,172804,172421,170,593
34,1678.2876923076924,1694.74769231,172805,172422,171,650
34,1733.7148936170213,1719.4510638297872,172814,172431,172,470
34,1713.124833997344,1755.1181938911022,172815,172432,162,753
34,1683.4412698412698,1872.1619047619047,172822,172437,175,315
34,1689.9302325581396,1840.607235142119,172823,172437,176,387
34,1762.9467005076142,1880.46192893401,172826,172443,173,394
34,1737.6510067114093,1890.0436241610737,172827,172444,174,298
34,1763.931338028169,1790.7218309859154,172830,172447,169,568
34,1715.552995391705,1840.447004608295,172831,172448,165,434
34,1776.2196078431373,1833.8176470588235,172840,172457,167,510
34,1741.382405745063,1853.1526032315978,172841,172458,168,557
35,1726.8956661316213,1677.454253611557,173187,172804,170,623
35,1681.1233082706767,1694.6947368421052,173188,172805,171,665
35,1733.8977505112475,1720.2188139059306,173197,172814,172,489
35,1715.1122994652405,1754.066844919786,173198,172815,162,748
35,1685.1032258064515,1868.3225806451612,173205,172822,175,310
35,1693.2923076923078,1838.2092307692308,173206,172823,176,325
35,1763.5520581113801,1879.9007263922517,173209,172826,173,413
35,1739.7,1891.3,173210,172827,174,350
35,1765.9588551,1791.1824686940965,173213,172830,169,559
35,1716.0114678899083,1840.6123853211009,173214,172831,165,436
35,1777.0124555160141,1832.4163701067616,173223,172840,167,562
35,1740.7979452054794,1852.9469178082193,173224,172841,168,584
36,1727.529702970297,1678.4422442244224,173570,173187,170,606
36,1681.2737920937043,1694.6603221083456,173571,173188,171,683
36,1731.5896907216495,1721.7319587628865,173580,173197,172,485
36,1715.4587765957447,1754.9933510638298,173581,173198,162,752
36,1684.3475783475783,1869.5868945868947,173588,173205,175,351
36,1694.484939759036,1838.801204819277,173589,173206,176,332
36,1763.30155210643,1879.7827050997782,173592,173209,173,451
36,1739.3406940063091,1888.4447949526814,173593,173210,174,317
36,1764.9535655058044,1791.7363184079602,173596,173213,169,603
36,1716.8974943052392,1840.6628701594532,173597,173214,165,439
36,1776.5047801147227,1832.3059273422562,173606,173223,167,523
36,1740.3821292775665,1855.2889733840304,173607,173224,168,526
37,1727.7794871794872,1677.9880341880341,173953,173570,170,585
37,1682.09224012,1695.2650073206441,173954,173571,171,683
37,1733.016563146998,1720.631469979296,173963,173580,172,483
37,1716.3478835978835,1754.7089947089946,173964,173581,162,756
37,1682.53477218,1869.8585131894483,173971,173588,175,417
37,1689.72131147541,1838.4918032786886,173972,173589,176,366
37,1765.3478260869565,1881.4323671497584,173975,173592,173,414
37,1739.4511494252874,1892.5114942528735,173976,173593,174,348
37,1765.836956521739,1789.9239130434783,173979,173596,169,552
37,1719.8649155722326,1837.9324577861164,173980,173597,165,533
37,1777,1833.2768670309654,173989,173606,167,549
37,1742.3978494623657,1857.8118279569892,173990,173607,168,558
38,1728.4010067114093,1676.038590604027,174319,173953,170,596
38,1681.4918759231905,1695.0118168389956,174320,173954,171,677
38,1729.9013806706114,1720.6153846153845,174329,173963,172,507
38,1714.9815546772068,1753.3833992094862,174330,173964,162,759
38,1683.570093457944,1869.1191588785045,174337,173971,175,428
38,1687.203539823009,1837.0176991150443,174338,173972,176,339
38,1762.6470588235295,1881.5882352941176,174341,173975,173,425
38,1736.081081081081,1888.6,174342,173976,174,370
38,1762.8201680672269,1791.2302521008403,174345,173979,169,595
38,1719.9404761904761,1835.7777777777778,174346,173980,165,504
38,1776.0567107750473,1833.9546313799622,174355,173989,167,529
38,1739.155109489051,1855.3211678832117,174356,173990,168,548
39,1729.4317406143346,1677.122866894198,174699,174319,170,586
39,1680.684750733138,1693.782991202346,174700,174320,171,682
39,1730.093023255814,1721.4263565891472,174709,174329,172,516
39,1714.4172099087352,1753.232073011734,174710,174330,162,767
39,1682.3381294964029,1870.390887290168,174717,174337,175,417
39,1685.10447761,1838.3164179104479,174718,174338,176,335
39,1761.1193058568329,1880.9501084598699,174721,174341,173,461
39,1737.0437158469945,1891.4972677595629,174722,174342,174,366
39,1763.565705128205,1792.2660256410256,174725,174345,169,624
39,1719.499001996008,1832.5429141716568,174726,174346,165,501
39,1773.9738805970148,1834.7873134328358,174735,174355,167,536
39,1737.4442508710802,1855.9494773519164,174736,174356,168,574
40,1728.3204047217537,1677.2984822934234,175079,174699,170,593
40,1681.780523255814,1696.265988372093,175080,174700,171,688
40,1729.4708029197081,1721.0802919708028,175089,174709,172,548
40,1714.6503311258277,1754.2450331125829,175090,174710,162,755
40,1681.7477064220184,1869.5779816513761,175097,174717,175,436
40,1688.7456647398844,1835.849710982659,175098,174718,176,346
40,1759.80375782881,1883.4237995824635,175101,174721,173,479
40,1734.467966573816,1896.1727019498608,175102,174722,174,359
40,1762.6416,1795.6112,175105,174725,169,625
40,1721.3326885880078,1835.4119922630562,175106,174726,165,517
40,1775.078895463511,1834.8816568047337,175115,174735,167,507
40,1738.7043918918919,1860.1283783783783,175116,174736,168,592
41,1730.6192982456141,1675.3631578947368,175459,175079,170,570
41,1684.2116788321168,1693.6540145985402,175460,175080,171,685
41,1730.220640569395,1718.6832740213524,175469,175089,172,562
41,1715.5303430079155,1753.1833773087071,175470,175090,162,758
41,1683.0861678004535,1866.5011337868482,175477,175097,175,441
41,1688.1666666666667,1837.2142857142858,175478,175098,176,336
41,1761.0438756855576,1879.4314442413163,175481,175101,173,547
41,1737.4899497487438,1897.2010050251256,175482,175102,174,398
41,1762.6186046511627,1795.187596899225,175485,175105,169,645
41,1720.0229445506693,1835.6959847036328,175486,175106,165,523
41,1777.6984402079722,1831.7417677642982,175495,175115,167,577
41,1741.1384364820847,1855.5570033,175496,175116,168,614
42,1729.8350168350169,1679.2895622895624,175839,175459,170,594
42,1683.3656597774245,1693.5182829888713,175840,175460,171,629
42,1732.534516765286,1717.34516765286,175849,175469,172,507
42,1718.0104849279162,1753.2726081258193,175850,175470,162,763
42,1681.703196347032,1871.0639269406392,175857,175477,175,438
42,1687.5745341614906,1835.6397515527951,175858,175478,176,322
42,1758.2898550724638,1881.9316770186335,175861,175481,173,483
42,1738.3308457711444,1899.1169154228855,175862,175482,174,402
42,1760.6094224924013,1797.323708206687,175865,175485,169,658
42,1721.0946196660482,1833.5194805194806,175866,175486,165,539
42,1778.3819188191883,1834.138376383764,175875,175495,167,542
42,1740.2702265372168,1856.784789644013,175876,175496,168,618
43,1728.625816993464,1678.671568627451,176223,175839,170,612
43,1682.8002853067046,1693.355206847361,176224,175840,171,701
43,1730.5186640471513,1717.475442,176233,175849,172,509
43,1715.1172413793104,1751.9406896551725,176234,175850,162,725
43,1681.4947368421053,1870.9894736842105,176241,175857,175,475
43,1687.31092437,1837.81512605042,176242,175858,176,357
43,1757.6993736951983,1879.9018789,176245,175861,173,479
43,1742.1888888888889,1897.5555555555557,176246,175862,174,360
43,1758.3095238095239,1799.578869047619,176249,175865,169,672
43,1719.768953068592,1832.21119133574,176250,175866,165,554
43,1776.0671641791046,1832.92723880597,176259,175875,167,536
43,1738.60413080895,1857.5955249569706,176260,175876,168,581
44,1727.7274220032841,1676.75041051,176607,176223,170,609
44,1680.0283582089553,1693.631343283582,176608,176224,171,670
44,1730.1600753295668,1716.4915254237287,176617,176233,172,531
44,1715.2104575163398,1753.3124183006537,176618,176234,162,765
44,1678.11377245509,1873.3353293413174,176625,176241,175,501
44,1683.43380282,1836.6901408450703,176626,176242,176,355
44,1757.515325670498,1878.5,176629,176245,173,522
44,1740.4749340369394,1895.693931398417,176630,176246,174,379
44,1760.5462822,1797.8907435508345,176633,176249,169,659
44,1717.3471223021584,1832.4046762589928,176634,176250,165,556
44,1780.572192513369,1831.1051693404634,176643,176259,167,561
44,1737.8154574132493,1855.916403785489,176644,176260,168,634
45,1730.1702508960573,1675.8333333333333,176991,176607,170,558
45,1680.0414814814815,1693.0948148148148,176992,176608,171,675
45,1727.4423791821562,1717.0371747211896,177001,176617,172,538
45,1711.1040609137056,1751.1408629441626,177002,176618,162,788
45,1678.4733475479743,1871.7100213219617,177009,176625,175,469
45,1686.9047619,1833.9732142857142,177010,176626,176,336
45,1755.4275092936803,1881.078066914498,177013,176629,173,538
45,1740.4923076923078,1898.7820512820513,177014,176630,174,390
45,1760.7347242921014,1798.140089418778,177017,176633,169,671
45,1716.7227191413238,1831.9731663685152,177018,176634,165,559
45,1783.524680073126,1827.396709323583,177027,176643,167,547
45,1736.3900481540932,1856.2471910112358,177028,176644,168,623
46,1729.2508250825083,1677.3498349834983,177371,176991,170,606
46,1681.6011904761904,1693.6964285714287,177372,176992,171,672
46,1730.3410852713178,1715.9883720930234,177381,177001,172,516
46,1712.8367609254499,1751.1606683804628,177382,177002,162,778
46,1680.947895791583,1870.2745490981965,177389,177009,175,499
46,1686.5701492537314,1833.2149253731343,177390,177010,176,335
46,1755.763602251407,1878.9774859287054,177393,177013,173,533
46,1742.2890025575448,1897.0409207161124,177394,177014,174,391
46,1761.6698717948718,1796.9375,177397,177017,169,624
46,1717.5732600732601,1831.7326007326008,177398,177018,165,546
46,1783.2767402,1824.7402376910018,177407,177027,167,589
46,1737.1392,1855.9744,177408,177028,168,625
47,1726.0306451612903,1676.5629032258064,177751,177371,170,620
47,1679.1566820276498,1692.9124423963133,177752,177372,171,651
47,1729.8289241622574,1713.530864197531,177761,177381,172,567
47,1711.9821656050956,1752.8624203821655,177762,177382,162,785
47,1678.3910505836575,1871.8171206225682,177769,177389,175,514
47,1686.779552715655,1835.664536741214,177770,177390,176,313
47,1753.9614678899084,1879.0366972477063,177773,177393,173,545
47,1744.7831325301204,1897.0602409638554,177774,177394,174,415
47,1761.137873754153,1795.6760797342192,177777,177397,169,602
47,1715.8974358974358,1831.8168498168498,177778,177398,165,546
47,1783.4055459272097,1821.4003466204506,177787,177407,167,577
47,1732.9611650485438,1857.6229773462783,177788,177408,168,618
48,1728.7607260726072,1676.9191419141914,178131,177751,170,606
48,1681.561377245509,1693.4790419161677,178132,177752,171,668
48,1730.4109090909092,1716.0327272727272,178141,177761,172,550
48,1712.886768447837,1753.4338422391857,178142,177762,162,786
48,1678.7828571428572,1872.5009523809524,178149,177769,175,525
48,1686.0651465798046,1830.9185667752442,178150,177770,176,307
48,1756.4442413162706,1876.7586837294332,178153,177773,173,547
48,1747.8880952380953,1895.8404761904762,178154,177774,174,420
48,1763.7490774907749,1789.579335793358,178157,177777,169,271
48,1717.5714285714287,1831.7641996557659,178158,177778,165,581
48,1786.5583756345177,1816.5313028764806,178167,177787,167,591
48,1732.936630602782,1857.7836166924267,178168,177788,168,647
49,1727.6952224052718,1676.841845140033,178511,178131,170,607
49,1676.8836424957842,1692.5615514333895,178512,178132,171,593
49,1730.8666666666668,1713.8285714285714,178521,178141,172,525
49,1714.2073324905184,1753.4601769911505,178522,178142,162,791
49,1678.6447876447876,1873.2953667953668,178529,178149,175,518
49,1685.75932203,1830.0813559322035,178530,178150,176,295
49,1756.522920203735,1874.8726655348048,178533,178153,173,589
49,1748.658371040724,1894.8687783,178534,178154,174,442
49,1716.9930191972076,1830.9528795811518,178538,178158,165,573
49,1775.4431818181818,1778.590909090909,178540,178157,177,264
49,1764.3555555555556,1807.5851851851853,178541,178157,178,270
49,1786.8531952,1814.7443868739206,178547,178167,167,579
49,1728.7515151515152,1859.539393939394,178548,178168,168,660
50,1736.5053995680346,1672.671706263499,178891,178511,170,463
50,1677.4117647058824,1693.8609625668448,178892,178512,171,374
50,1729.281195079086,1713.6959578207382,178901,178521,172,569
50,1714.0825,1750.83625,178902,178522,162,800
50,1680.009633911368,1873.1059730250481,178909,178529,175,519
50,1687.3478260869565,1831.3210702341137,178910,178530,176,299
50,1758.3156089193826,1874.6312178,178913,178533,173,583
50,1749.65625,1895.1674107142858,178914,178534,174,448
50,1718.1485809682804,1831.6110183639398,178918,178538,165,599
50,1771.2788944723618,1782.9095477386934,178920,178540,177,398
50,1752.6871508379888,1805.8491620111731,178921,178541,178,358
50,1784.926868044515,1815.027027027027,178927,178547,167,629
50,1729.4646153846154,1861.3507692307692,178928,178548,168,650
51,1739.72131147541,1675.2224824355972,179276,178891,170,427
51,1673.017361111111,1703.0902777777778,179278,178892,179,288
51,1681.7073954983923,1679.3086816720256,179280,178892,180,311
51,1729.43216080402,1711.036850921273,179286,178901,172,597
51,1715.0831202046036,1754.8260869565217,179287,178902,162,782
51,1680.1338582677165,1874.484251968504,179294,178909,175,508
51,1687.0378548895899,1833,179295,178910,176,317
51,1757.2820945945946,1873.9273648648648,179298,178913,173,592
51,1746.7617021276596,1894.8595744680852,179299,178914,174,470
51,1717.4027072758038,1833.2148900169204,179303,178918,165,591
51,1771.9188544152744,1782.7040572792362,179305,178920,177,419
51,1750.4896551724137,1809.5471264367816,179306,178921,178,435
51,1782.0710743801653,1817.7454545454545,179312,178927,167,605
51,1726.4884696016773,1865.0587002096436,179313,178928,168,477
52,1674.315112540193,1704.9935691318328,179663,179278,179,311
52,1681.15838509,1679.0372670807453,179665,179280,180,322
52,1720.3851132686084,1659.401294498382,179667,,181,309
52,1741.328947368421,1683.8355263157896,179668,179276,170,304
52,1729.4847512038523,1708.247191011236,179671,179286,172,623
52,1715.774025974026,1753.1584415584416,179672,179287,162,770
52,1680.2711198428292,1873.6286836935167,179679,179294,175,509
52,1687.3427672955975,1828.6729559748428,179680,179295,176,318
52,1756.7064846416383,1873.0460750853242,179683,179298,173,586
52,1746.1257731958763,1893.2742268041238,179684,179299,174,485
52,1714.673076923077,1833.6608391608393,179688,179303,165,572
52,1771.1778290993072,1784.2424942263278,179690,179305,177,433
52,1747.7982646420824,1817.6789587852495,179691,179306,178,461
52,1781.2227342549922,1816.7219662058371,179697,179312,167,651
52,1732.057142857143,1853.9571428571428,179700,179313,168,140
52,1710.741935483871,1878.2129032258065,179701,,182,155
53,1673.3096446700508,1703.6370558375634,180048,179663,179,394
53,1678.84375,1680.3607954545455,180050,179665,180,352
53,1715.9201277955272,1660.073482428115,180052,179667,181,313
53,1740.6836734693877,1682.9149659863945,180053,179668,170,294
53,1729.328282828283,1709.3131313131314,180056,179671,172,594
53,1713.470223325062,1750.4032258064517,180057,179672,162,806
53,1677.272,1873.908,180064,179679,175,500
53,1686.9415584415585,1829.4935064935064,180065,179680,176,308
53,1755.6379928315412,1871.1218637992831,180068,179683,173,558
53,1747.2345679012346,1891.5288065843622,180069,179684,174,486
53,1713.3812056737588,1835.1418439716313,180073,179688,165,564
53,1772.485193621868,1782.3029612756263,180075,179690,177,439
53,1744.6021276595745,1821.304255319149,180076,179691,178,470
53,1778.2238095238095,1818.184126984127,180082,179697,167,630
53,1732.4204545454545,1860.844697,180085,179700,168,264
53,1707.5826446280992,1883.3677685950413,180086,179701,182,242
54,1671.8447058823529,1700.595294117647,180428,180048,179,425
54,1684.4432432432432,1685.2378378378378,180430,180050,180,370
54,1718.643598615917,1657.159169550173,180432,180052,181,289
54,1738.276397515528,1684.8819875776398,180433,180053,170,322
54,1732.9730769230769,1714.9596153846153,180436,180056,172,520
54,1714.1735218508998,1751.8804627249358,180437,180057,162,778
54,1680.2842105263157,1872.6105263157895,180444,180064,175,475
54,1688.7689873417721,1830.613924050633,180445,180065,176,316
54,1757.8297491039427,1871.116487455197,180448,180068,173,558
54,1747.749529190207,1892.1224105461392,180449,180069,174,531
54,1716.0663265306123,1834.0816326530612,180453,180073,165,588
54,1778.0063025210084,1785.59243697479,180455,180075,177,476
54,1748.9834024896265,1816.2053941908714,180456,180076,178,482
54,1778.4776386404294,1824.5295169946332,180462,180082,167,559
54,1734.7875,1861.43125,180465,180085,168,320
54,1706.6283783783783,1884.4797297297298,180466,180086,182,296
55,1670.9977924944812,1701.4613686534217,180808,180428,179,453
55,1684.0227272727273,1686.918181818182,180810,180430,180,440
55,1720.9646302250803,1660.807073954984,180812,180432,181,311
55,1737.6600566572238,1683.1303116147308,180813,180433,170,353
55,1730.1610486891386,1712.0823970037454,180816,180436,172,534
55,1713.7096774193549,1750.231182795699,180817,180437,162,744
55,1681.22653061,1870.2469387755102,180824,180444,175,490
55,1691.1702127659573,1827.465045592705,180825,180445,176,329
55,1757.890625,1870.576388888889,180828,180448,173,576
55,1750.1297709923665,1891.8568702290077,180829,180449,174,524
55,1715.923611111111,1833.2309027777778,180833,180453,165,576
55,1787.9701834862385,1789.3784403669724,180835,180455,177,436
55,1755.6615087040618,1810.2882011605416,180836,180456,178,517
55,1778.516129032258,1823.594470046083,180842,180462,167,217
55,1735.3506097560976,1859.841463414634,180845,180465,168,328
55,1704.4518072289156,1883.6445783,180846,180466,182,332
56,1671.71235521,1701.515444015444,181188,180808,179,518
56,1685.9547413793102,1687.280172413793,181190,180810,180,464
56,1719.990291262136,1660.5728155339805,181192,180812,181,309
56,1739.9066265060242,1681.72891566,181193,180813,170,332
56,1732.2621185,1712.8617594254938,181196,180816,172,557
56,1711.4312320916906,1753.4957020057307,181197,180817,162,698
56,1681.4386317907445,1866.7404426559356,181204,180824,175,497
56,1690.1070336391438,1827.4006116207952,181205,180825,176,327
56,1757.2964285714286,1870.192857142857,181208,180828,173,560
56,1749.609576427256,1891.366482504604,181209,180829,174,543
56,1715.446153846154,1832.3333333333333,181213,180833,165,585
56,1787.4018867924528,1784.554716981132,181215,180835,177,530
56,1757.5903165735567,1815.389199255121,181216,180836,178,537
56,1733.5925925925926,1857.7777777777778,181225,180845,168,351
56,1702.9141274238227,1882.5983379501386,181226,180846,182,361
56,1786.9612068965516,1808.780172413793,181228,180842,183,232
56,1770.4881516587677,1836.1421800947867,181229,180842,184,211
57,1672.532,1703.152,181568,181188,179,500
57,1681.6601731601731,1684.67316017316,181570,181190,180,462
57,1721.7739938080495,1663.65944272,181572,181192,181,323
57,1741.5225988700565,1679.72316384,181573,181193,170,354
57,1734.0427631578948,1713.1842105263158,181576,181196,172,608
57,1712.9078014184397,1758.4728132387706,181577,181197,162,423
57,1681.087591240876,1865.4184914841849,181584,181204,175,411
57,1688.6052631578948,1832.938596491228,181585,181205,176,342
57,1758.6842105263158,1869.6701754385965,181588,181208,173,570
57,1748.6118881118882,1891.8583916083917,181589,181209,174,572
57,1715.3309859154929,1833.9559859154929,181593,181213,165,568
57,1785.390374331551,1784.8128342245989,181595,181215,177,561
57,1754.7274436090224,1814.7105263157896,181596,181216,178,532
57,1735.2542787286063,1855.9364303178484,181605,181225,168,409
57,1702.6891891891892,1882.4756756756756,181606,181226,182,370
57,1788.5240384615386,1808.5817307692307,181608,181228,183,208
57,1774.6689655172413,1834.5344827586207,181609,181229,184,290
58,1670.2523540489642,1703.9114877589454,181948,181568,179,531
58,1681.5875486381324,1686.2140077821011,181950,181570,180,514
58,1723.577142857143,1666.2,181952,181572,181,350
58,1742.3447368421052,1679.18421053,181953,181573,170,380
58,1738.6003490401397,1719.6492146596859,181956,181576,172,573
58,1696.0980392156862,1741.7205882352941,181959,,185,204
58,1723.995024875622,1759.9353233830846,181961,181577,162,201
58,1677.8333333333333,1862.8227513227514,181964,181584,175,378
58,1684.2916666666667,1830.2916666666667,181965,181585,176,336
58,1756.5794701986756,1869.6523178807947,181968,181588,173,604
58,1747.4091710758378,1891.7601410934744,181969,181589,174,567
58,1712.7090301003345,1835.7642140468226,181973,181593,165,598
58,1790.3948339483395,1784.8025830258302,181975,181595,177,542
58,1756.2234848484848,1811.3693181818182,181976,181596,178,528
58,1734.7244444444445,1854.2911111111111,181985,181605,168,450
58,1700.9111675126903,1881.774111675127,181986,181606,182,394
58,1794.366533864542,1812.2509960159364,181988,181608,183,251
58,1773.6205673758866,1833.3652482269504,181989,181609,184,282
59,1670.7078651685392,1704.6629213483145,182328,181948,179,534
59,1677.697628458498,1684.6422924901185,182330,181950,180,506
59,1717.086387434555,1661.9659685863874,182332,181952,181,382
59,1747.1831683168316,1673.4331683168316,182333,181953,170,404
59,1737.6186579378068,1720.6153846153845,182336,181956,172,611
59,1692.3032069970845,1747.737609329446,182339,181959,185,343
59,1723.6685236768803,1758.7632311977716,182341,181961,162,359
59,1678.4773269689738,1862.546539379475,182344,181964,175,419
59,1687.3061889250814,1830.0032573289902,182345,181965,176,307
59,1758.0513698630136,1869.849315068493,182348,181968,173,584
59,1747.3153456998314,1891.7133220910623,182349,181969,174,593
59,1714.2362344582593,1833.6323268206038,182353,181973,165,563
59,1788.156474820144,1783.3039568345323,182355,181975,177,556
59,1755.058365758755,1804.535019455253,182356,181976,178,514
59,1735.3917995444192,1853.382687927107,182365,181985,168,439
59,1701.5037593984962,1881.122807017544,182366,181986,182,399
59,1792.9833333333333,1811.8433333333332,182368,181988,183,300
59,1770.8064516129032,1835.6193548387096,182369,181989,184,310
60,1663.6419294990724,1702.5361781076067,182708,182328,179,539
60,1682.3717693836977,1685.6679920477138,182710,182330,180,503
60,1714.5079726651481,1661.9362186788155,182712,182332,181,439
60,1747.1005586592178,1670.6843575418995,182713,182333,170,358
60,1740.83676703645,1718.9080824088749,182716,182336,172,631
60,1693.5538847117793,1751.1203007518798,182719,182339,185,399
60,1725.1912832929781,1760.5520581113801,182721,182341,162,413
60,1676.9187817258883,1863.2411167512691,182724,182344,175,394
60,1688.0093457943926,1831.6230529595016,182725,182345,176,321
60,1757.9405594405594,1868.8968531468531,182728,182348,173,572
60,1747.8076285240463,1890.4908789386402,182729,182349,174,603
60,1711.8257713248638,1835.7350272232304,182733,182353,165,551
60,1785.1436170212767,1784.5460992907801,182735,182355,177,564
60,1752.6624775583482,1802.5008976660683,182736,182356,178,557
60,1736.861570247934,1846.9070247933885,182745,182365,168,484
60,1700.5724137931034,1882.5747126436781,182746,182366,182,435
60,1794.9651162790697,1811.1773255813953,182748,182368,183,344
60,1769.622807017544,1836.0555555555557,182749,182369,184,342
61,1664.7072727272728,1701.2381818181818,183088,182708,179,550
61,1688.8418079096045,1683.2448210922787,183090,182710,180,531
61,1720.086956521739,1657.5815217391305,183092,182712,181,368
61,1747.0870712401056,1671.0158311345647,183093,182713,170,379
61,1741.7492354740061,1715.9525993883792,183096,182716,172,654
61,1694.3196125907991,1754.46004842615,183099,182719,185,413
61,1729.162291169451,1761.6825775656325,183101,182721,162,419
61,1677.923076923077,1868.0079575596817,183104,182724,175,377
61,1680.6439169139467,1833.341246290801,183105,182725,176,337
61,1758.6258064516128,1867.8129032258064,183108,182728,173,620
61,1749.8694915254237,1889.371186440678,183109,182729,174,590
61,1710.4007029876977,1836.0931458699472,183113,182733,165,569
61,1782.008347245409,1786.0100166944908,183115,182735,177,599
61,1747.7137745974956,1804.0268336314848,183116,182736,178,559
61,1740.682474226804,1846.7896907216495,183125,182745,168,485
61,1702.9590361445782,1881.187951807229,183126,182746,182,415
61,1792.4588528678305,1809.5486284289277,183128,182748,183,401
61,1772.8523076923077,1836.1753846153847,183129,182749,184,325
62,1663.6080139372823,1699.2456445993032,183468,183088,179,574
62,1689.6501831501832,1681.5201465201465,183470,183090,180,546
62,1725.3215339233038,1650.1297935103246,183472,183092,181,339
62,1741.4352078239608,1669.643031784841,183473,183093,170,409
62,1740.379104477612,1711.0268656716419,183476,183096,172,670
62,1695.2379958246347,1754.2588727,183479,183099,185,479
62,1730.6805251641138,1756.3522975929977,183481,183101,162,457
62,1676.6327543424318,1868.8957816377172,183484,183104,175,403
62,1682.7193548387097,1832.5225806451613,183485,183105,176,310
62,1758.667870036101,1866.0108303249099,183488,183108,173,554
62,1748.0605042016807,1887.2285714285715,183489,183109,174,595
62,1710.5,1835.6666666666667,183493,183113,165,522
62,1780.6059544658494,1780.0105078809106,183495,183115,177,571
62,1745.9351535836176,1806.0307167235494,183496,183116,178,586
62,1737.4156626506024,1850.9979919678715,183505,183125,168,498
62,1701.916461916462,1879.4299754299755,183506,183126,182,407
62,1789.2708860759494,1808.6455696202531,183508,183128,183,395
62,1770.6939393939394,1836.6424242424243,183509,183129,184,330
63,1664.5100548446069,1698.65447898,183848,183468,179,547
63,1688.341726618705,1679.88309352518,183850,183470,180,556
63,1730.9721448467967,1646.7465181058496,183852,183472,181,359
63,1740.1418918918919,1670.5225225225224,183853,183473,170,444
63,1736.9097744360902,1709.2015037593985,183856,183476,172,665
63,1697.0943396226414,1757.0859538784066,183859,183479,185,477
63,1730.6673640167364,1749.4602510460252,183861,183481,162,478
63,1676.8197115384614,1868.6802884615386,183864,183484,175,416
63,1684.3548387096773,1830.8354838709677,183865,183485,176,310
63,1756.3351851851853,1868.1703703703704,183868,183488,173,540
63,1754.744094488189,1886.8976377952756,183869,183489,174,508
63,1713.5349716446126,1833.1285444234404,183873,183493,165,529
63,1781.563973063973,1781.0387205387206,183875,183495,177,594
63,1744.3946037099495,1802.2276559865093,183876,183496,178,593
63,1740.1876208897486,1850.5570599613152,183885,183505,168,517
63,1703.2380952380952,1870.7683982683982,183886,183506,182,462
63,1787.2688442211056,1808.7236180904522,183888,183508,183,398
63,1773.692537313433,1833.976119402985,183889,183509,184,335
64,1662.6593959731545,1695.6308724832215,184228,183848,179,596
64,1691.7911504424778,1677.1982300884956,184230,183850,180,565
64,1732.221945137157,1644.6209476309227,184232,183852,181,401
64,1748.0279329608938,1668.1899441340781,184233,183853,170,358
64,1736.8970149253732,1707.3731343283582,184236,183856,172,670
64,1699.5132924335378,1758.1370143149284,184239,183859,185,489
64,1727.1324376199616,1746.1074856046066,184241,183861,162,521
64,1680.88918206,1873.9129287598944,184244,183864,175,379
64,1683.283536585366,1830.2134146341464,184245,183865,176,328
64,1755.2089844,1868.5253906,184248,183868,173,512
64,1759.1485355648535,1883.6715481171548,184249,183869,174,478
64,1711.4849785407725,1835.5236051502145,184253,183873,165,233
64,1782.890410958904,1776.7636986,184255,183875,177,584
64,1742.6972789115646,1801.748299319728,184256,183876,178,588
64,1740.0780287474333,1851.9034907597536,184265,183885,168,487
64,1706.5808510638299,1860.304255319149,184266,183886,182,470
64,1785.640506329114,1805.5012658227847,184268,183888,183,395
64,1778.7689969604862,1830.5440729483282,184269,183889,184,329
65,1662.4566666666667,1695.2283333333332,184616,184228,179,600
65,1691.8913412563668,1675.6706281833617,184618,184230,180,589
65,1719.1583578,1668.7184750733138,184620,,186,341
65,1743.322033898305,1661.2711864406779,184621,184233,170,413
65,1737.2955882352942,1709.25,184624,184236,172,680
65,1700.3652694610778,1760.129740518962,184627,184239,185,501
65,1722.0881801125704,1744.8499061913697,184629,184241,162,533
65,1680.5454545454545,1875.651948051948,184632,184244,175,385
65,1683.4397590361446,1827.3373493975903,184633,184245,176,332
65,1755.463687150838,1868.3296089385476,184636,184248,173,537
65,1759.3841201716739,1884.1416309012875,184637,184249,174,466
65,1781.393103448276,1776.393103448276,184643,184255,177,580
65,1738.9796610169492,1796.9610169491525,184644,184256,178,590
65,1698.9441340782123,1840.4189944134077,184646,184253,165,179
65,1713.142857142857,1808.7465437788019,184647,,187,217
65,1736.891489361702,1851.6914893617022,184653,184265,168,470
65,1705.490909090909,1860.3434343434344,184654,184266,182,495
65,1782.8770053475937,1803.9385026737968,184656,184268,183,374
65,1776.1978319783198,1828.6720867208671,184657,184269,184,369
66,1662.6435331230284,1693.865930599369,185004,184616,179,634
66,1687.273519163763,1678.6777003484322,185006,184618,180,574
66,1718.506234413965,1671.3316708229427,185008,184620,186,401
66,1745.1105527638192,1659.2412060301508,185009,184621,170,398
66,1739.0374812593702,1711.2188905547227,185012,184624,172,667
66,1703.648,1762.996,185015,184627,185,500
66,1719.214920071048,1742.2042628774423,185017,184629,162,563
66,1681.473404255319,1876.497340425532,185020,184632,175,376
66,1682.969696969697,1826.8080808080808,185021,184633,176,297
66,1757.3564547206165,1866.5799614643545,185024,184636,173,519
66,1760.162447257384,1882.8059071729958,185025,184637,174,474
66,1783.242144177449,1774.641404805915,185031,184643,177,541
66,1739.1631944444443,1796.3975694444443,185032,184644,178,576
66,1700.5120967741937,1838.9314516129032,185034,184646,165,248
66,1712.9107142857142,1812.425,185035,184647,187,280
66,1736.1777777777777,1852.2747474747475,185041,184653,168,495
66,1704.9510638297872,1865.0702127659574,185042,184654,182,470
66,1783.7433862433863,1802.7460317460318,185044,184656,183,378
66,1775.5153846153846,1827.1435897435897,185045,184657,184,390
67,1662.0183946488294,1694.3879598662206,185392,185004,179,598
67,1686.764705882353,1677.183391,185394,185006,180,578
67,1719.6518987341772,1673.5590717299579,185396,185008,186,474
67,1746.9050279329608,1665.6620111731843,185397,185009,170,358
67,1741.434074074074,1714.8133333333333,185400,185012,172,675
67,1703.2368932038835,1760.411650485437,185403,185015,185,515
67,1718.1637323943662,1739.4929577464789,185405,185017,162,568
67,1683.5689223057643,1880.1754385964912,185408,185020,175,399
67,1684.7443365695792,1825.6278317152103,185409,185021,176,309
67,1758.2164750957854,1865.5613026819924,185412,185024,173,522
67,1760.4504310344828,1882.2392241379312,185413,185025,174,464
67,1782.9592592592592,1774.687037037037,185419,185031,177,540
67,1738.526405451448,1797.9420783645655,185420,185032,178,587
67,1698.27607362,1844.3435582822085,185422,185034,165,326
67,1712.0915032679738,1811.950980392157,185423,185035,187,306
67,1738.2262626262627,1851.7414141414142,185429,185041,168,495
67,1706.9870689655172,1868.3103448275863,185430,185042,182,464
67,1784.8697916666667,1801.6510416666667,185432,185044,183,384
67,1771.8863049095607,1824.2894056847545,185433,185045,184,387
68,1661.5433070866143,1694.0992126,185779,185392,179,635
68,1686.5160202360876,1676.8785834738617,185781,185394,180,593
68,1716.2576923076922,1676.053846153846,185783,185396,186,520
68,1741.1297709923665,1664.737913486005,185784,185397,170,393
68,1740.355072463768,1715.3463768115942,185787,185400,172,690
68,1704.0801526717557,1761.854961832061,185790,185403,185,524
68,1719.332669322709,1743.6394422310757,185792,185405,162,502
68,1685.057934508816,1880.559194,185795,185408,175,397
68,1686.69732938,1823.632047477745,185796,185409,176,337
68,1756.5546075085324,1865,185799,185412,173,586
68,1765.177966101695,1882.6542372881356,185800,185413,174,590
68,1781.8974358974358,1774.7362637362637,185806,185419,177,546
68,1739.7621527777778,1801.220486111111,185807,185420,178,576
68,1693.1114206128134,1843.8050139275765,185809,185422,165,359
68,1713.6484149855908,1810.207492795389,185810,185423,187,347
68,1738.5686274509803,1849.4481792717088,185816,185429,168,357
68,1708.7842741935483,1865.6068548387098,185817,185430,182,496
68,1797.4927113702624,1799.725947521866,185819,185432,183,343
68,1771.2338902147972,1822.2362768,185820,185433,184,419
69,1663.1900958466454,1693.776357827476,186166,185779,179,626
69,1688.4073455759599,1675.746243739566,186168,185781,180,599
69,1714.185606060606,1677.0492424242425,186170,185783,186,528
69,1741.3559322033898,1665.5762711864406,186171,185784,170,413
69,1740.6822157434403,1716.3498542274053,186174,185787,172,686
69,1690.01956522,1760.404347826087,186177,185790,185,460
69,1717.0912621359223,1743.6815533980582,186179,185792,162,515
69,1686.0075949367088,1880.7215189873418,186182,185795,175,395
69,1684.3279742765274,1825.4180064308682,186183,185796,176,311
69,1755.8802488335925,1864.959564541213,186186,185799,173,643
69,1768.629116117851,1881.0675909878682,186187,185800,174,577
69,1782.3327032136106,1774.6767485822306,186193,185806,177,529
69,1739.5199306759098,1797.951473136915,186194,185807,178,577
69,1692.68404908,1844.0184049079755,186196,185809,165,326
69,1712.0581039755352,1810.5810397553516,186197,185810,187,327
69,1739.634328358209,1844.4975124378109,186203,185816,168,402
69,1711.5127701375245,1865.4440078585462,186204,185817,182,509
69,1794.791891891892,1797.7648648648649,186206,185819,183,370
69,1774.177033492823,1826.2942583732058,186207,185820,184,418
70,1662.322006472492,1694.2686084142395,186553,186166,179,618
70,1687.703642384106,1677.049668874172,186555,186168,180,604
70,1711.5106382978724,1680.9414893617022,186557,186170,186,564
70,1738.964509394572,1665.3528183716076,186558,186171,170,479
70,1739.9667149059335,1716.0318379160638,186561,186174,172,691
70,1681.0075614366729,1769.1323251417768,186564,186177,185,529
70,1716.2776735459663,1744.5572232645404,186566,186179,162,533
70,1684.4923076923078,1882.2794871794872,186569,186182,175,390
70,1684.51410658,1824.6739811912225,186570,186183,176,319
70,1756.2319277108434,1865.359939759036,186573,186186,173,664
70,1769.4906303236799,1881.7785349,186574,186187,174,587
70,1783.6486486486488,1775.69009009009,186580,186193,177,555
70,1735.6527272727274,1800.9327272727273,186581,186194,178,550
70,1691.3342618384402,1844.8523676880222,186583,186196,165,359
70,1709.1584415584416,1804.187013,186584,186197,187,385
70,1740.2568578553617,1839.216957605985,186590,186203,168,401
70,1711.7226563,1869.0449219,186591,186204,182,512
70,1795.4489311163895,1796.874109263658,186593,186206,183,421
70,1773.8450363196125,1824.3075060532688,186594,186207,184,413
71,1663.087027914614,1693.2463054187192,186940,186553,179,609
71,1688.5736040609138,1672.2453468697124,186942,186555,180,591
71,1709.623076923077,1679.201923076923,186944,186557,186,520
71,1736.1694214876034,1664.4235537190082,186945,186558,170,484
71,1738.8975817923188,1716.1507823613088,186948,186561,172,703
71,1673.9576427255986,1770.6906077348067,186951,186564,185,543
71,1710.6584905660377,1744.8867924528302,186953,186566,162,530
71,1684.7506112469437,1883.2102689486553,186956,186569,175,409
71,1685.2283950617284,1825.6481481481483,186957,186570,176,324
71,1755.9522431259045,1864.0014471780028,186960,186573,173,691
71,1769.7272727272727,1881.047077922078,186961,186574,174,616
71,1781.4920353982302,1774.762831858407,186967,186580,177,565
71,1735.1288566243195,1798.7731397459165,186968,186581,178,551
71,1691.068376068376,1843.162393162393,186970,186583,165,351
71,1710.5720430107526,1799.5225806451613,186971,186584,187,465
71,1741.8655256723716,1830.5599022000001,186977,186590,168,409
71,1712.5306122448978,1867.6586270871985,186978,186591,182,539
71,1794.9566326530612,1793.8724489795918,186980,186593,183,392
71,1776.3370535714287,1823.6004464285713,186981,186594,184,448
72,1666.450406504065,1694.658536585366,187327,186940,179,615
72,1691.6459731543623,1671.5637583892617,187329,186942,180,596
72,1710.3576158940398,1681.6799116997793,187331,186944,186,453
72,1738.0633946830267,1664.55623722,187332,186945,170,489
72,1739.3025936599424,1715.0172910662825,187335,186948,172,694
72,1670.7836363636363,1777.590909090909,187338,186951,185,550
72,1708.6486988847585,1742.1375464684015,187340,186953,162,538
72,1686.0074626865671,1884.2238805970148,187343,186956,175,402
72,1687.8827160493827,1823.6450617283951,187344,186957,176,324
72,1757.2906626506024,1864.9834337349398,187347,186960,173,664
72,1772.7911908646004,1881.0766721044047,187348,186961,174,613
72,1781.540834845735,1773.869328493648,187354,186967,177,551
72,1735.8451178451178,1795.0185185185185,187355,186968,178,594
72,1691.1129943502824,1842.9209039548023,187357,186970,165,354
72,1709.3931623931624,1798.440170940171,187358,186971,187,468
72,1743.711409395973,1828.4608501118569,187364,186977,168,447
72,1713.4466911764705,1867.8069852941176,187365,186978,182,544
72,1792.2437185929648,1796,187367,186980,183,398
72,1774.7425149700598,1825.925149700599,187368,186981,184,334
73,1664.9414556962026,1694.41139241,187714,187327,179,632
73,1690.1968085106382,1671.3120567375886,187716,187329,180,564
73,1705.7440347071583,1686.232104121475,187718,187331,186,461
73,1732.361216730038,1665.0114068441064,187719,187332,170,526
73,1736.2964028776978,1712.5726618705037,187722,187335,172,695
73,1667.5735294117646,1777.7738970588234,187725,187338,185,544
73,1707.4442567567567,1738.9510135135135,187727,187340,162,592
73,1683.2118226600985,1883.396551724138,187730,187343,175,406
73,1685.2052117263843,1824.2638436482084,187731,187344,176,307
73,1755.5414110429447,1864.0659509202453,187734,187347,173,652
73,1770.7924528301887,1880.0990566037735,187735,187348,174,636
73,1780.245704467354,1774.6219931271478,187741,187354,177,582
73,1733.4655737704918,1792.7491803278688,187742,187355,178,610
73,1691.3055555555557,1841.8472222222222,187744,187357,165,360
73,1704.7376344086022,1798.4021505376345,187745,187358,187,465
73,1743.089156626506,1828.077108433735,187751,187364,168,415
73,1710.9657142857143,1869.0247619047618,187752,187365,182,525
73,1787.643203883495,1797.5412621359224,187754,187367,183,412
73,1772.1453634085212,1829.6065162907269,187755,187368,184,399
74,1667.3672496025438,1693.4658187599364,188101,187714,179,629
74,1692.9774696707107,1667.3951473136915,188103,187716,180,577
74,1704.5235849056603,1687.367924528302,188105,187718,186,424
74,1734.303326810176,1666.80821918,188106,187719,170,511
74,1737.1819484240687,1713.3782235,188109,187722,172,698
74,1664.0300884955752,1778.1451327433629,188112,187725,185,565
74,1707.0646853146852,1736.7325174825176,188114,187727,162,572
74,1683.0286396181384,1882.107398568019,188117,187730,175,419
74,1684.7934426229508,1825.616393442623,188118,187731,176,305
74,1757.6079881656806,1862.430473372781,188121,187734,173,676
74,1771.9769585253457,1880.8294930875577,188122,187735,174,651
74,1784.473043478261,1774.5739130434783,188128,187741,177,575
74,1734.8918032786885,1787.4540983606557,188129,187742,178,610
74,1694.5054644808743,1841.1174863387978,188131,187744,165,366
74,1706.3765432098764,1800.008230452675,188132,187745,187,486
74,1742.6353211009175,1827.302752293578,188138,187751,168,436
74,1713.4331450094162,1869.276836158192,188139,187752,182,531
74,1785.0671641791046,1797.5422885572139,188141,187754,183,402
74,1773.9773755656108,1827.5791855,188142,187755,184,442
75,1668.2132231404958,1691.9537190082644,188488,188101,179,605
75,1693.6403940886698,1666.5385878489326,188490,188103,180,609
75,1705.3645320197045,1687.3054187192117,188492,188105,186,406
75,1734.7543520309478,1665.1450676982593,188493,188106,170,517
75,1737.7637906647808,1713.6166902404525,188496,188109,172,707
75,1662.30139373,1778.3118466898954,188499,188112,185,574
75,1705.2732142857144,1735.392857142857,188501,188114,162,560
75,1683.2995169082126,1881.9830917874397,188504,188117,175,414
75,1686.7841945288753,1823.90273556231,188505,188118,176,329
75,1756.6077170418007,1863.5498392282957,188508,188121,173,622
75,1772.4818181818182,1880.198484848485,188509,188122,174,660
75,1784.8434782608697,1773.064347826087,188515,188128,177,575
75,1732.8063973063972,1784.5690235690236,188516,188129,178,594
75,1696.01222494,1841.7848410757947,188518,188131,165,409
75,1703.609375,1797.515625,188519,188132,187,512
75,1741.0750551876379,1827.7417218543046,188525,188138,168,453
75,1713.1138059701493,1867.9850746268658,188526,188139,182,536
75,1781.59,1795.3425,188528,188141,183,400
75,1771.1503579952268,1826.9379474940333,188529,188142,184,419
76,1668.6535303800001,1694.81280788,188875,188488,179,609
76,1694.3509316770187,1666.1506211180124,188877,188490,180,644
76,1707.870159453303,1690.7949886104784,188879,188492,186,439
76,1733.4812734082398,1665.5486891385767,188880,188493,170,534
76,1738.206847360913,1718.447931526391,188883,188496,172,701
76,1662.1259124087592,1784.7974452554745,188886,188499,185,548
76,1695.9174484052533,1734.4934333958724,188888,188501,162,533
76,1682.3984575835475,1883.4010282776349,188891,188504,175,389
76,1684.5677419354838,1822.032258064516,188892,188505,176,310
76,1755.3978494623657,1866.4009216589861,188895,188508,173,651
76,1771.9465648854962,1881.9603053435114,188896,188509,174,655
76,1783.5800344234078,1774.5215146299483,188902,188515,177,581
76,1731.6868852459015,1786.1983606557378,188903,188516,178,610
76,1695.9491916859122,1842.136258660508,188905,188518,165,433
76,1700.9092627599243,1794.3610586011341,188906,188519,187,529
76,1742.1405529953918,1828.336405529954,188912,188525,168,434
76,1712.546594982079,1868.405017921147,188913,188526,182,558
76,1778.2898550724638,1796.12077294686,188915,188528,183,414
76,1770.4174311926606,1829.4954128440368,188916,188529,184,436
77,1669.2379562043795,1694.80145985,189262,188875,179,685
77,1695.0850722311397,1665.21990369,189264,188877,180,623
77,1708.0112107623318,1690.5403587443946,189266,188879,186,446
77,1732.6729678638942,1665.196597353497,189267,188880,170,529
77,1738.0564399421128,1718.2749638205498,189270,188883,172,691
77,1657.4072727272728,1790.4763636363637,189273,188886,185,550
77,1689.3841807909605,1729.3596986817327,189275,188888,162,531
77,1681.712895377129,1882.323601,189278,188891,175,411
77,1684.4401294498382,1823.537216828479,189279,188892,176,309
77,1756.4177852348994,1866.3640939597315,189282,188895,173,596
77,1772.080370942813,1881.4389489953633,189283,188896,174,647
77,1783.523396880416,1773.7192374350086,189289,188902,177,577
77,1730.4705882352941,1782.0847750865053,189290,188903,178,578
77,1697.01735358,1841.8134490238613,189292,188905,165,461
77,1701.5423423423424,1794.5891891891893,189293,188906,187,555
77,1741.5228758169935,1831.9934640522877,189299,188912,168,459
77,1711.9139194139193,1870.0018315018315,189300,188913,182,546
77,1778.125641025641,1793.976923076923,189302,188915,183,390
77,1770.453488372093,1827.1558139534884,189303,188916,184,430
78,1670.0239234449762,1694.5566188197768,189642,189262,179,627
78,1695.9921135646687,1664.7586750788644,189644,189264,180,634
78,1709.716553287982,1691.455782312925,189646,189266,186,441
78,1733.534749034749,1663.5830115830115,189647,189267,170,518
78,1738.8850574712644,1718.2916666666667,189650,189270,172,696
78,1653.7845601436265,1794.6768402154398,189653,189273,185,557
78,1682.13909774,1728.5375939849623,189655,189275,162,532
78,1682.3047619,1882.192857142857,189658,189278,175,420
78,1683.9303797468353,1823.8259493670887,189659,189279,176,316
78,1762.2681660899655,1862.4705882352941,189662,189282,173,578
78,1772.422188,1882.1294298921416,189663,189283,174,649
78,1784.2118055555557,1772.829861111111,189669,189289,177,576
78,1729.108581436077,1780.9334500875657,189670,189290,178,571
78,1698.3525498891352,1841.0731707317073,189672,189292,165,451
78,1700.1022304832713,1794.3587360594795,189673,189293,187,538
78,1741.1912832929781,1833.5835351089588,189679,189299,168,413
78,1712.7675675675675,1871.1153153153155,189680,189300,182,555
78,1777.7809278350514,1791.8144329896907,189682,189302,183,388
78,1769.9296375266524,1826.8017057569296,189683,189303,184,469
79,1669.6217457886678,1695.3460949464013,190014,189642,179,653
79,1693.96875,1659.540625,190016,189644,180,640
79,1707.0221238938052,1690.82079646,190018,189646,186,452
79,1732.4686274509804,1662.6313725490197,190019,189647,170,510
79,1739.1350954478708,1715.2246696035243,190022,189650,172,681
79,1650.8879159369528,1797.4255691768826,190025,189653,185,571
79,1673.8260038240917,1724.3001912045888,190027,189655,162,523
79,1680.5724465558194,1880.5249406175772,190030,189658,175,421
79,1683.3343848580441,1820.6624605678232,190031,189659,176,317
79,1764.5221843003412,1859.9778156996588,190034,189662,173,586
79,1770.7858243451465,1882.4314329738058,190035,189663,174,649
79,1782.3231810490693,1772.849407783418,190041,189669,177,591
79,1726.9549248747912,1779.2954924874791,190042,189670,178,599
79,1697.271948608137,1841.0128479657387,190044,189672,165,467
79,1696.9454191033137,1793.3586744639376,190045,189673,187,513
79,1739.695464362851,1830.7408207343412,190051,189679,168,463
79,1712.1620626151014,1872.705340699816,190052,189680,182,543
79,1774.6958525345622,1793.7073732718893,190054,189682,183,434
79,1770.2651821862348,1828.8218623481782,190055,189683,184,494
80,1669.82802548,1694.91242038,190386,190014,179,628
80,1693.8684627575278,1660.321711568938,190388,190016,180,631
80,1706.8747252747253,1690.7736263736265,190390,190018,186,455
80,1732.0543071161048,1661.7247191,190391,190019,170,534
80,1738.725321888412,1715.505007153076,190394,190022,172,699
80,1647.3862433862435,1803.3086419753085,190397,190025,185,567
80,1667.86862745,1721.2254901960785,190399,190027,162,510
80,1679.6634615384614,1879.8485576923076,190402,190030,175,416
80,1682.7837837837837,1824.2972972972973,190403,190031,176,296
80,1767.1599353796446,1858.7867528271406,190406,190034,173,619
80,1770.03317535545,1883.6018957345973,190407,190035,174,633
80,1782.796460176991,1773.5557522123895,190413,190041,177,565
80,1726.1768953068593,1776.202166064982,190414,190042,178,554
80,1697.3333333333333,1840.4831223628692,190416,190044,165,474
80,1697.2289803220035,1791.8783542039355,190417,190045,187,559
80,1739.692468619247,1829.4853556485355,190423,190051,168,478
80,1711.9477477477478,1874.8108108108108,190424,190052,182,555
80,1774.2488479262672,1792.930875576037,190426,190054,183,434
80,1769.3777777777777,1828.731313131313,190427,190055,184,495
81,1670.2028301886792,1695.2264150943397,190758,190386,179,636
81,1694.30279503,1659.6257763975154,190760,190388,180,644
81,1706.6393805309735,1690.8384955752213,190762,190390,186,452
81,1733.3382899628252,1662.806691449814,190763,190391,170,538
81,1738.8367052023123,1717.1661849710983,190766,190394,172,692
81,1645.5051546391753,1806.6769759450171,190769,190397,185,582
81,1661.6943907156674,1718.8317214700194,190771,190399,162,517
81,1680.1258278145694,1882.1898454746138,190774,190402,175,453
81,1682.0298013245033,1822.523178807947,190775,190403,176,302
81,1769.727115716753,1858.5854922279793,190778,190406,173,579
81,1770.0388802488335,1885.1384136858476,190779,190407,174,643
81,1782.6230636833047,1773.8502581755595,190785,190413,177,581
81,1726.694885361552,1774.7636684303352,190786,190414,178,567
81,1697.5173116089613,1840.9531568228106,190788,190416,165,491
81,1697.5464098073555,1790.1751313485113,190789,190417,187,571
81,1739.5800415800416,1827.4033264033264,190795,190423,168,481
81,1712.9801084990959,1875.1211573,190796,190424,182,553
81,1774.9572072072071,1793.6644144144143,190798,190426,183,444
81,1771.771855010661,1829.8294243070363,190799,190427,184,469
82,1670.2805071315372,1696.797147385103,191130,190758,179,631
82,1693.2609375,1660.215625,191132,190760,180,640
82,1707.6933045356373,1690.9740820734341,191134,190762,186,463
82,1731.8768656716418,1663.5783582089553,191135,190763,170,536
82,1738.7815384615385,1716.9353846153847,191138,190766,172,650
82,1638.520458265139,1810.9918166939444,191141,190769,185,611
82,1650.6378676470588,1714.9797794117646,191143,190771,162,544
82,1680.8268792710705,1883.73576309795,191146,190774,175,439
82,1681.1638225255972,1822.9044368600682,191147,190775,176,293
82,1770.9795918367347,1857.3061224489795,191150,190778,173,588
82,1770.1615384615384,1885.9261538461537,191151,190779,174,650
82,1782.6043771043771,1773.4595959595958,191157,190785,177,594
82,1722.158181818182,1772.8927272727274,191158,190786,178,550
82,1696.4494845360825,1841.8762886597938,191160,190788,165,485
82,1695.597197898424,1788.0753064798598,191161,190789,187,571
82,1739.472647702407,1828.8446389496717,191167,190795,168,457
82,1713.6425992779784,1874.71119133574,191168,190796,182,554
82,1775.112582781457,1793.673289183223,191170,190798,183,453
82,1769.5818540433925,1829.7869822485206,191171,190799,184,507
83,1670.612745098039,1695.3071895424837,191502,191130,179,612
83,1694.9397217928902,1660.003091190108,191504,191132,180,647
83,1709.4138655462184,1711.6134453781513,191506,,188,476
83,1732.2568807339449,1664.5981651376146,191507,191135,170,545
83,1738.4913544668589,1712.577809798271,191510,191138,172,694
83,1632.829581993569,1815.5916398713825,191513,191141,185,622
83,1650.621818181818,1713.8927272727274,191515,191143,162,550
83,1682.995652173913,1883.6,191518,191146,175,460
83,1679.4169381107492,1819.5602605863191,191519,191147,176,307
83,1774.1364392678868,1854.242928452579,191522,191150,173,601
83,1771.2094488188977,1884.5685039370078,191523,191151,174,635
83,1783.333904109589,1770,191529,191157,177,584
83,1724.1125198098257,1769.1521394611727,191530,191158,178,631
83,1694.7726358148893,1841.9517102615694,191532,191160,165,497
83,1695.8482293423272,1786.0033726812817,191533,191161,187,593
83,1739.6972281449894,1829.993603411514,191539,191167,168,469
83,1714.253164556962,1874.2278481012659,191540,191168,182,553
83,1777.7699316628702,1789.751708428246,191542,191170,183,439
83,1768.9375,1828.171875,191543,191171,184,512
84,1670.4802631578948,1695.8338815789473,191874,191502,179,608
84,1692.4774494556766,1661.1057542768274,191876,191504,180,643
84,1696.1776315789473,1735.5279605263158,191878,,189,608
84,1730.7582417582416,1665.9871794871794,191879,191507,170,546
84,1739.640404040404,1717.0242424242424,191882,191510,172,495
84,1628.189792663477,1819.2535885167465,191885,191513,185,627
84,1652.4217081850534,1715.5462633451957,191887,191515,162,562
84,1681.878587196468,1887.3245033112582,191890,191518,175,453
84,1677.6910299003323,1819.4485049833888,191891,191519,176,301
84,1773.9084745762711,1853.3677966101695,191894,191522,173,590
84,1769.6814024390244,1885.2759146341464,191895,191523,174,656
84,1777.527731092437,1769.4941176470588,191901,191529,177,595
84,1722.283531409168,1770.2597623089982,191902,191530,178,589
84,1692.0482897384306,1842.0221327967806,191904,191532,165,497
84,1693.796875,1785.9756944444443,191905,191533,187,576
84,1737.9633620689656,1830.2629310344828,191911,191539,168,464
84,1713.4109347442682,1875.0846560846562,191912,191540,182,567
84,1777.2358079,1790.5676855895197,191914,191542,183,458
84,1766.2713755,1829.018587360595,191915,191543,184,538
85,1672.4442595673877,1695.8535773710482,192246,191874,179,601
85,1693.8107692307692,1659.9646153846154,192248,191876,180,650
85,1685.4926470588234,1755.1,192250,,190,680
85,1729.9068100358422,1668.921146953405,192251,191879,170,558
85,1625.8051118210863,1822.052715654952,192257,191885,185,626
85,1658.9297012302284,1718.6133567662566,192259,191887,162,569
85,1681.90987124,1886.5150214592275,192262,191890,175,466
85,1676.9183673469388,1819.5850340136055,192263,191891,176,294
85,1775.1049180327868,1852.1409836065573,192266,191894,173,610
85,1769.7480680061824,1885.6352395672334,192267,191895,174,647
85,1775.6346801346801,1768.621212121212,192273,191901,177,594
85,1719.6048780487804,1766.8959349593497,192274,191902,178,615
85,1691.972,1841.99,192276,191904,165,500
85,1690.1543739279589,1785.7993138936536,192277,191905,187,583
85,1736.606,1830.79,192283,191911,168,500
85,1712.6949458483755,1873.9115523465703,192284,191912,182,554
85,1779.7204081632653,1791.069387755102,192286,191914,183,490
85,1766.7926605504588,1829.5504587155963,192287,191915,184,545
85,1749.4689265536722,1715.8135593220338,192289,191882,172,177
85,1715.4739884393064,1719.208092485549,192290,,191,173
86,1672.9839743589744,1696.2820512820513,192618,192246,179,624
86,1694.5613496932515,1660.4923312883436,192620,192248,180,652
86,1692.0268096514747,1762.5630026809652,192622,192250,190,746
86,1731.0213903743315,1668.4188948306596,192623,192251,170,561
86,1625.1632,1823.4608,192629,192257,185,625
86,1656.7230769230769,1718.1316239316238,192631,192259,162,585
86,1683.6805251641138,1887.0306345733043,192634,192262,175,457
86,1678.31325301,1818.9939759036145,192635,192263,176,332
86,1774.4612903225807,1853.1725806451614,192638,192266,173,620
86,1770.2003081664097,1885.4391371340523,192639,192267,174,649
86,1775.54,1768.84,192645,192273,177,600
86,1718.2409836065574,1765.639344262295,192646,192274,178,610
86,1692.551515151515,1843.088888888889,192648,192276,165,495
86,1690.492673992674,1788.1227106227107,192649,192277,187,546
86,1737.5461847389558,1831.6305220883535,192655,192283,168,498
86,1713.453405017921,1874.4121863799282,192656,192284,182,558
86,1782.212981744422,1790.9898580121703,192658,192286,183,493
86,1767.7115384615386,1828.9108391608393,192659,192287,184,572
86,1747.2929688,1716.0078125,192661,192289,172,256
86,1714.142361111111,1706.2430555555557,192662,192290,191,288
87,1673.0565428109855,1696.361873990307,193007,192618,179,619
87,1693.9832317073171,1661.3506097560976,193009,192620,180,656
87,1701.4745547073792,1761.4503816793892,193011,192622,190,786
87,1731.4723707664884,1668.0499108734402,193012,192623,170,561
87,1623.4789391575664,1824.6146645865836,193018,192629,185,641
87,1653.4558058925477,1714.4852686308493,193020,192631,162,577
87,1684.3096234309623,1886.9623430962342,193023,192634,175,478
87,1676.5980066445184,1820.6943521594685,193024,192635,176,301
87,1774.7895595,1853.1957585644373,193027,192638,173,613
87,1769.9065849923431,1885.4640122511485,193028,192639,174,653
87,1775.3939899833056,1768.3756260434056,193034,192645,177,599
87,1721.2912087912089,1765.7747252747254,193035,192646,178,364
87,1692.542406311637,1843.5128205128206,193037,192648,165,507
87,1690.7274401473296,1787.403314917127,193038,192649,187,543
87,1736.6626506024097,1831.8594378,193044,192655,168,498
87,1714.0534482758621,1874.4327586206896,193045,192656,182,580
87,1783.41928721174,1790.6121593291405,193047,192658,183,477
87,1766.2206654991244,1828.9894921190894,193048,192659,184,571
87,1746.267361111111,1714.361111111111,193050,192661,172,288
87,1713.2485207100592,1709.0325443786983,193051,192662,191,338
88,1668.0996677740864,1695.8222591362126,193396,193007,179,602
88,1693.4409090909091,1661.0257575757576,193398,193009,180,660
88,1702.9815817984831,1765.8223185265438,193400,193011,190,923
88,1731.4875444839859,1668.693950177936,193401,193012,170,562
88,1621.937984496124,1826.460465116279,193407,193018,185,645
88,1646.7428087986464,1711.9593908629442,193409,193020,162,591
88,1682.6432989690722,1886.719587628866,193412,193023,175,485
88,1676.0900900900901,1818.3993993993995,193413,193024,176,333
88,1776.0488188976378,1851.503937007874,193416,193027,173,635
88,1769.2641509433963,1885.7484276999999,193417,193028,174,636
88,1774.0065573770491,1768.1737704918032,193423,193034,177,610
88,1719.6446540880504,1765.4622641509434,193424,193035,178,318
88,1691.261044176707,1845.8694779116465,193426,193037,165,498
88,1687.676605504587,1787.105504587156,193427,193038,187,436
88,1736.017094017094,1831.6175213675215,193433,193044,168,468
88,1712.978761061947,1872.8053097345132,193434,193045,182,565
88,1782.2748414376322,1792.7653276955602,193436,193047,183,473
88,1765.6254237288135,1829.5016949152541,193437,193048,184,590
88,1746.8463768115942,1717.255072463768,193439,193050,172,345
88,1709.5585365853658,1707.4853658536585,193440,193051,191,410
89,1668.6035398230088,1696.98584071,193785,193396,179,565
89,1694.1833590138674,1660.9291217257319,193787,193398,180,649
89,1706.8431876606683,1762.2352185089974,193789,193400,192,778
89,1733.5793103448275,1666.094827586207,193790,193401,170,580
89,1619.7963525835867,1828.855623100304,193796,193407,185,658
89,1641.3018549747048,1708.9713322091063,193798,193409,162,593
89,1684.1991341991343,1886.625541125541,193801,193412,175,462
89,1677.5514018691588,1820.8909657320874,193802,193413,176,321
89,1778.471138845554,1849.5741029641185,193805,193416,173,641
89,1769.8046511627906,1884.6945736434109,193806,193417,174,645
89,1775.3204508856684,1767.9291465378421,193812,193423,177,621
89,1711.4857142857143,1747.7666666666667,193813,193400,193,210
89,1691.9960317460318,1846.436507936508,193815,193426,165,504
89,1689.4779270633398,1784.5623800383878,193816,193427,187,521
89,1736.963906581741,1827.995753715499,193822,193433,168,471
89,1715.5742397137747,1872.2397137745975,193823,193434,182,559
89,1784.1593291404613,1791.937106918239,193825,193436,183,477
89,1764.4403973509934,1829.9486754966888,193826,193437,184,604
89,1748.190243902439,1717.9756097560976,193828,193439,172,410
89,1708.3957345971564,1709.0710900473935,193829,193440,191,422
90,1667.5406301824212,1698.5605306799337,194174,193785,179,603
90,1695.46072508,1662.0181268882175,194176,193787,180,662
90,1688.976613657624,1744.7698783910196,194178,,194,1069
90,1735.6785079928952,1661.5861456483126,194179,193790,170,563
90,1615.6251874062968,1831.9715142428786,194185,193796,185,667
90,1634.7775974,1704.5876623376623,194187,193798,162,616
90,1684.80462185,1888.6911764705883,194190,193801,175,476
90,1675.0523255813953,1817.3837209302326,194191,193802,176,344
90,1779.1424242424243,1848.6227272727274,194194,193805,173,660
90,1769.1483771251933,1885.3817619783617,194195,193806,174,647
90,1778.2596153846155,1768.7099358974358,194201,193812,177,624
90,1711.5412667946257,1758.3953934740882,194202,193789,192,521
90,1691.0297619,1847.7103174603176,194204,193815,165,504
90,1687.5504132199999,1784.3702479338842,194205,193816,187,605
90,1735.7897959183674,1829.7673469387755,194211,193822,168,490
90,1714.702166064982,1873.4711191000001,194212,193823,182,554
90,1782.8141962421712,1792.830897703549,194214,193825,183,479
90,1762.4644012944984,1831.2653721682848,194215,193826,184,618
90,1750.554565701559,1722.15144766147,194217,193828,172,449
90,1710.293388429752,1711.8471074380166,194218,193829,191,484
91,1666.9095477386934,1697.6147403685093,194563,194174,179,597
91,1696.8995433789955,1660.03500761035,194565,194176,180,657
91,1694.186936936937,1756.115990990991,194567,194178,194,888
91,1736.273368606702,1659.8818342151676,194568,194179,170,567
91,1614.5609022556391,1834.0255639097745,194575,194185,185,665
91,1631.717741935484,1701.832258064516,194576,194187,162,620
91,1688.6194690265486,1890.8539823,194579,194190,175,452
91,1675.128205128205,1818.8429487179487,194580,194191,176,312
91,1780.1203703703704,1846.567901234568,194583,194194,173,648
91,1769.2136075949368,1885.85917721519,194584,194195,174,632
91,1779.671009771987,1769.1058631921824,194590,194201,177,614
91,1713.7928286852589,1757.0916334661354,194591,194202,192,251
91,1690.812133072407,1848.2054794520548,194593,194204,165,511
91,1684.0192644483363,1783.4553415061296,194594,194205,187,571
91,1734.504132231405,1827.2995867768595,194600,194211,168,484
91,1715.698729582577,1871.9745916515426,194601,194212,182,551
91,1783.1785714285713,1793.204365079365,194603,194214,183,504
91,1763.1033333333332,1831.1100000000001,194604,194215,184,600
91,1751.157667386609,1720.6738660907126,194606,194217,172,463
91,1710.4103092783505,1713.839175257732,194607,194218,191,485
0,2108.964343598055,2108.1004862236628,200076,,201,617
0,2128.9816513761466,2135.229357798165,200086,,202,545
0,2092.9450980392157,2253.6176470588234,200094,,203,510
0,2128.3742331288345,2258.7586912,200098,,204,489
0,2143.1946902654868,2217.2367256637167,200102,,205,452
0,2154.1855421686746,2239.2048192771085,200112,,206,415
1,2108.7487922705313,2108.376811594203,200442,200076,201,621
1,2128.5667938931297,2135.7080152671756,200452,200086,202,524
1,2093.8650190114067,2252.9410646387832,200460,200094,203,526
1,2128.990253411306,2259.3762183235867,200464,200098,204,513
1,2143.617475728155,2219.9320388349515,200468,200102,205,515
1,2158.1137440758293,2239.4170616113743,200478,200112,206,422
2,2108.4156626506024,2111.0135542168673,200808,200442,201,664
2,2128.1570093457944,2137.9028037383177,200818,200452,202,535
2,2092.865275142315,2253.2087286527512,200826,200460,203,527
2,2127.577821011673,2260.025291828794,200830,200464,204,514
2,2141.6378986866794,2222.5984990619136,200834,200468,205,533
2,2158.8108747044917,2240.1229314420802,200844,200478,206,423
3,2110.7360703812315,2112.0938416422287,201174,200808,201,682
3,2129.344122657581,2139.5706984667804,201184,200818,202,587
3,2092.9784560143626,2251.9982046678633,201192,200826,203,557
3,2127.6983240223462,2259.4040968342642,201196,200830,204,537
3,2143.5250463821894,2218.4935064935066,201200,200834,205,539
3,2159.086651053864,2238.032786885246,201210,200844,206,427
4,2110.675213675214,2113.112535612536,201540,201174,201,702
4,2131.0226086956523,2144.224347826087,201550,201184,202,575
4,2090.8998035363456,2249.0294695481334,201558,201192,203,509
4,2124.817543859649,2259.9122807017543,201562,201196,204,570
4,2143.936170212766,2218.7429078014184,201566,201200,205,564
4,2159.9357429718875,2236.4618473895584,201576,201210,206,498
5,2110.431154381085,2113.542420027816,201906,201540,201,719
5,2129.941712204007,2147.601092896175,201916,201550,202,549
5,2092.0506108202444,2248.696335078534,201924,201558,203,573
5,2128.440199335548,2256.2923588039866,201928,201562,204,602
5,2149.6557971014495,2214.4003623188405,201932,201566,205,552
5,2176.5,2225.546052631579,201944,201576,207,152
5,2150.3893805309735,2238.4867256637167,201945,201576,208,113
6,2108.516452074392,2111.8769670958513,202272,201906,201,699
6,2133.9483394833946,2148.463099630996,202282,201916,202,542
6,2096.10294118,2250.6388888888887,202290,201924,203,612
6,2131.1860036832413,2264.307550644567,202294,201928,204,543
6,2152.275471698113,2213.7226415094337,202298,201932,205,530
6,2175.707509881423,2226.6363636363635,202310,201944,207,253
6,2150.4308300395255,2242.826086956522,202311,201945,208,253
7,2111.2363387978144,2111.5,202638,202272,201,732
7,2131.0650684931506,2147.6181506849316,202648,202282,202,584
7,2094.450406504065,2250.377235772358,202656,202290,203,615
7,2129.9849749582636,2270.001669449082,202660,202294,204,599
7,2147.289048473968,2217.5385996409336,202664,202298,205,557
7,2176.7859531772574,2223.040133779264,202676,202310,207,299
7,2152.3,2245.735294117647,202677,202311,208,340
8,2109.1476063829787,2111.75,203004,202638,201,752
8,2133.4173622704507,2143.6777963,203014,202648,202,599
8,2095.8,2249.7015625,203022,202656,203,640
8,2130.2066772655007,2268.7138314785375,203026,202660,204,629
8,2160.0254237288136,2198.7118644067796,203032,,209,118
8,2134.3852459016393,2217.4836065573772,203033,202664,205,122
8,2174.9407407407407,2223.1925925925925,203042,202676,207,405
8,2150.637566137566,2242.436507936508,203043,202677,208,378
9,2106.907608695652,2111.5801630434785,203370,203004,201,736
9,2132.8888888888887,2142.2550860719875,203380,203014,202,639
9,2094.547904191617,2254.3562874251497,203388,203022,203,668
9,2133.1302325581396,2276.1596899224805,203392,203026,204,645
9,2155.6609686609686,2201.9173789173788,203398,203032,209,351
9,2132.0967741935483,2224.6693548387098,203399,203033,205,248
9,2177.286343612335,2221.3942731277534,203408,203042,207,454
9,2149.2265060240966,2247.0578313253013,203409,203043,208,415
10,2104.2427983539096,2109.0727023319614,203733,203370,201,729
10,2131.448529411765,2140.2132352941176,203743,203380,202,680
10,2094.7585185185185,2253.6740740740743,203751,203388,203,675
10,2135.93343419062,2277.68532526475,203755,203392,204,661
10,2156.7797927,2202.077720207254,203761,203398,209,386
10,2128.3148788927338,2229.3148788927338,203762,203399,205,289
10,2182.2362768,2216.7947494033415,203771,203408,207,419
10,2153.052401746725,2243.8209606986898,203772,203409,208,458
11,2104.7551299589604,2106.8659370725036,204107,203733,201,731
11,2130.2875175315567,2138.8373071528754,204117,203743,202,713
11,2095.9719626168226,2252.0155763239877,204125,203751,203,642
11,2137.0014836795253,2275.3961424332347,204129,203755,204,674
11,2159.6575,2201.81,204135,203761,209,400
11,2126.6063218390805,2233.7758620689656,204136,203762,205,348
11,2184.9099756691,2215.3576642335765,204145,203771,207,411
11,2151.914606741573,2238.3797752808987,204146,203772,208,445
12,2093.3494623655915,2108.1935483870966,204481,204107,201,558
12,2123.723374827109,2136.554633471646,204491,204117,202,723
12,2093.84122137,2252.6946564885498,204499,204125,203,655
12,2136.679640718563,2276.7050898203593,204503,204129,204,668
12,2158.609375,2200.8035714285716,204509,204135,209,448
12,2119.639037433155,2244.2272727272725,204510,204136,205,374
12,2185.9521640091116,2210.2915717539863,204519,204145,207,439
12,2152.0703624733474,2239.443496801706,204520,204146,208,469
13,2110.8325791855204,2101.9547511312217,204857,204481,210,221
13,2081.90410959,2102.178082191781,204858,204481,211,219
13,2122.143661971831,2137.311267605634,204865,204491,202,710
13,2094.945185185185,2252.3674074074074,204873,204499,203,675
13,2139.468656716418,2277.1820895522387,204877,204503,204,670
13,2156.9206349206347,2200.24716553288,204883,204509,209,441
13,2120.291005291005,2244.685185185185,204884,204510,205,378
13,2187.3716814159293,2208.0442477876104,204893,204519,207,452
13,2154.102766798419,2236.5375494071145,204894,204520,208,506
14,2112.839116719243,2093.7917981072555,205231,204857,210,317
14,2082.8590604026845,2100.6375838926174,205232,204858,211,298
14,2129.6473779385174,2151.5443037974683,205239,204865,202,553
14,2094.719298245614,2252.7587719298244,205247,204873,203,684
14,2140.578125,2279.258522727273,205251,204877,204,704
14,2155.60843373494,2200.477911646586,205257,204883,209,498
14,2119.30179028133,2248.7519181585676,205258,204884,205,391
14,2184.6961206896553,2209.780172413793,205267,204893,207,464
14,2151.6772277227724,2240.732673267327,205268,204894,208,505
15,2111.989247311828,2094.239247311828,205605,205231,210,372
15,2080.295652173913,2100.6608695652176,205606,205232,211,345
15,2115.6171003717473,2122.1598513011154,205615,,212,269
15,2134.153409090909,2146.7386363636365,205616,205239,202,352
15,2094.3478260869565,2253.0420757363254,205621,205247,203,713
15,2143.515994436718,2277.53685674548,205625,205251,204,719
15,2152.433198380567,2204.917004,205631,205257,209,494
15,2118.885922330097,2251.9271844660193,205632,205258,205,412
15,2185.4232456140353,2205.9013157894738,205641,205267,207,456
15,2152.0797546,2243.638036809816,205642,205268,208,489
16,2113.9274611398964,2095.484455958549,205971,205605,210,386
16,2082.1648648648647,2098.5891891891893,205972,205606,211,370
16,2120.4620462046205,2115.4191419141916,205981,205615,212,303
16,2135.36815920398,2149.241293532338,205982,205616,202,402
16,2096.1373937677054,2254.0240793201133,205987,205621,203,706
16,2143.8011363636365,2277.2485795454545,205991,205625,204,704
16,2153.3978723404257,2203.7148936170215,205997,205631,209,470
16,2120.7072072072074,2246.689189189189,205998,205632,205,444
16,2185.501075268817,2207.750537634409,206007,205641,207,465
16,2152.56512605042,2244.5063025210084,206008,205642,208,476
17,2113.4380530973453,2093.0884955752213,206337,205971,210,452
17,2084.85861183,2100.4498714652955,206338,205972,211,389
17,2121.970930232558,2113.686046511628,206347,205981,212,344
17,2135.0985576923076,2149.608173076923,206348,205982,202,416
17,2094.45844875,2254.371191135734,206353,205987,203,722
17,2142.8948824343015,2279.5325034578145,206357,205991,204,723
17,2157.5960698689955,2202.052401746725,206363,205997,209,458
17,2120.3196544276457,2246.194384449244,206364,205998,205,463
17,2183.1016597510375,2212.844398340249,206373,206007,207,482
17,2148.89485458613,2248.460850111857,206374,206008,208,447
18,2114.5496688741723,2091.1810154525388,206718,206337,210,453
18,2082.9302325581393,2098.0645994832043,206719,206338,211,387
18,2120.1917404129795,2111.3303834808257,206728,206347,212,339
18,2134.4419753,2149.3135802469137,206729,206348,202,405
18,2091.622462787551,2256.4776725304464,206734,206353,203,739
18,2144.0078226857886,2279.511082138201,206738,206357,204,767
18,2153.978540772532,2204.0858369098714,206744,206363,209,466
18,2118.3258928571427,2240.1272321428573,206745,206364,205,448
18,2181.700205338809,2209.0616016427107,206754,206373,207,487
18,2142.649667405765,2250.8558758314857,206755,206374,208,451
19,2122.950226244344,2090.552036199095,207093,206718,210,442
19,2086.109756097561,2098.307317073171,207094,206719,211,410
19,2120.535014005602,2111.8711484593837,207103,206728,212,357
19,2133.5668103448274,2145.239224137931,207104,206729,202,464
19,2093.1367292200002,2255.9678284182305,207109,206734,203,746
19,2144.732026143791,2280.5777777777776,207113,206738,204,765
19,2155.8571428571427,2199.7824175824176,207119,206744,209,455
19,2120.6773455377574,2239.0915331807782,207120,206745,205,437
19,2182.1071428571427,2208.436507936508,207129,206754,207,504
19,2145.028824833703,2252.441241685144,207130,206755,208,451
20,2120.714285714286,2090.6866359447004,207468,207093,210,434
20,2083.703791469194,2092.7890995260664,207469,207094,211,422
20,2117.231707317073,2110.4829268292683,207478,207103,212,410
20,2129.758318739054,2144.737302977233,207479,207104,202,571
20,2093.59403372,2255.3463035019454,207484,207109,203,771
20,2145.7984084880636,2280.8965517241377,207488,207113,204,754
20,2153.352808988764,2202.0247191011235,207494,207119,209,445
20,2118.368539325843,2242.6764045,207495,207120,205,445
20,2181.810707456979,2208.3862332695985,207504,207129,207,523
20,2143.015486725664,2252.1969026548672,207505,207130,208,452
21,2116.366729678639,2087.056710775047,207843,207468,210,529
21,2081.6556701030927,2093.7051546391754,207844,207469,211,485
21,2117.592750533049,2113.72921108742,207853,207478,212,469
21,2121.102564102564,2150.7124542124543,207854,207479,202,546
21,2093.375494071146,2252.409749670619,207859,207484,203,759
21,2144.5459387483356,2280.2902796271637,207863,207488,204,751
21,2156.870892018779,2197.823943661972,207869,207494,209,426
21,2117.534090909091,2242.359090909091,207870,207495,205,440
21,2179.4587737843553,2216.2727272727275,207879,207504,207,473
21,2143.1721854304637,2250.326710816777,207880,207505,208,453
22,2118.1486988847582,2091.328996282528,208218,207843,210,538
22,2080.730132450331,2093.387417218543,208219,207844,211,604
22,2124.747844827586,2122.9762931034484,208228,207853,212,464
22,2115.2737642585553,2158.7851711026615,208229,207854,202,526
22,2091.8834196891194,2252.979274611399,208234,207859,203,772
22,2146.232189973615,2280.353562005277,208238,207863,204,758
22,2157.6659436008676,2199.1301518438177,208244,207869,209,461
22,2115.75,2243.4322916666665,208245,207870,205,384
22,2180.2942386831273,2216.251028806584,208254,207879,207,486
22,2139.9265033407573,2250.5077951002227,208255,207880,208,449
23,2115.768946395564,2087.5526802218114,208593,208218,210,541
23,2074.66104553,2094.4198988195617,208594,208219,211,593
23,2132.4795918367345,2120.6285714285714,208603,208228,212,490
23,2115.678392,2156.9363484087103,208604,208229,202,597
23,2091.470879801735,2252.3023543990084,208609,208234,203,807
23,2146.3700887198984,2279.6451204055766,208613,208238,204,789
23,2162.335164835165,2203.388278388278,208619,208244,209,546
23,2114.051413881748,2246.8020565552697,208620,208245,205,389
23,2185.5866050808313,2217.323325635104,208629,208254,207,433
23,2140.3940042826553,2248.82869379015,208630,208255,208,467
24,2114.729537366548,2088.0409252669037,208975,208593,210,562
24,2074.813953488372,2094.6744186046512,208976,208594,211,602
24,2133.595387840671,2117.431865828092,208985,208603,212,477
24,2116.414976599064,2154.4227769110767,208986,208604,202,641
24,2093.5195460277428,2250.2395964691045,208991,208609,203,793
24,2148.807113543092,2281.454172366621,208995,208613,204,731
24,2161.5825242718447,2202.7805825242717,209001,208619,209,515
24,2115.273291925466,2247.1273291925468,209002,208620,205,322
24,2185.5040322580644,2217.1149193548385,209011,208629,207,496
24,2142.1974789915967,2247.4012605042017,209012,208630,208,476
25,2107.9,2088.7254237288134,209357,208975,210,590
25,2071.540133779264,2093.6521739130435,209358,208976,211,598
25,2132.233333333333,2118.529411764706,209367,208985,212,510
25,2111.6666666666665,2154.701834862385,209368,208986,202,654
25,2091.683804627249,2251.0938303341904,209373,208991,203,778
25,2147.9184210526314,2280.628947368421,209377,208995,204,760
25,2161.426,2203.266,209383,209001,209,500
25,2113.08253968254,2247.488888888889,209384,209002,205,315
25,2182.180527383367,2221.6409736308315,209393,209011,207,493
25,2139.3453093812377,2246.4730538922154,209394,209012,208,501
26,2108.6808905380335,2086.595547309833,209740,209357,210,539
26,2073.34925865,2096.4184514003296,209741,209358,211,607
26,2132.9823529411765,2115.850980392157,209750,209367,212,510
26,2111.826215022091,2155.558173784978,209751,209368,202,679
26,2092.240458015267,2251.998727735369,209756,209373,203,786
26,2147.9421487603304,2279.564738292011,209760,209377,204,726
26,2163.8827038,2197.9502982107356,209766,209383,209,503
26,2114.7166666666667,2244.5138888888887,209767,209384,205,360
26,2180.2013129102843,2226.770240700219,209776,209393,207,457
26,2139.6757813,2244.5449219,209777,209394,208,512
27,2115.657091561939,2087.3105924596052,210123,209740,210,557
27,2076.258116883117,2095.5113636363635,210124,209741,211,616
27,2135.056092843327,2117.191489361702,210133,209750,212,517
27,2112.5555555555557,2156.972972972973,210134,209751,202,666
27,2096.7421777221525,2249.823529411765,210139,209756,203,799
27,2147.151851851852,2278.7395061728394,210143,209760,204,810
27,2168.8278689,2193.9549180327867,210149,209766,209,488
27,2118.644699140401,2243.183381088825,210150,209767,205,349
27,2179.859470468432,2227.9490835,210159,209776,207,491
27,2143.037773359841,2244.0536779324057,210160,209777,208,503
28,2116.3044217687075,2083.052721088435,210506,210123,210,588
28,2074.39726027,2095.2414383561645,210507,210124,211,584
28,2137.751879699248,2115.308270676692,210516,210133,212,532
28,2112.217261904762,2156.3258928571427,210517,210134,202,672
28,2094.4942675159236,2249.067515923567,210522,210139,203,785
28,2146.914586070959,2281.337713534823,210526,210143,204,761
28,2165.7880085653105,2191.6188436830835,210532,210149,209,467
28,2116.9142091152817,2243.9034852546915,210533,210150,205,373
28,2178.1847826086955,2225.3659420289855,210542,210159,207,552
28,2141.3179190751443,2244.8574181117533,210543,210160,208,519
29,2115.71359223301,2074.205501618123,210889,210506,210,618
29,2076.0178571428573,2093.5844155844156,210890,210507,211,616
29,2138.5334685598377,2110.841784989858,210899,210516,212,493
29,2114.732474964235,2153.0529327610875,210900,210517,202,699
29,2094.24847001,2250.8776009791923,210905,210522,203,817
29,2147.196629213483,2282.046348314607,210909,210526,204,712
29,2161.9332096474955,2190.630797773655,210915,210532,209,539
29,2117.0877192982457,2244.3801169590643,210916,210533,205,342
29,2177.7842003853566,2226.082851637765,210925,210542,207,519
29,2141.7562862669247,2246.2147001934236,210926,210543,208,517
30,2119.0831973898858,2072.4502446982056,211272,210889,210,613
30,2076.928455284553,2093.42601626,211273,210890,211,615
30,2135.1441947565545,2111.6872659,211282,210899,212,534
30,2113.966527196653,2152.655509065551,211283,210900,202,717
30,2096.1622276029057,2251.4370460048426,211288,210905,203,826
30,2146.8424657534247,2281.2785388127854,211292,210909,204,438
30,2161.737793851718,2191.9330922242316,211298,210915,209,553
30,2119.8229508196723,2239.2098360655737,211299,210916,205,305
30,2177.8761384335153,2226.249544626594,211308,210925,207,549
30,2143.008791208791,2247.2021978021976,211309,210926,208,455
31,2122.156507413509,2074.8912685337727,211655,211272,210,607
31,2078.588957055215,2094.069018404908,211656,211273,211,652
31,2136.4950690335304,2116.3865877712033,211665,211282,212,507
31,2113.2771739130435,2152.673913043478,211666,211283,202,736
31,2093.62451108,2250.6245110821383,211671,211288,203,767
31,2161.194756554307,2281.0411985018727,211677,211292,213,267
31,2133.292490118577,2282.7628458498025,211678,211292,214,253
31,2160.891265597148,2192.5329768270944,211681,211298,209,561
31,2116.5317220543807,2242.6858006042294,211682,211299,205,331
31,2176.00518134715,2228.298791018998,211691,211308,207,579
31,2140.826883910387,2250.3808553971485,211692,211309,208,491
32,2124.51768488746,2075.927652733119,212038,211655,210,622
32,2079.8511278195488,2095.0676691729323,212039,211656,211,665
32,2134.8615071283098,2117.5865580448067,212048,211665,212,491
32,2112.5116279069766,2154.1805745554034,212049,211666,202,731
32,2090.8571428571427,2249.084126984127,212054,211671,203,630
32,2162.3056478405315,2285.750830564784,212060,211677,213,301
32,2137.8924731182797,2287.6164874551973,212061,211678,214,279
32,2161.149446494465,2192.39852398524,212064,211681,209,542
32,2117.778350515464,2240.3505154639174,212065,211682,205,388
32,2176.2238010657193,2230.7353463587924,212074,211691,207,563
32,2142.171206225681,2253.161478599222,212075,211692,208,514
33,2124.839527027027,2076.4560810810813,212421,212038,210,592
33,2079.6745913818722,2094.3863298662704,212422,212039,211,673
33,2135.1259842519685,2117.8740157480315,212431,212048,212,508
33,2113.6270718232045,2153.82182320442,212432,212049,202,724
33,2087.779270633397,2254.3608445297505,212437,212054,203,521
33,2161.6964285714284,2280.0535714285716,212443,212060,213,336
33,2137.267973856209,2289.09477124183,212444,212061,214,306
33,2161.664150943396,2190.115094339623,212447,212064,209,530
33,2115.4360730593608,2237.445205479452,212448,212065,205,438
33,2175.7088607594937,2231.3146473779384,212457,212074,207,553
33,2141.5659656,2253.0114722753347,212458,212075,208,523
34,2124.7723440134905,2076.794266441821,212804,212421,210,593
34,2078.2876923076924,2094.74769231,212805,212422,211,650
34,2133.7148936170215,2119.451063829787,212814,212431,212,470
34,2113.124833997344,2155.1181938911022,212815,212432,202,753
34,2083.44126984127,2272.1619047619047,212822,212437,215,315
34,2089.9302325581393,2240.607235142119,212823,212437,216,387
34,2162.9467005076144,2280.4619289340103,212826,212443,213,394
34,2137.6510067114095,2290.0436241610737,212827,212444,214,298
34,2163.931338028169,2190.7218309859154,212830,212447,209,568
34,2115.5529953917053,2240.4470046082947,212831,212448,205,434
34,2176.219607843137,2233.8176470588237,212840,212457,207,510
34,2141.382405745063,2253.152603231598,212841,212458,208,557
35,2126.895666131621,2077.454253611557,213187,212804,210,623
35,2081.1233082706767,2094.694736842105,213188,212805,211,665
35,2133.8977505112475,2120.2188139059303,213197,212814,212,489
35,2115.1122994652405,2154.066844919786,213198,212815,202,748
35,2085.1032258064515,2268.3225806451615,213205,212822,215,310
35,2093.2923076923075,2238.209230769231,213206,212823,216,325
35,2163.55205811138,2279.9007263922517,213209,212826,213,413
35,2139.7,2291.3,213210,212827,214,350
35,2165.9588551,2191.1824686940968,213213,212830,209,559
35,2116.011467889908,2240.612385321101,213214,212831,205,436
35,2177.012455516014,2232.4163701067614,213223,212840,207,562
35,2140.7979452054797,2252.946917808219,213224,212841,208,584
36,2127.529702970297,2078.442244224422,213570,213187,210,606
36,2081.2737920937043,2094.6603221083456,213571,213188,211,683
36,2131.5896907216493,2121.7319587628867,213580,213197,212,485
36,2115.458776595745,2154.99335106383,213581,213198,202,752
36,2084.3475783475783,2269.5868945868947,213588,213205,215,351
36,2094.484939759036,2238.8012048192772,213589,213206,216,332
36,2163.3015521064303,2279.7827050997785,213592,213209,213,451
36,2139.340694006309,2288.444794952681,213593,213210,214,317
36,2164.9535655058044,2191.7363184079604,213596,213213,209,603
36,2116.897494305239,2240.662870159453,213597,213214,205,439
36,2176.504780114723,2232.3059273422564,213606,213223,207,523
36,2140.3821292775665,2255.28897338403,213607,213224,208,526
37,2127.779487179487,2077.9880341880344,213953,213570,210,585
37,2082.09224012,2095.265007320644,213954,213571,211,683
37,2133.016563146998,2120.631469979296,213963,213580,212,483
37,2116.3478835978835,2154.708994708995,213964,213581,202,756
37,2082.53477218,2269.8585131894483,213971,213588,215,417
37,2089.72131147541,2238.4918032786886,213972,213589,216,366
37,2165.3478260869565,2281.4323671497586,213975,213592,213,414
37,2139.4511494252874,2292.5114942528735,213976,213593,214,348
37,2165.836956521739,2189.923913043478,213979,213596,209,552
37,2119.864915572233,2237.932457786116,213980,213597,205,533
37,2177,2233.2768670309656,213989,213606,207,549
37,2142.3978494623657,2257.8118279569894,213990,213607,208,558
38,2128.4010067114095,2076.038590604027,214319,213953,210,596
38,2081.4918759231905,2095.0118168389954,214320,213954,211,677
38,2129.9013806706116,2120.6153846153848,214329,213963,212,507
38,2114.981554677207,2153.383399209486,214330,213964,202,759
38,2083.570093457944,2269.1191588785045,214337,213971,215,428
38,2087.2035398230087,2237.0176991150443,214338,213972,216,339
38,2162.6470588235293,2281.5882352941176,214341,213975,213,425
38,2136.0810810810813,2288.6,214342,213976,214,370
38,2162.820168067227,2191.2302521008405,214345,213979,209,595
38,2119.940476190476,2235.777777777778,214346,213980,205,504
38,2176.056710775047,2233.9546313799624,214355,213989,207,529
38,2139.155109489051,2255.3211678832117,214356,213990,208,548
39,2129.4317406143346,2077.122866894198,214699,214319,210,586
39,2080.6847507331377,2093.7829912023462,214700,214320,211,682
39,2130.093023255814,2121.4263565891474,214709,214329,212,516
39,2114.4172099087355,2153.232073011734,214710,214330,202,767
39,2082.338129496403,2270.390887290168,214717,214337,215,417
39,2085.10447761,2238.316417910448,214718,214338,216,335
39,2161.119305856833,2280.9501084598696,214721,214341,213,461
39,2137.0437158469945,2291.497267759563,214722,214342,214,366
39,2163.565705128205,2192.2660256410254,214725,214345,209,624
39,2119.499001996008,2232.542914171657,214726,214346,205,501
39,2173.973880597015,2234.7873134328356,214735,214355,207,536
39,2137.44425087108,2255.9494773519164,214736,214356,208,574
40,2128.3204047217537,2077.298482293423,215079,214699,210,593
40,2081.780523255814,2096.265988372093,215080,214700,211,688
40,2129.470802919708,2121.080291970803,215089,214709,212,548
40,2114.650331125828,2154.245033112583,215090,214710,202,755
40,2081.7477064220184,2269.577981651376,215097,214717,215,436
40,2088.7456647398844,2235.849710982659,215098,214718,216,346
40,2159.80375782881,2283.4237995824633,215101,214721,213,479
40,2134.4679665738163,2296.1727019498608,215102,214722,214,359
40,2162.6416,2195.6112,215105,214725,209,625
40,2121.332688588008,2235.411992263056,215106,214726,205,517
40,2175.078895463511,2234.8816568047337,215115,214735,207,507
40,2138.704391891892,2260.1283783783783,215116,214736,208,592
41,2130.619298245614,2075.363157894737,215459,215079,210,570
41,2084.211678832117,2093.65401459854,215460,215080,211,685
41,2130.220640569395,2118.683274021352,215469,215089,212,562
41,2115.5303430079157,2153.1833773087073,215470,215090,202,758
41,2083.0861678004535,2266.501133786848,215477,215097,215,441
41,2088.1666666666665,2237.214285714286,215478,215098,216,336
41,2161.0438756855574,2279.431444241316,215481,215101,213,547
41,2137.4899497487436,2297.2010050251256,215482,215102,214,398
41,2162.618604651163,2195.187596899225,215485,215105,209,645
41,2120.0229445506693,2235.695984703633,215486,215106,205,523
41,2177.6984402079725,2231.741767764298,215495,215115,207,577
41,2141.1384364820847,2255.5570033,215496,215116,208,614
42,2129.8350168350166,2079.289562289562,215839,215459,210,594
42,2083.3656597774243,2093.5182829888713,215840,215460,211,629
42,2132.534516765286,2117.34516765286,215849,215469,212,507
42,2118.010484927916,2153.2726081258193,215850,215470,202,763
42,2081.7031963470317,2271.0639269406392,215857,215477,215,438
42,2087.5745341614906,2235.639751552795,215858,215478,216,322
42,2158.289855072464,2281.9316770186333,215861,215481,213,483
42,2138.330845771144,2299.1169154228855,215862,215482,214,402
42,2160.6094224924013,2197.323708206687,215865,215485,209,658
42,2121.0946196660484,2233.5194805194806,215866,215486,205,539
42,2178.3819188191883,2234.138376383764,215875,215495,207,542
42,2140.270226537217,2256.784789644013,215876,215496,208,618
43,2128.625816993464,2078.671568627451,216223,215839,210,612
43,2082.8002853067046,2093.355206847361,216224,215840,211,701
43,2130.518664047151,2117.475442,216233,215849,212,509
43,2115.11724137931,2151.9406896551723,216234,215850,202,725
43,2081.4947368421053,2270.9894736842107,216241,215857,215,475
43,2087.31092437,2237.81512605042,216242,215858,216,357
43,2157.699373695198,2279.9018789,216245,215861,213,479
43,2142.188888888889,2297.5555555555557,216246,215862,214,360
43,2158.309523809524,2199.5788690476193,216249,215865,209,672
43,2119.768953068592,2232.2111913357403,216250,215866,205,554
43,2176.0671641791046,2232.9272388059703,216259,215875,207,536
43,2138.6041308089502,2257.5955249569706,216260,215876,208,581
44,2127.727422003284,2076.75041051,216607,216223,210,609
44,2080.028358208955,2093.6313432835823,216608,216224,211,670
44,2130.160075329567,2116.491525423729,216617,216233,212,531
44,2115.21045751634,2153.3124183006535,216618,216234,202,765
44,2078.11377245509,2273.3353293413174,216625,216241,215,501
44,2083.43380282,2236.6901408450703,216626,216242,216,355
44,2157.515325670498,2278.5,216629,216245,213,522
44,2140.4749340369394,2295.6939313984167,216630,216246,214,379
44,2160.5462822,2197.8907435508345,216633,216249,209,659
44,2117.3471223021584,2232.404676258993,216634,216250,205,556
44,2180.572192513369,2231.1051693404634,216643,216259,207,561
44,2137.815457413249,2255.916403785489,216644,216260,208,634
45,2130.1702508960575,2075.8333333333335,216991,216607,210,558
45,2080.0414814814817,2093.094814814815,216992,216608,211,675
45,2127.442379182156,2117.03717472119,217001,216617,212,538
45,2111.104060913706,2151.1408629441626,217002,216618,202,788
45,2078.4733475479743,2271.7100213219614,217009,216625,215,469
45,2086.9047619,2233.973214285714,217010,216626,216,336
45,2155.4275092936805,2281.0780669144983,217013,216629,213,538
45,2140.492307692308,2298.7820512820513,217014,216630,214,390
45,2160.7347242921014,2198.1400894187777,217017,216633,209,671
45,2116.722719141324,2231.973166368515,217018,216634,205,559
45,2183.524680073126,2227.3967093235833,217027,216643,207,547
45,2136.390048154093,2256.247191011236,217028,216644,208,623
46,2129.250825082508,2077.3498349834986,217371,216991,210,606
46,2081.6011904761904,2093.6964285714284,217372,216992,211,672
46,2130.3410852713178,2115.9883720930234,217381,217001,212,516
46,2112.8367609254497,2151.1606683804625,217382,217002,202,778
46,2080.947895791583,2270.2745490981965,217389,217009,215,499
46,2086.5701492537314,2233.2149253731345,217390,217010,216,335
46,2155.763602251407,2278.9774859287054,217393,217013,213,533
46,2142.289002557545,2297.0409207161124,217394,217014,214,391
46,2161.6698717948716,2196.9375,217397,217017,209,624
46,2117.57326007326,2231.7326007326005,217398,217018,205,546
46,2183.2767402,2224.7402376910018,217407,217027,207,589
46,2137.1392,2255.9744,217408,217028,208,625
47,2126.0306451612905,2076.5629032258066,217751,217371,210,620
47,2079.15668202765,2092.9124423963135,217752,217372,211,651
47,2129.8289241622574,2113.5308641975307,217761,217381,212,567
47,2111.9821656050954,2152.8624203821655,217762,217382,202,785
47,2078.3910505836575,2271.817120622568,217769,217389,215,514
47,2086.779552715655,2235.664536741214,217770,217390,216,313
47,2153.9614678899084,2279.0366972477063,217773,217393,213,545
47,2144.7831325301204,2297.0602409638554,217774,217394,214,415
47,2161.1378737541527,2195.6760797342195,217777,217397,209,602
47,2115.897435897436,2231.8168498168498,217778,217398,205,546
47,2183.40554592721,2221.400346620451,217787,217407,207,577
47,2132.9611650485435,2257.6229773462783,217788,217408,208,618
48,2128.760726072607,2076.9191419141916,218131,217751,210,606
48,2081.561377245509,2093.4790419161677,218132,217752,211,668
48,2130.410909090909,2116.0327272727272,218141,217761,212,550
48,2112.8867684478373,2153.4338422391857,218142,217762,202,786
48,2078.782857142857,2272.500952380952,218149,217769,215,525
48,2086.0651465798046,2230.9185667752445,218150,217770,216,307
48,2156.4442413162706,2276.7586837294334,218153,217773,213,547
48,2147.888095238095,2295.8404761904762,218154,217774,214,420
48,2163.749077490775,2189.579335793358,218157,217777,209,271
48,2117.5714285714284,2231.764199655766,218158,217778,205,581
48,2186.5583756345177,2216.5313028764804,218167,217787,207,591
48,2132.936630602782,2257.7836166924267,218168,217788,208,647
49,2127.695222405272,2076.841845140033,218511,218131,210,607
49,2076.883642495784,2092.5615514333895,218512,218132,211,593
49,2130.866666666667,2113.828571428571,218521,218141,212,525
49,2114.207332490518,2153.4601769911505,218522,218142,202,791
49,2078.644787644788,2273.295366795367,218529,218149,215,518
49,2085.75932203,2230.081355932203,218530,218150,216,295
49,2156.5229202037353,2274.8726655348046,218533,218153,213,589
49,2148.658371040724,2294.8687783,218534,218154,214,442
49,2116.9930191972076,2230.952879581152,218538,218158,205,573
49,2175.443181818182,2178.590909090909,218540,218157,217,264
49,2164.3555555555554,2207.5851851851853,218541,218157,218,270
49,2186.8531952,2214.7443868739206,218547,218167,207,579
49,2128.7515151515154,2259.539393939394,218548,218168,208,660
50,2136.5053995680346,2072.671706263499,218891,218511,210,463
50,2077.4117647058824,2093.860962566845,218892,218512,211,374
50,2129.281195079086,2113.695957820738,218901,218521,212,569
50,2114.0825,2150.83625,218902,218522,202,800
50,2080.009633911368,2273.105973025048,218909,218529,215,519
50,2087.3478260869565,2231.321070234114,218910,218530,216,299
50,2158.3156089193826,2274.6312178,218913,218533,213,583
50,2149.65625,2295.167410714286,218914,218534,214,448
50,2118.1485809682804,2231.61101836394,218918,218538,205,599
50,2171.2788944723616,2182.9095477386936,218920,218540,217,398
50,2152.687150837989,2205.849162011173,218921,218541,218,358
50,2184.9268680445152,2215.027027027027,218927,218547,207,629
50,2129.464615384615,2261.3507692307694,218928,218548,208,650
51,2139.72131147541,2075.222482435597,219276,218891,210,427
51,2073.0173611111113,2103.090277777778,219278,218892,219,288
51,2081.707395498392,2079.3086816720256,219280,218892,220,311
51,2129.43216080402,2111.036850921273,219286,218901,212,597
51,2115.083120204604,2154.826086956522,219287,218902,202,782
51,2080.1338582677167,2274.484251968504,219294,218909,215,508
51,2087.03785488959,2233,219295,218910,216,317
51,2157.2820945945946,2273.927364864865,219298,218913,213,592
51,2146.7617021276596,2294.859574468085,219299,218914,214,470
51,2117.4027072758036,2233.2148900169204,219303,218918,205,591
51,2171.9188544152744,2182.704057279236,219305,218920,217,419
51,2150.4896551724137,2209.5471264367816,219306,218921,218,435
51,2182.071074380165,2217.745454545455,219312,218927,207,605
51,2126.488469601677,2265.0587002096436,219313,218928,208,477
52,2074.315112540193,2104.993569131833,219663,219278,219,311
52,2081.15838509,2079.0372670807456,219665,219280,220,322
52,2120.3851132686086,2059.401294498382,219667,,221,309
52,2141.328947368421,2083.8355263157896,219668,219276,210,304
52,2129.4847512038523,2108.247191011236,219671,219286,212,623
52,2115.774025974026,2153.1584415584416,219672,219287,202,770
52,2080.271119842829,2273.628683693517,219679,219294,215,509
52,2087.3427672955977,2228.672955974843,219680,219295,216,318
52,2156.7064846416383,2273.0460750853244,219683,219298,213,586
52,2146.1257731958763,2293.274226804124,219684,219299,214,485
52,2114.673076923077,2233.6608391608393,219688,219303,205,572
52,2171.177829099307,2184.242494226328,219690,219305,217,433
52,2147.7982646420824,2217.6789587852495,219691,219306,218,461
52,2181.2227342549922,2216.7219662058374,219697,219312,207,651
52,2132.057142857143,2253.957142857143,219700,219313,208,140
52,2110.7419354838707,2278.2129032258063,219701,,222,155
53,2073.3096446700506,2103.6370558375634,220048,219663,219,394
53,2078.84375,2080.3607954545455,220050,219665,220,352
53,2115.920127795527,2060.073482428115,220052,219667,221,313
53,2140.683673469388,2082.9149659863947,220053,219668,210,294
53,2129.3282828282827,2109.313131313131,220056,219671,212,594
53,2113.470223325062,2150.4032258064517,220057,219672,202,806
53,2077.272,2273.908,220064,219679,215,500
53,2086.9415584415583,2229.4935064935066,220065,219680,216,308
53,2155.6379928315414,2271.1218637992833,220068,219683,213,558
53,2147.2345679012346,2291.528806584362,220069,219684,214,486
53,2113.381205673759,2235.1418439716313,220073,219688,205,564
53,2172.485193621868,2182.3029612756263,220075,219690,217,439
53,2144.6021276595743,2221.304255319149,220076,219691,218,470
53,2178.2238095238095,2218.184126984127,220082,219697,207,630
53,2132.4204545454545,2260.844697,220085,219700,208,264
53,2107.5826446280994,2283.3677685950415,220086,219701,222,242
54,2071.844705882353,2100.595294117647,220428,220048,219,425
54,2084.443243243243,2085.237837837838,220430,220050,220,370
54,2118.6435986159167,2057.159169550173,220432,220052,221,289
54,2138.276397515528,2084.88198757764,220433,220053,210,322
54,2132.973076923077,2114.9596153846155,220436,220056,212,520
54,2114.1735218508998,2151.8804627249356,220437,220057,202,778
54,2080.2842105263157,2272.6105263157897,220444,220064,215,475
54,2088.768987341772,2230.6139240506327,220445,220065,216,316
54,2157.8297491039425,2271.1164874551973,220448,220068,213,558
54,2147.7495291902073,2292.1224105461392,220449,220069,214,531
54,2116.066326530612,2234.081632653061,220453,220073,205,588
54,2178.0063025210084,2185.59243697479,220455,220075,217,476
54,2148.9834024896263,2216.205394190871,220456,220076,218,482
54,2178.477638640429,2224.5295169946335,220462,220082,207,559
54,2134.7875,2261.43125,220465,220085,208,320
54,2106.6283783783783,2284.4797297297296,220466,220086,222,296
55,2070.997792494481,2101.4613686534217,220808,220428,219,453
55,2084.0227272727275,2086.918181818182,220810,220430,220,440
55,2120.9646302250803,2060.807073954984,220812,220432,221,311
55,2137.660056657224,2083.130311614731,220813,220433,210,353
55,2130.1610486891386,2112.0823970037454,220816,220436,212,534
55,2113.7096774193546,2150.2311827956987,220817,220437,202,744
55,2081.22653061,2270.24693877551,220824,220444,215,490
55,2091.1702127659573,2227.4650455927053,220825,220445,216,329
55,2157.890625,2270.5763888888887,220828,220448,213,576
55,2150.1297709923665,2291.8568702290077,220829,220449,214,524
55,2115.9236111111113,2233.230902777778,220833,220453,205,576
55,2187.9701834862385,2189.3784403669724,220835,220455,217,436
55,2155.661508704062,2210.2882011605416,220836,220456,218,517
55,2178.516129032258,2223.594470046083,220842,220462,207,217
55,2135.3506097560976,2259.8414634146343,220845,220465,208,328
55,2104.4518072289156,2283.6445783,220846,220466,222,332
56,2071.71235521,2101.515444015444,221188,220808,219,518
56,2085.9547413793102,2087.280172413793,221190,220810,220,464
56,2119.990291262136,2060.5728155339807,221192,220812,221,309
56,2139.906626506024,2081.72891566,221193,220813,210,332
56,2132.2621185,2112.861759425494,221196,220816,212,557
56,2111.4312320916906,2153.495702005731,221197,220817,202,698
56,2081.4386317907447,2266.7404426559356,221204,220824,215,497
56,2090.1070336391435,2227.400611620795,221205,220825,216,327
56,2157.296428571429,2270.192857142857,221208,220828,213,560
56,2149.609576427256,2291.366482504604,221209,220829,214,543
56,2115.4461538461537,2232.3333333333335,221213,220833,205,585
56,2187.401886792453,2184.554716981132,221215,220835,217,530
56,2157.5903165735567,2215.389199255121,221216,220836,218,537
56,2133.5925925925926,2257.777777777778,221225,220845,208,351
56,2102.9141274238227,2282.5983379501386,221226,220846,222,361
56,2186.9612068965516,2208.780172413793,221228,220842,223,232
56,2170.488151658768,2236.142180094787,221229,220842,224,211
57,2072.532,2103.152,221568,221188,219,500
57,2081.660173160173,2084.6731601731603,221570,221190,220,462
57,2121.7739938080495,2063.65944272,221572,221192,221,323
57,2141.5225988700563,2079.72316384,221573,221193,210,354
57,2134.0427631578946,2113.184210526316,221576,221196,212,608
57,2112.9078014184397,2158.472813238771,221577,221197,202,423
57,2081.087591240876,2265.418491484185,221584,221204,215,411
57,2088.6052631578946,2232.938596491228,221585,221205,216,342
57,2158.684210526316,2269.6701754385967,221588,221208,213,570
57,2148.611888111888,2291.8583916083917,221589,221209,214,572
57,2115.330985915493,2233.955985915493,221593,221213,205,568
57,2185.390374331551,2184.812834224599,221595,221215,217,561
57,2154.7274436090224,2214.7105263157896,221596,221216,218,532
57,2135.2542787286066,2255.9364303178486,221605,221225,208,409
57,2102.689189189189,2282.4756756756756,221606,221226,222,370
57,2188.5240384615386,2208.581730769231,221608,221228,223,208
57,2174.6689655172413,2234.5344827586205,221609,221229,224,290
58,2070.252354048964,2103.9114877589454,221948,221568,219,531
58,2081.5875486381324,2086.2140077821014,221950,221570,220,514
58,2123.577142857143,2066.2,221952,221572,221,350
58,2142.3447368421052,2079.18421053,221953,221573,210,380
58,2138.6003490401395,2119.6492146596856,221956,221576,212,573
58,2096.098039215686,2141.720588235294,221959,,225,204
58,2123.9950248756218,2159.935323383085,221961,221577,202,201
58,2077.8333333333335,2262.822751322751,221964,221584,215,378
58,2084.2916666666665,2230.2916666666665,221965,221585,216,336
58,2156.5794701986756,2269.6523178807947,221968,221588,213,604
58,2147.4091710758375,2291.7601410934744,221969,221589,214,567
58,2112.7090301003345,2235.764214046823,221973,221593,205,598
58,2190.3948339483395,2184.8025830258302,221975,221595,217,542
58,2156.223484848485,2211.369318181818,221976,221596,218,528
58,2134.7244444444445,2254.291111111111,221985,221605,208,450
58,2100.9111675126906,2281.7741116751267,221986,221606,222,394
58,2194.366533864542,2212.2509960159364,221988,221608,223,251
58,2173.6205673758864,2233.3652482269504,221989,221609,224,282
59,2070.7078651685392,2104.6629213483147,222328,221948,219,534
59,2077.697628458498,2084.6422924901185,222330,221950,220,506
59,2117.086387434555,2061.9659685863876,222332,221952,221,382
59,2147.1831683168316,2073.4331683168316,222333,221953,210,404
59,2137.618657937807,2120.6153846153848,222336,221956,212,611
59,2092.3032069970845,2147.737609329446,222339,221959,225,343
59,2123.6685236768803,2158.7632311977713,222341,221961,202,359
59,2078.4773269689736,2262.546539379475,222344,221964,215,419
59,2087.3061889250816,2230.00325732899,222345,221965,216,307
59,2158.051369863014,2269.849315068493,222348,221968,213,584
59,2147.3153456998316,2291.7133220910623,222349,221969,214,593
59,2114.2362344582593,2233.632326820604,222353,221973,205,563
59,2188.156474820144,2183.3039568345325,222355,221975,217,556
59,2155.058365758755,2204.535019455253,222356,221976,218,514
59,2135.391799544419,2253.382687927107,222365,221985,208,439
59,2101.503759398496,2281.122807017544,222366,221986,222,399
59,2192.983333333333,2211.8433333333332,222368,221988,223,300
59,2170.8064516129034,2235.6193548387096,222369,221989,224,310
60,2063.6419294990724,2102.5361781076067,222708,222328,219,539
60,2082.371769383698,2085.6679920477136,222710,222330,220,503
60,2114.507972665148,2061.9362186788153,222712,222332,221,439
60,2147.1005586592178,2070.6843575418993,222713,222333,210,358
60,2140.83676703645,2118.9080824088746,222716,222336,212,631
60,2093.5538847117796,2151.1203007518798,222719,222339,225,399
60,2125.1912832929784,2160.55205811138,222721,222341,202,413
60,2076.9187817258885,2263.241116751269,222724,222344,215,394
60,2088.0093457943926,2231.6230529595014,222725,222345,216,321
60,2157.9405594405594,2268.896853146853,222728,222348,213,572
60,2147.8076285240463,2290.49087893864,222729,222349,214,603
60,2111.825771324864,2235.7350272232306,222733,222353,205,551
60,2185.1436170212764,2184.54609929078,222735,222355,217,564
60,2152.662477558348,2202.5008976660683,222736,222356,218,557
60,2136.8615702479337,2246.9070247933882,222745,222365,208,484
60,2100.5724137931034,2282.574712643678,222746,222366,222,435
60,2194.9651162790697,2211.1773255813955,222748,222368,223,344
60,2169.622807017544,2236.0555555555557,222749,222369,224,342
61,2064.7072727272725,2101.2381818181816,223088,222708,219,550
61,2088.8418079096045,2083.244821092279,223090,222710,220,531
61,2120.086956521739,2057.5815217391305,223092,222712,221,368
61,2147.0870712401056,2071.0158311345645,223093,222713,210,379
61,2141.749235474006,2115.952599388379,223096,222716,212,654
61,2094.319612590799,2154.46004842615,223099,222719,225,413
61,2129.1622911694512,2161.6825775656325,223101,222721,202,419
61,2077.923076923077,2268.007957559682,223104,222724,215,377
61,2080.6439169139467,2233.3412462908013,223105,222725,216,337
61,2158.625806451613,2267.8129032258066,223108,222728,213,620
61,2149.8694915254237,2289.371186440678,223109,222729,214,590
61,2110.4007029876975,2236.0931458699474,223113,222733,205,569
61,2182.008347245409,2186.010016694491,223115,222735,217,599
61,2147.7137745974956,2204.026833631485,223116,222736,218,559
61,2140.682474226804,2246.7896907216495,223125,222745,208,485
61,2102.9590361445785,2281.1879518072287,223126,222746,222,415
61,2192.4588528678305,2209.5486284289277,223128,222748,223,401
61,2172.8523076923075,2236.1753846153847,223129,222749,224,325
62,2063.608013937282,2099.245644599303,223468,223088,219,574
62,2089.6501831501832,2081.5201465201467,223470,223090,220,546
62,2125.321533923304,2050.1297935103244,223472,223092,221,339
62,2141.435207823961,2069.6430317848412,223473,223093,210,409
62,2140.379104477612,2111.0268656716416,223476,223096,212,670
62,2095.2379958246347,2154.2588727,223479,223099,225,479
62,2130.680525164114,2156.3522975929977,223481,223101,202,457
62,2076.632754342432,2268.895781637717,223484,223104,215,403
62,2082.7193548387095,2232.5225806451613,223485,223105,216,310
62,2158.6678700361012,2266.01083032491,223488,223108,213,554
62,2148.0605042016805,2287.2285714285713,223489,223109,214,595
62,2110.5,2235.6666666666665,223493,223113,205,522
62,2180.605954465849,2180.0105078809106,223495,223115,217,571
62,2145.9351535836176,2206.0307167235496,223496,223116,218,586
62,2137.4156626506024,2250.9979919678717,223505,223125,208,498
62,2101.916461916462,2279.4299754299755,223506,223126,222,407
62,2189.2708860759494,2208.6455696202534,223508,223128,223,395
62,2170.693939393939,2236.642424242424,223509,223129,224,330
63,2064.510054844607,2098.65447898,223848,223468,219,547
63,2088.3417266187053,2079.88309352518,223850,223470,220,556
63,2130.9721448467967,2046.7465181058496,223852,223472,221,359
63,2140.141891891892,2070.5225225225226,223853,223473,210,444
63,2136.90977443609,2109.2015037593983,223856,223476,212,665
63,2097.0943396226417,2157.0859538784066,223859,223479,225,477
63,2130.6673640167364,2149.460251046025,223861,223481,202,478
63,2076.8197115384614,2268.6802884615386,223864,223484,215,416
63,2084.3548387096776,2230.835483870968,223865,223485,216,310
63,2156.3351851851853,2268.1703703703706,223868,223488,213,540
63,2154.744094488189,2286.897637795276,223869,223489,214,508
63,2113.5349716446126,2233.1285444234404,223873,223493,205,529
63,2181.563973063973,2181.0387205387206,223875,223495,217,594
63,2144.3946037099495,2202.2276559865095,223876,223496,218,593
63,2140.1876208897484,2250.557059961315,223885,223505,208,517
63,2103.2380952380954,2270.7683982683984,223886,223506,222,462
63,2187.2688442211056,2208.7236180904524,223888,223508,223,398
63,2173.6925373134327,2233.976119402985,223889,223509,224,335
64,2062.6593959731545,2095.6308724832215,224228,223848,219,596
64,2091.791150442478,2077.1982300884956,224230,223850,220,565
64,2132.221945137157,2044.6209476309227,224232,223852,221,401
64,2148.027932960894,2068.1899441340784,224233,223853,210,358
64,2136.8970149253732,2107.373134328358,224236,223856,212,670
64,2099.513292433538,2158.1370143149284,224239,223859,225,489
64,2127.132437619962,2146.1074856046066,224241,223861,202,521
64,2080.88918206,2273.9129287598944,224244,223864,215,379
64,2083.2835365853657,2230.2134146341464,224245,223865,216,328
64,2155.2089844,2268.5253906,224248,223868,213,512
64,2159.148535564854,2283.671548117155,224249,223869,214,478
64,2111.4849785407723,2235.5236051502147,224253,223873,205,233
64,2182.890410958904,2176.7636985999998,224255,223875,217,584
64,2142.697278911565,2201.7482993197277,224256,223876,218,588
64,2140.078028747433,2251.9034907597534,224265,223885,208,487
64,2106.58085106383,2260.304255319149,224266,223886,222,470
64,2185.640506329114,2205.5012658227847,224268,223888,223,395
64,2178.768996960486,2230.5440729483284,224269,223889,224,329
65,2062.4566666666665,2095.2283333333335,224616,224228,219,600
65,2091.8913412563666,2075.6706281833617,224618,224230,220,589
65,2119.1583578,2068.7184750733136,224620,,226,341
65,2143.322033898305,2061.271186440678,224621,224233,210,413
65,2137.295588235294,2109.25,224624,224236,212,680
65,2100.365269461078,2160.129740518962,224627,224239,225,501
65,2122.08818011257,2144.8499061913694,224629,224241,202,533
65,2080.5454545454545,2275.6519480519482,224632,224244,215,385
65,2083.4397590361446,2227.3373493975905,224633,224245,216,332
65,2155.463687150838,2268.3296089385476,224636,224248,213,537
65,2159.3841201716737,2284.1416309012875,224637,224249,214,466
65,2181.3931034482757,2176.3931034482757,224643,224255,217,580
65,2138.979661016949,2196.9610169491525,224644,224256,218,590
65,2098.9441340782123,2240.4189944134077,224646,224253,205,179
65,2113.1428571428573,2208.746543778802,224647,,227,217
65,2136.891489361702,2251.691489361702,224653,224265,208,470
65,2105.490909090909,2260.343434343434,224654,224266,222,495
65,2182.8770053475937,2203.938502673797,224656,224268,223,374
65,2176.1978319783198,2228.6720867208674,224657,224269,224,369
66,2062.643533123028,2093.865930599369,225004,224616,219,634
66,2087.273519163763,2078.677700348432,225006,224618,220,574
66,2118.506234413965,2071.3316708229427,225008,224620,226,401
66,2145.110552763819,2059.241206030151,225009,224621,210,398
66,2139.0374812593705,2111.2188905547227,225012,224624,212,667
66,2103.648,2162.996,225015,224627,225,500
66,2119.214920071048,2142.2042628774425,225017,224629,202,563
66,2081.473404255319,2276.497340425532,225020,224632,215,376
66,2082.969696969697,2226.808080808081,225021,224633,216,297
66,2157.3564547206165,2266.5799614643547,225024,224636,213,519
66,2160.162447257384,2282.805907172996,225025,224637,214,474
66,2183.242144177449,2174.641404805915,225031,224643,217,541
66,2139.1631944444443,2196.3975694444443,225032,224644,218,576
66,2100.5120967741937,2238.9314516129034,225034,224646,205,248
66,2112.910714285714,2212.425,225035,224647,227,280
66,2136.177777777778,2252.2747474747475,225041,224653,208,495
66,2104.951063829787,2265.0702127659574,225042,224654,222,470
66,2183.7433862433863,2202.746031746032,225044,224656,223,378
66,2175.5153846153844,2227.14358974359,225045,224657,224,390
67,2062.0183946488296,2094.3879598662206,225392,225004,219,598
67,2086.764705882353,2077.183391,225394,225006,220,578
67,2119.6518987341774,2073.559071729958,225396,225008,226,474
67,2146.905027932961,2065.6620111731845,225397,225009,210,358
67,2141.434074074074,2114.8133333333335,225400,225012,212,675
67,2103.2368932038835,2160.411650485437,225403,225015,225,515
67,2118.163732394366,2139.492957746479,225405,225017,202,568
67,2083.5689223057643,2280.1754385964914,225408,225020,215,399
67,2084.7443365695794,2225.6278317152105,225409,225021,216,309
67,2158.2164750957854,2265.5613026819924,225412,225024,213,522
67,2160.450431034483,2282.239224137931,225413,225025,214,464
67,2182.9592592592594,2174.687037037037,225419,225031,217,540
67,2138.526405451448,2197.9420783645655,225420,225032,218,587
67,2098.27607362,2244.3435582822085,225422,225034,205,326
67,2112.091503267974,2211.950980392157,225423,225035,227,306
67,2138.2262626262627,2251.741414141414,225429,225041,208,495
67,2106.987068965517,2268.310344827586,225430,225042,222,464
67,2184.8697916666665,2201.6510416666665,225432,225044,223,384
67,2171.8863049095607,2224.2894056847545,225433,225045,224,387
68,2061.5433070866143,2094.0992126,225779,225392,219,635
68,2086.5160202360876,2076.878583473862,225781,225394,220,593
68,2116.257692307692,2076.0538461538463,225783,225396,226,520
68,2141.1297709923665,2064.7379134860053,225784,225397,210,393
68,2140.355072463768,2115.3463768115944,225787,225400,212,690
68,2104.0801526717555,2161.8549618320612,225790,225403,225,524
68,2119.332669322709,2143.639442231076,225792,225405,202,502
68,2085.0579345088163,2280.559194,225795,225408,215,397
68,2086.69732938,2223.632047477745,225796,225409,216,337
68,2156.5546075085326,2265,225799,225412,213,586
68,2165.177966101695,2282.654237288136,225800,225413,214,590
68,2181.897435897436,2174.736263736264,225806,225419,217,546
68,2139.762152777778,2201.2204861111113,225807,225420,218,576
68,2093.111420612813,2243.8050139275765,225809,225422,205,359
68,2113.648414985591,2210.207492795389,225810,225423,227,347
68,2138.5686274509803,2249.448179271709,225816,225429,208,357
68,2108.7842741935483,2265.6068548387098,225817,225430,222,496
68,2197.4927113702624,2199.7259475218657,225819,225432,223,343
68,2171.233890214797,2222.2362768,225820,225433,224,419
69,2063.1900958466454,2093.776357827476,226166,225779,219,626
69,2088.40734557596,2075.746243739566,226168,225781,220,599
69,2114.185606060606,2077.0492424242425,226170,225783,226,528
69,2141.35593220339,2065.576271186441,226171,225784,210,413
69,2140.6822157434403,2116.349854227405,226174,225787,212,686
69,2090.01956522,2160.404347826087,226177,225790,225,460
69,2117.0912621359225,2143.6815533980584,226179,225792,202,515
69,2086.0075949367088,2280.721518987342,226182,225795,215,395
69,2084.327974276527,2225.418006430868,226183,225796,216,311
69,2155.8802488335923,2264.9595645412132,226186,225799,213,643
69,2168.629116117851,2281.0675909878682,226187,225800,214,577
69,2182.332703213611,2174.6767485822306,226193,225806,217,529
69,2139.51993067591,2197.951473136915,226194,225807,218,577
69,2092.68404908,2244.0184049079753,226196,225809,205,326
69,2112.0581039755352,2210.581039755352,226197,225810,227,327
69,2139.634328358209,2244.497512437811,226203,225816,208,402
69,2111.5127701375245,2265.4440078585462,226204,225817,222,509
69,2194.7918918918917,2197.7648648648646,226206,225819,223,370
69,2174.177033492823,2226.2942583732056,226207,225820,224,418
70,2062.322006472492,2094.2686084142397,226553,226166,219,618
70,2087.703642384106,2077.0496688741723,226555,226168,220,604
70,2111.5106382978724,2080.941489361702,226557,226170,226,564
70,2138.964509394572,2065.3528183716076,226558,226171,210,479
70,2139.9667149059333,2116.0318379160635,226561,226174,212,691
70,2081.007561436673,2169.132325141777,226564,226177,225,529
70,2116.277673545966,2144.5572232645404,226566,226179,202,533
70,2084.492307692308,2282.279487179487,226569,226182,215,390
70,2084.51410658,2224.6739811912225,226570,226183,216,319
70,2156.2319277108436,2265.359939759036,226573,226186,213,664
70,2169.49063032368,2281.7785349,226574,226187,214,587
70,2183.6486486486488,2175.69009009009,226580,226193,217,555
70,2135.652727272727,2200.9327272727273,226581,226194,218,550
70,2091.33426183844,2244.8523676880222,226583,226196,205,359
70,2109.1584415584416,2204.187013,226584,226197,227,385
70,2140.2568578553614,2239.216957605985,226590,226203,208,401
70,2111.7226563,2269.0449219,226591,226204,222,512
70,2195.4489311163898,2196.874109263658,226593,226206,223,421
70,2173.8450363196125,2224.3075060532688,226594,226207,224,413
71,2063.0870279146143,2093.246305418719,226940,226553,219,609
71,2088.5736040609136,2072.245346869712,226942,226555,220,591
71,2109.623076923077,2079.201923076923,226944,226557,226,520
71,2136.1694214876034,2064.4235537190084,226945,226558,210,484
71,2138.8975817923188,2116.1507823613088,226948,226561,212,703
71,2073.9576427255984,2170.6906077348067,226951,226564,225,543
71,2110.658490566038,2144.8867924528304,226953,226566,202,530
71,2084.7506112469437,2283.210268948655,226956,226569,215,409
71,2085.2283950617284,2225.6481481481483,226957,226570,216,324
71,2155.9522431259047,2264.0014471780028,226960,226573,213,691
71,2169.7272727272725,2281.0470779220777,226961,226574,214,616
71,2181.49203539823,2174.762831858407,226967,226580,217,565
71,2135.1288566243193,2198.7731397459165,226968,226581,218,551
71,2091.068376068376,2243.162393162393,226970,226583,205,351
71,2110.5720430107526,2199.5225806451613,226971,226584,227,465
71,2141.8655256723714,2230.5599022,226977,226590,208,409
71,2112.530612244898,2267.6586270871985,226978,226591,222,539
71,2194.956632653061,2193.872448979592,226980,226593,223,392
71,2176.3370535714284,2223.6004464285716,226981,226594,224,448
72,2066.450406504065,2094.6585365853657,227327,226940,219,615
72,2091.6459731543623,2071.5637583892617,227329,226942,220,596
72,2110.3576158940396,2081.679911699779,227331,226944,226,453
72,2138.0633946830267,2064.55623722,227332,226945,210,489
72,2139.3025936599424,2115.0172910662823,227335,226948,212,694
72,2070.7836363636366,2177.590909090909,227338,226951,225,550
72,2108.6486988847582,2142.1375464684015,227340,226953,202,538
72,2086.007462686567,2284.223880597015,227343,226956,215,402
72,2087.882716049383,2223.645061728395,227344,226957,216,324
72,2157.2906626506024,2264.98343373494,227347,226960,213,664
72,2172.7911908646,2281.0766721044047,227348,226961,214,613
72,2181.540834845735,2173.869328493648,227354,226967,217,551
72,2135.845117845118,2195.0185185185187,227355,226968,218,594
72,2091.1129943502824,2242.9209039548023,227357,226970,205,354
72,2109.3931623931626,2198.440170940171,227358,226971,227,468
72,2143.711409395973,2228.460850111857,227364,226977,208,447
72,2113.4466911764707,2267.8069852941176,227365,226978,222,544
72,2192.243718592965,2196,227367,226980,223,398
72,2174.74251497006,2225.925149700599,227368,226981,224,334
73,2064.9414556962024,2094.41139241,227714,227327,219,632
73,2090.196808510638,2071.3120567375886,227716,227329,220,564
73,2105.7440347071583,2086.232104121475,227718,227331,226,461
73,2132.361216730038,2065.0114068441067,227719,227332,210,526
73,2136.296402877698,2112.5726618705035,227722,227335,212,695
73,2067.573529411765,2177.7738970588234,227725,227338,225,544
73,2107.4442567567567,2138.9510135135133,227727,227340,202,592
73,2083.2118226600987,2283.3965517241377,227730,227343,215,406
73,2085.2052117263843,2224.2638436482084,227731,227344,216,307
73,2155.5414110429447,2264.0659509202455,227734,227347,213,652
73,2170.7924528301887,2280.0990566037735,227735,227348,214,636
73,2180.245704467354,2174.6219931271476,227741,227354,217,582
73,2133.4655737704916,2192.749180327869,227742,227355,218,610
73,2091.3055555555557,2241.847222222222,227744,227357,205,360
73,2104.737634408602,2198.4021505376345,227745,227358,227,465
73,2143.089156626506,2228.077108433735,227751,227364,208,415
73,2110.965714285714,2269.024761904762,227752,227365,222,525
73,2187.643203883495,2197.5412621359224,227754,227367,223,412
73,2172.1453634085215,2229.6065162907266,227755,227368,224,399
74,2067.367249602544,2093.4658187599366,228101,227714,219,629
74,2092.9774696707104,2067.3951473136917,228103,227716,220,577
74,2104.5235849056603,2087.367924528302,228105,227718,226,424
74,2134.3033268101763,2066.80821918,228106,227719,210,511
74,2137.1819484240687,2113.3782235,228109,227722,212,698
74,2064.030088495575,2178.145132743363,228112,227725,225,565
74,2107.0646853146854,2136.7325174825173,228114,227727,202,572
74,2083.0286396181386,2282.107398568019,228117,227730,215,419
74,2084.793442622951,2225.616393442623,228118,227731,216,305
74,2157.6079881656806,2262.4304733727813,228121,227734,213,676
74,2171.9769585253457,2280.8294930875577,228122,227735,214,651
74,2184.473043478261,2174.573913043478,228128,227741,217,575
74,2134.8918032786887,2187.4540983606557,228129,227742,218,610
74,2094.5054644808743,2241.117486338798,228131,227744,205,366
74,2106.3765432098767,2200.008230452675,228132,227745,227,486
74,2142.6353211009173,2227.302752293578,228138,227751,208,436
74,2113.433145009416,2269.276836158192,228139,227752,222,531
74,2185.0671641791046,2197.542288557214,228141,227754,223,402
74,2173.977375565611,2227.5791854999998,228142,227755,224,442
75,2068.2132231404958,2091.9537190082647,228488,228101,219,605
75,2093.64039408867,2066.538587848933,228490,228103,220,609
75,2105.3645320197043,2087.305418719212,228492,228105,226,406
75,2134.7543520309478,2065.145067698259,228493,228106,210,517
75,2137.7637906647806,2113.6166902404525,228496,228109,212,707
75,2062.30139373,2178.3118466898954,228499,228112,225,574
75,2105.2732142857144,2135.3928571428573,228501,228114,202,560
75,2083.2995169082124,2281.9830917874397,228504,228117,215,414
75,2086.7841945288756,2223.90273556231,228505,228118,216,329
75,2156.6077170418007,2263.5498392282957,228508,228121,213,622
75,2172.481818181818,2280.198484848485,228509,228122,214,660
75,2184.8434782608697,2173.0643478260868,228515,228128,217,575
75,2132.8063973063972,2184.5690235690236,228516,228129,218,594
75,2096.01222494,2241.7848410757947,228518,228131,205,409
75,2103.609375,2197.515625,228519,228132,227,512
75,2141.075055187638,2227.7417218543046,228525,228138,208,453
75,2113.1138059701493,2267.9850746268658,228526,228139,222,536
75,2181.59,2195.3425,228528,228141,223,400
75,2171.150357995227,2226.9379474940333,228529,228142,224,419
76,2068.65353038,2094.81280788,228875,228488,219,609
76,2094.3509316770187,2066.1506211180126,228877,228490,220,644
76,2107.870159453303,2090.7949886104784,228879,228492,226,439
76,2133.4812734082398,2065.5486891385767,228880,228493,210,534
76,2138.206847360913,2118.4479315263907,228883,228496,212,701
76,2062.125912408759,2184.7974452554745,228886,228499,225,548
76,2095.9174484052533,2134.493433395872,228888,228501,202,533
76,2082.3984575835475,2283.401028277635,228891,228504,215,389
76,2084.567741935484,2222.032258064516,228892,228505,216,310
76,2155.3978494623657,2266.400921658986,228895,228508,213,651
76,2171.946564885496,2281.960305343511,228896,228509,214,655
76,2183.580034423408,2174.5215146299483,228902,228515,217,581
76,2131.6868852459015,2186.198360655738,228903,228516,218,610
76,2095.9491916859124,2242.1362586605082,228905,228518,205,433
76,2100.9092627599243,2194.361058601134,228906,228519,227,529
76,2142.1405529953918,2228.336405529954,228912,228525,208,434
76,2112.5465949820787,2268.405017921147,228913,228526,222,558
76,2178.289855072464,2196.1207729468597,228915,228528,223,414
76,2170.4174311926604,2229.4954128440368,228916,228529,224,436
77,2069.2379562043798,2094.80145985,229262,228875,219,685
77,2095.0850722311397,2065.21990369,229264,228877,220,623
77,2108.0112107623318,2090.540358744395,229266,228879,226,446
77,2132.672967863894,2065.196597353497,229267,228880,210,529
77,2138.056439942113,2118.27496382055,229270,228883,212,691
77,2057.407272727273,2190.4763636363637,229273,228886,225,550
77,2089.3841807909603,2129.3596986817324,229275,228888,202,531
77,2081.712895377129,2282.323601,229278,228891,215,411
77,2084.440129449838,2223.537216828479,229279,228892,216,309
77,2156.4177852348994,2266.3640939597317,229282,228895,213,596
77,2172.080370942813,2281.4389489953633,229283,228896,214,647
77,2183.523396880416,2173.719237435009,229289,228902,217,577
77,2130.470588235294,2182.084775086505,229290,228903,218,578
77,2097.01735358,2241.8134490238613,229292,228905,205,461
77,2101.542342342342,2194.5891891891893,229293,228906,227,555
77,2141.5228758169933,2231.9934640522874,229299,228912,208,459
77,2111.9139194139193,2270.0018315018315,229300,228913,222,546
77,2178.125641025641,2193.976923076923,229302,228915,223,390
77,2170.453488372093,2227.155813953488,229303,228916,224,430
78,2070.023923444976,2094.5566188197768,229642,229262,219,627
78,2095.9921135646687,2064.758675078864,229644,229264,220,634
78,2109.7165532879817,2091.4557823129253,229646,229266,226,441
78,2133.534749034749,2063.5830115830117,229647,229267,210,518
78,2138.885057471264,2118.2916666666665,229650,229270,212,696
78,2053.7845601436265,2194.67684021544,229653,229273,225,557
78,2082.13909774,2128.5375939849623,229655,229275,202,532
78,2082.3047619,2282.192857142857,229658,229278,215,420
78,2083.9303797468356,2223.8259493670885,229659,229279,216,316
78,2162.2681660899652,2262.470588235294,229662,229282,213,578
78,2172.422188,2282.1294298921416,229663,229283,214,649
78,2184.2118055555557,2172.8298611111113,229669,229289,217,576
78,2129.108581436077,2180.9334500875657,229670,229290,218,571
78,2098.3525498891354,2241.0731707317073,229672,229292,205,451
78,2100.1022304832713,2194.3587360594797,229673,229293,227,538
78,2141.1912832929784,2233.583535108959,229679,229299,208,413
78,2112.7675675675678,2271.1153153153155,229680,229300,222,555
78,2177.7809278350514,2191.814432989691,229682,229302,223,388
78,2169.9296375266526,2226.8017057569296,229683,229303,224,469
79,2069.621745788668,2095.346094946401,230014,229642,219,653
79,2093.96875,2059.540625,230016,229644,220,640
79,2107.022123893805,2090.82079646,230018,229646,226,452
79,2132.4686274509804,2062.6313725490195,230019,229647,210,510
79,2139.1350954478708,2115.224669603524,230022,229650,212,681
79,2050.8879159369526,2197.4255691768826,230025,229653,225,571
79,2073.826003824092,2124.300191204589,230027,229655,202,523
79,2080.5724465558196,2280.524940617577,230030,229658,215,421
79,2083.3343848580444,2220.6624605678235,230031,229659,216,317
79,2164.5221843003415,2259.9778156996585,230034,229662,213,586
79,2170.7858243451465,2282.431432973806,230035,229663,214,649
79,2182.3231810490693,2172.849407783418,230041,229669,217,591
79,2126.9549248747912,2179.2954924874794,230042,229670,218,599
79,2097.271948608137,2241.0128479657387,230044,229672,205,467
79,2096.9454191033137,2193.358674463938,230045,229673,227,513
79,2139.695464362851,2230.7408207343415,230051,229679,208,463
79,2112.162062615101,2272.7053406998157,230052,229680,222,543
79,2174.695852534562,2193.7073732718895,230054,229682,223,434
79,2170.2651821862346,2228.821862348178,230055,229683,224,494
80,2069.82802548,2094.91242038,230386,230014,219,628
80,2093.8684627575276,2060.321711568938,230388,230016,220,631
80,2106.8747252747253,2090.7736263736265,230390,230018,226,455
80,2132.054307116105,2061.7247191,230391,230019,210,534
80,2138.725321888412,2115.505007153076,230394,230022,212,699
80,2047.3862433862435,2203.3086419753085,230397,230025,225,567
80,2067.86862745,2121.225490196078,230399,230027,202,510
80,2079.6634615384614,2279.8485576923076,230402,230030,215,416
80,2082.7837837837837,2224.2972972972975,230403,230031,216,296
80,2167.1599353796446,2258.7867528271404,230406,230034,213,619
80,2170.03317535545,2283.6018957345973,230407,230035,214,633
80,2182.7964601769913,2173.5557522123895,230413,230041,217,565
80,2126.176895306859,2176.202166064982,230414,230042,218,554
80,2097.3333333333335,2240.4831223628694,230416,230044,205,474
80,2097.2289803220037,2191.8783542039355,230417,230045,227,559
80,2139.692468619247,2229.4853556485355,230423,230051,208,478
80,2111.9477477477476,2274.810810810811,230424,230052,222,555
80,2174.2488479262674,2192.9308755760367,230426,230054,223,434
80,2169.3777777777777,2228.731313131313,230427,230055,224,495
81,2070.2028301886794,2095.2264150943397,230758,230386,219,636
81,2094.30279503,2059.6257763975154,230760,230388,220,644
81,2106.6393805309735,2090.8384955752213,230762,230390,226,452
81,2133.3382899628255,2062.806691449814,230763,230391,210,538
81,2138.8367052023123,2117.166184971098,230766,230394,212,692
81,2045.5051546391753,2206.676975945017,230769,230397,225,582
81,2061.6943907156674,2118.831721470019,230771,230399,202,517
81,2080.1258278145697,2282.189845474614,230774,230402,215,453
81,2082.0298013245033,2222.5231788079473,230775,230403,216,302
81,2169.727115716753,2258.585492227979,230778,230406,213,579
81,2170.0388802488337,2285.138413685848,230779,230407,214,643
81,2182.6230636833047,2173.8502581755592,230785,230413,217,581
81,2126.694885361552,2174.763668430335,230786,230414,218,567
81,2097.5173116089613,2240.953156822811,230788,230416,205,491
81,2097.5464098073553,2190.1751313485115,230789,230417,227,571
81,2139.580041580042,2227.4033264033264,230795,230423,208,481
81,2112.980108499096,2275.1211573,230796,230424,222,553
81,2174.9572072072074,2193.6644144144143,230798,230426,223,444
81,2171.771855010661,2229.8294243070363,230799,230427,224,469
82,2070.2805071315374,2096.797147385103,231130,230758,219,631
82,2093.2609375,2060.215625,231132,230760,220,640
82,2107.6933045356373,2090.974082073434,231134,230762,226,463
82,2131.876865671642,2063.5783582089553,231135,230763,210,536
82,2138.7815384615383,2116.9353846153845,231138,230766,212,650
82,2038.520458265139,2210.991816693944,231141,230769,225,611
82,2050.637867647059,2114.979779411765,231143,230771,202,544
82,2080.8268792710705,2283.73576309795,231146,230774,215,439
82,2081.1638225255974,2222.9044368600685,231147,230775,216,293
82,2170.9795918367345,2257.3061224489797,231150,230778,213,588
82,2170.1615384615384,2285.9261538461537,231151,230779,214,650
82,2182.604377104377,2173.459595959596,231157,230785,217,594
82,2122.1581818181817,2172.8927272727274,231158,230786,218,550
82,2096.4494845360823,2241.8762886597938,231160,230788,205,485
82,2095.597197898424,2188.07530647986,231161,230789,227,571
82,2139.472647702407,2228.8446389496717,231167,230795,208,457
82,2113.642599277978,2274.7111913357403,231168,230796,222,554
82,2175.112582781457,2193.673289183223,231170,230798,223,453
82,2169.5818540433925,2229.786982248521,231171,230799,224,507
83,2070.6127450980393,2095.3071895424837,231502,231130,219,612
83,2094.9397217928904,2060.003091190108,231504,231132,220,647
83,2109.4138655462184,2111.6134453781515,231506,,228,476
83,2132.256880733945,2064.5981651376146,231507,231135,210,545
83,2138.491354466859,2112.577809798271,231510,231138,212,694
83,2032.829581993569,2215.5916398713825,231513,231141,225,622
83,2050.621818181818,2113.8927272727274,231515,231143,202,550
83,2082.995652173913,2283.6,231518,231146,215,460
83,2079.416938110749,2219.560260586319,231519,231147,216,307
83,2174.136439267887,2254.2429284525792,231522,231150,213,601
83,2171.2094488188977,2284.568503937008,231523,231151,214,635
83,2183.333904109589,2170,231529,231157,217,584
83,2124.1125198098257,2169.1521394611727,231530,231158,218,631
83,2094.7726358148893,2241.9517102615696,231532,231160,205,497
83,2095.848229342327,2186.0033726812817,231533,231161,227,593
83,2139.6972281449894,2229.993603411514,231539,231167,208,469
83,2114.253164556962,2274.227848101266,231540,231168,222,553
83,2177.76993166287,2189.751708428246,231542,231170,223,439
83,2168.9375,2228.171875,231543,231171,224,512
84,2070.4802631578946,2095.8338815789475,231874,231502,219,608
84,2092.4774494556764,2061.105754276827,231876,231504,220,643
84,2096.1776315789475,2135.527960526316,231878,,229,608
84,2130.7582417582416,2065.9871794871797,231879,231507,210,546
84,2139.640404040404,2117.0242424242424,231882,231510,212,495
84,2028.189792663477,2219.2535885167463,231885,231513,225,627
84,2052.4217081850534,2115.5462633451957,231887,231515,202,562
84,2081.878587196468,2287.3245033112585,231890,231518,215,453
84,2077.691029900332,2219.448504983389,231891,231519,216,301
84,2173.908474576271,2253.3677966101695,231894,231522,213,590
84,2169.681402439024,2285.2759146341464,231895,231523,214,656
84,2177.527731092437,2169.494117647059,231901,231529,217,595
84,2122.283531409168,2170.2597623089982,231902,231530,218,589
84,2092.0482897384304,2242.0221327967806,231904,231532,205,497
84,2093.796875,2185.9756944444443,231905,231533,227,576
84,2137.9633620689656,2230.262931034483,231911,231539,208,464
84,2113.410934744268,2275.084656084656,231912,231540,222,567
84,2177.2358079,2190.5676855895194,231914,231542,223,458
84,2166.2713755,2229.0185873605947,231915,231543,224,538
85,2072.4442595673877,2095.8535773710482,232246,231874,219,601
85,2093.8107692307694,2059.964615384615,232248,231876,220,650
85,2085.4926470588234,2155.1,232250,,230,680
85,2129.906810035842,2068.921146953405,232251,231879,210,558
85,2025.8051118210863,2222.052715654952,232257,231885,225,626
85,2058.9297012302286,2118.6133567662564,232259,231887,202,569
85,2081.90987124,2286.5150214592277,232262,231890,215,466
85,2076.918367346939,2219.5850340136053,232263,231891,216,294
85,2175.104918032787,2252.1409836065573,232266,231894,213,610
85,2169.7480680061826,2285.6352395672334,232267,231895,214,647
85,2175.63468013468,2168.621212121212,232273,231901,217,594
85,2119.6048780487804,2166.8959349593497,232274,231902,218,615
85,2091.972,2241.99,232276,231904,205,500
85,2090.1543739279587,2185.7993138936536,232277,231905,227,583
85,2136.6059999999998,2230.79,232283,231911,208,500
85,2112.6949458483755,2273.9115523465703,232284,231912,222,554
85,2179.7204081632653,2191.069387755102,232286,231914,223,490
85,2166.7926605504585,2229.5504587155965,232287,231915,224,545
85,2149.468926553672,2115.813559322034,232289,231882,212,177
85,2115.473988439306,2119.208092485549,232290,,231,173
86,2072.9839743589746,2096.2820512820513,232618,232246,219,624
86,2094.5613496932515,2060.4923312883434,232620,232248,220,652
86,2092.0268096514747,2162.563002680965,232622,232250,230,746
86,2131.0213903743315,2068.4188948306596,232623,232251,210,561
86,2025.1632,2223.4608,232629,232257,225,625
86,2056.723076923077,2118.131623931624,232631,232259,202,585
86,2083.680525164114,2287.0306345733043,232634,232262,215,457
86,2078.31325301,2218.9939759036142,232635,232263,216,332
86,2174.4612903225807,2253.1725806451614,232638,232266,213,620
86,2170.2003081664097,2285.4391371340525,232639,232267,214,649
86,2175.54,2168.84,232645,232273,217,600
86,2118.240983606557,2165.6393442622953,232646,232274,218,610
86,2092.551515151515,2243.088888888889,232648,232276,205,495
86,2090.492673992674,2188.1227106227107,232649,232277,227,546
86,2137.5461847389556,2231.6305220883532,232655,232283,208,498
86,2113.4534050179213,2274.4121863799282,232656,232284,222,558
86,2182.212981744422,2190.9898580121703,232658,232286,223,493
86,2167.7115384615386,2228.9108391608393,232659,232287,224,572
86,2147.2929688,2116.0078125,232661,232289,212,256
86,2114.1423611111113,2106.2430555555557,232662,232290,231,288
87,2073.0565428109853,2096.361873990307,233007,232618,219,619
87,2093.983231707317,2061.3506097560976,233009,232620,220,656
87,2101.474554707379,2161.4503816793895,233011,232622,230,786
87,2131.4723707664884,2068.0499108734402,233012,232623,210,561
87,2023.4789391575664,2224.6146645865833,233018,232629,225,641
87,2053.4558058925477,2114.485268630849,233020,232631,202,577
87,2084.3096234309623,2286.9623430962342,233023,232634,215,478
87,2076.598006644518,2220.6943521594685,233024,232635,216,301
87,2174.7895595,2253.1957585644373,233027,232638,213,613
87,2169.906584992343,2285.4640122511487,233028,232639,214,653
87,2175.3939899833053,2168.3756260434056,233034,232645,217,599
87,2121.2912087912086,2165.7747252747254,233035,232646,218,364
87,2092.542406311637,2243.5128205128203,233037,232648,205,507
87,2090.7274401473296,2187.403314917127,233038,232649,227,543
87,2136.6626506024095,2231.8594378,233044,232655,208,498
87,2114.053448275862,2274.4327586206896,233045,232656,222,580
87,2183.41928721174,2190.6121593291405,233047,232658,223,477
87,2166.220665499124,2228.9894921190894,233048,232659,224,571
87,2146.2673611111113,2114.3611111111113,233050,232661,212,288
87,2113.248520710059,2109.0325443786983,233051,232662,231,338
88,2068.0996677740864,2095.822259136213,233396,233007,219,602
88,2093.440909090909,2061.025757575758,233398,233009,220,660
88,2102.981581798483,2165.8223185265438,233400,233011,230,923
88,2131.487544483986,2068.693950177936,233401,233012,210,562
88,2021.937984496124,2226.460465116279,233407,233018,225,645
88,2046.7428087986464,2111.959390862944,233409,233020,202,591
88,2082.643298969072,2286.719587628866,233412,233023,215,485
88,2076.09009009009,2218.3993993993995,233413,233024,216,333
88,2176.048818897638,2251.503937007874,233416,233027,213,635
88,2169.264150943396,2285.7484277,233417,233028,214,636
88,2174.0065573770494,2168.173770491803,233423,233034,217,610
88,2119.64465408805,2165.462264150943,233424,233035,218,318
88,2091.261044176707,2245.8694779116468,233426,233037,205,498
88,2087.6766055045873,2187.105504587156,233427,233038,227,436
88,2136.017094017094,2231.6175213675215,233433,233044,208,468
88,2112.978761061947,2272.8053097345132,233434,233045,222,565
88,2182.274841437632,2192.7653276955602,233436,233047,223,473
88,2165.6254237288135,2229.501694915254,233437,233048,224,590
88,2146.8463768115944,2117.255072463768,233439,233050,212,345
88,2109.558536585366,2107.4853658536585,233440,233051,231,410
89,2068.6035398230088,2096.98584071,233785,233396,219,565
89,2094.1833590138676,2060.929121725732,233787,233398,220,649
89,2106.8431876606683,2162.2352185089976,233789,233400,232,778
89,2133.5793103448277,2066.094827586207,233790,233401,210,580
89,2019.7963525835867,2228.855623100304,233796,233407,225,658
89,2041.3018549747048,2108.971332209106,233798,233409,202,593
89,2084.1991341991343,2286.625541125541,233801,233412,215,462
89,2077.551401869159,2220.8909657320874,233802,233413,216,321
89,2178.471138845554,2249.5741029641185,233805,233416,213,641
89,2169.804651162791,2284.694573643411,233806,233417,214,645
89,2175.3204508856684,2167.9291465378424,233812,233423,217,621
89,2111.4857142857145,2147.766666666667,233813,233400,233,210
89,2091.996031746032,2246.436507936508,233815,233426,205,504
89,2089.47792706334,2184.562380038388,233816,233427,227,521
89,2136.963906581741,2227.9957537154987,233822,233433,208,471
89,2115.5742397137747,2272.2397137745975,233823,233434,222,559
89,2184.159329140461,2191.937106918239,233825,233436,223,477
89,2164.4403973509934,2229.948675496689,233826,233437,224,604
89,2148.190243902439,2117.9756097560976,233828,233439,212,410
89,2108.395734597156,2109.071090047393,233829,233440,231,422
90,2067.5406301824214,2098.5605306799334,234174,233785,219,603
90,2095.46072508,2062.0181268882175,234176,233787,220,662
90,2088.976613657624,2144.7698783910196,234178,,234,1069
90,2135.678507992895,2061.5861456483126,234179,233790,210,563
90,2015.6251874062968,2231.9715142428786,234185,233796,225,667
90,2034.7775974,2104.5876623376626,234187,233798,202,616
90,2084.80462185,2288.6911764705883,234190,233801,215,476
90,2075.0523255813955,2217.3837209302324,234191,233802,216,344
90,2179.142424242424,2248.6227272727274,234194,233805,213,660
90,2169.1483771251933,2285.3817619783617,234195,233806,214,647
90,2178.2596153846152,2168.709935897436,234201,233812,217,624
90,2111.5412667946257,2158.3953934740885,234202,233789,232,521
90,2091.0297619,2247.7103174603176,234204,233815,205,504
90,2087.55041322,2184.3702479338845,234205,233816,227,605
90,2135.7897959183674,2229.7673469387755,234211,233822,208,490
90,2114.702166064982,2273.4711191,234212,233823,222,554
90,2182.8141962421714,2192.830897703549,234214,233825,223,479
90,2162.464401294498,2231.2653721682846,234215,233826,224,618
90,2150.554565701559,2122.15144766147,234217,233828,212,449
90,2110.293388429752,2111.8471074380163,234218,233829,231,484
91,2066.9095477386936,2097.614740368509,234563,234174,219,597
91,2096.8995433789955,2060.03500761035,234565,234176,220,657
91,2094.186936936937,2156.115990990991,234567,234178,234,888
91,2136.2733686067018,2059.8818342151676,234568,234179,210,567
91,2014.5609022556391,2234.0255639097745,234575,234185,225,665
91,2031.717741935484,2101.8322580645163,234576,234187,202,620
91,2088.619469026549,2290.8539823,234579,234190,215,452
91,2075.128205128205,2218.8429487179487,234580,234191,216,312
91,2180.1203703703704,2246.567901234568,234583,234194,213,648
91,2169.2136075949365,2285.85917721519,234584,234195,214,632
91,2179.671009771987,2169.1058631921824,234590,234201,217,614
91,2113.792828685259,2157.0916334661356,234591,234202,232,251
91,2090.812133072407,2248.205479452055,234593,234204,205,511
91,2084.0192644483363,2183.4553415061296,234594,234205,227,571
91,2134.504132231405,2227.2995867768595,234600,234211,208,484
91,2115.698729582577,2271.9745916515426,234601,234212,222,551
91,2183.1785714285716,2193.2043650793653,234603,234214,223,504
91,2163.1033333333335,2231.11,234604,234215,224,600
91,2151.157667386609,2120.6738660907126,234606,234217,212,463
91,2110.4103092783507,2113.8391752577318,234607,234218,231,485
0,2508.964343598055,2508.1004862236628,240076,,241,617
0,2528.9816513761466,2535.229357798165,240086,,242,545
0,2492.9450980392157,2653.6176470588234,240094,,243,510
0,2528.3742331288345,2658.7586912,240098,,244,489
0,2543.1946902654868,2617.2367256637167,240102,,245,452
0,2554.1855421686746,2639.2048192771085,240112,,246,415
1,2508.7487922705313,2508.376811594203,240442,240076,241,621
1,2528.5667938931297,2535.7080152671756,240452,240086,242,524
1,2493.8650190114067,2652.9410646387832,240460,240094,243,526
1,2528.990253411306,2659.3762183235867,240464,240098,244,513
1,2543.617475728155,2619.9320388349515,240468,240102,245,515
1,2558.1137440758293,2639.4170616113743,240478,240112,246,422
2,2508.4156626506024,2511.0135542168673,240808,240442,241,664
2,2528.1570093457944,2537.9028037383177,240818,240452,242,535
2,2492.865275142315,2653.2087286527512,240826,240460,243,527
2,2527.577821011673,2660.025291828794,240830,240464,244,514
2,2541.6378986866794,2622.5984990619136,240834,240468,245,533
2,2558.8108747044917,2640.1229314420802,240844,240478,246,423
3,2510.7360703812315,2512.0938416422287,241174,240808,241,682
3,2529.344122657581,2539.5706984667804,241184,240818,242,587
3,2492.9784560143626,2651.9982046678633,241192,240826,243,557
3,2527.6983240223462,2659.4040968342642,241196,240830,244,537
3,2543.5250463821894,2618.4935064935066,241200,240834,245,539
3,2559.086651053864,2638.032786885246,241210,240844,246,427
4,2510.675213675214,2513.112535612536,241540,241174,241,702
4,2531.0226086956523,2544.224347826087,241550,241184,242,575
4,2490.8998035363456,2649.0294695481334,241558,241192,243,509
4,2524.817543859649,2659.9122807017543,241562,241196,244,570
4,2543.936170212766,2618.7429078014184,241566,241200,245,564
4,2559.9357429718875,2636.4618473895584,241576,241210,246,498
5,2510.431154381085,2513.542420027816,241906,241540,241,719
5,2529.941712204007,2547.601092896175,241916,241550,242,549
5,2492.0506108202444,2648.696335078534,241924,241558,243,573
5,2528.440199335548,2656.2923588039866,241928,241562,244,602
5,2549.6557971014495,2614.4003623188405,241932,241566,245,552
5,2576.5,2625.546052631579,241944,241576,247,152
5,2550.3893805309735,2638.4867256637167,241945,241576,248,113
6,2508.516452074392,2511.8769670958513,242272,241906,241,699
6,2533.9483394833946,2548.463099630996,242282,241916,242,542
6,2496.10294118,2650.6388888888887,242290,241924,243,612
6,2531.1860036832413,2664.307550644567,242294,241928,244,543
6,2552.275471698113,2613.7226415094337,242298,241932,245,530
6,2575.707509881423,2626.6363636363635,242310,241944,247,253
6,2550.4308300395255,2642.826086956522,242311,241945,248,253
7,2511.2363387978144,2511.5,242638,242272,241,732
7,2531.0650684931506,2547.6181506849316,242648,242282,242,584
7,2494.450406504065,2650.377235772358,242656,242290,243,615
7,2529.9849749582636,2670.001669449082,242660,242294,244,599
7,2547.289048473968,2617.5385996409336,242664,242298,245,557
7,2576.7859531772574,2623.040133779264,242676,242310,247,299
7,2552.3,2645.735294117647,242677,242311,248,340
8,2509.1476063829787,2511.75,243004,242638,241,752
8,2533.4173622704507,2543.6777963,243014,242648,242,599
8,2495.8,2649.7015625,243022,242656,243,640
8,2530.2066772655007,2668.7138314785375,243026,242660,244,629
8,2560.0254237288136,2598.7118644067796,243032,,249,118
8,2534.3852459016393,2617.4836065573772,243033,242664,245,122
8,2574.9407407407407,2623.1925925925925,243042,242676,247,405
8,2550.637566137566,2642.436507936508,243043,242677,248,378
9,2506.907608695652,2511.5801630434785,243370,243004,241,736
9,2532.8888888888887,2542.2550860719875,243380,243014,242,639
9,2494.547904191617,2654.3562874251497,243388,243022,243,668
9,2533.1302325581396,2676.1596899224805,243392,243026,244,645
9,2555.6609686609686,2601.9173789173788,243398,243032,249,351
9,2532.0967741935483,2624.6693548387098,243399,243033,245,248
9,2577.286343612335,2621.3942731277534,243408,243042,247,454
9,2549.2265060240966,2647.0578313253013,243409,243043,248,415
10,2504.2427983539096,2509.0727023319614,243733,243370,241,729
10,2531.448529411765,2540.2132352941176,243743,243380,242,680
10,2494.7585185185185,2653.6740740740743,243751,243388,243,675
10,2535.93343419062,2677.68532526475,243755,243392,244,661
10,2556.7797927,2602.077720207254,243761,243398,249,386
10,2528.3148788927338,2629.3148788927338,243762,243399,245,289
10,2582.2362768,2616.7947494033415,243771,243408,247,419
10,2553.052401746725,2643.8209606986898,243772,243409,248,458
11,2504.7551299589604,2506.8659370725036,244107,243733,241,731
11,2530.2875175315567,2538.8373071528754,244117,243743,242,713
11,2495.9719626168226,2652.0155763239877,244125,243751,243,642
11,2537.0014836795253,2675.3961424332347,244129,243755,244,674
11,2559.6575,2601.81,244135,243761,249,400
11,2526.6063218390805,2633.7758620689656,244136,243762,245,348
11,2584.9099756691,2615.3576642335765,244145,243771,247,411
11,2551.914606741573,2638.3797752808987,244146,243772,248,445
12,2493.3494623655915,2508.1935483870966,244481,244107,241,558
12,2523.723374827109,2536.554633471646,244491,244117,242,723
12,2493.84122137,2652.6946564885498,244499,244125,243,655
12,2536.679640718563,2676.7050898203593,244503,244129,244,668
12,2558.609375,2600.8035714285716,244509,244135,249,448
12,2519.639037433155,2644.2272727272725,244510,244136,245,374
12,2585.9521640091116,2610.2915717539863,244519,244145,247,439
12,2552.0703624733474,2639.443496801706,244520,244146,248,469
13,2510.8325791855204,2501.9547511312217,244857,244481,250,221
13,2481.90410959,2502.178082191781,244858,244481,251,219
13,2522.143661971831,2537.311267605634,244865,244491,242,710
13,2494.945185185185,2652.3674074074074,244873,244499,243,675
13,2539.468656716418,2677.1820895522387,244877,244503,244,670
13,2556.9206349206347,2600.24716553288,244883,244509,249,441
13,2520.291005291005,2644.685185185185,244884,244510,245,378
13,2587.3716814159293,2608.0442477876104,244893,244519,247,452
13,2554.102766798419,2636.5375494071145,244894,244520,248,506
14,2512.839116719243,2493.7917981072555,245231,244857,250,317
14,2482.8590604026845,2500.6375838926174,245232,244858,251,298
14,2529.6473779385174,2551.5443037974683,245239,244865,242,553
14,2494.719298245614,2652.7587719298244,245247,244873,243,684
14,2540.578125,2679.258522727273,245251,244877,244,704
14,2555.60843373494,2600.477911646586,245257,244883,249,498
14,2519.30179028133,2648.7519181585676,245258,244884,245,391
14,2584.6961206896553,2609.780172413793,245267,244893,247,464
14,2551.6772277227724,2640.732673267327,245268,244894,248,505
15,2511.989247311828,2494.239247311828,245605,245231,250,372
15,2480.295652173913,2500.6608695652176,245606,245232,251,345
15,2515.6171003717473,2522.1598513011154,245615,,252,269
15,2534.153409090909,2546.7386363636365,245616,245239,242,352
15,2494.3478260869565,2653.0420757363254,245621,245247,243,713
15,2543.515994436718,2677.53685674548,245625,245251,244,719
15,2552.433198380567,2604.917004,245631,245257,249,494
15,2518.885922330097,2651.9271844660193,245632,245258,245,412
15,2585.4232456140353,2605.9013157894738,245641,245267,247,456
15,2552.0797546,2643.638036809816,245642,245268,248,489
16,2513.9274611398964,2495.484455958549,245971,245605,250,386
16,2482.1648648648647,2498.5891891891893,245972,245606,251,370
16,2520.4620462046205,2515.4191419141916,245981,245615,252,303
16,2535.36815920398,2549.241293532338,245982,245616,242,402
16,2496.1373937677054,2654.0240793201133,245987,245621,243,706
16,2543.8011363636365,2677.2485795454545,245991,245625,244,704
16,2553.3978723404257,2603.7148936170215,245997,245631,249,470
16,2520.7072072072074,2646.689189189189,245998,245632,245,444
16,2585.501075268817,2607.750537634409,246007,245641,247,465
16,2552.56512605042,2644.5063025210084,246008,245642,248,476
17,2513.4380530973453,2493.0884955752213,246337,245971,250,452
17,2484.85861183,2500.4498714652955,246338,245972,251,389
17,2521.970930232558,2513.686046511628,246347,245981,252,344
17,2535.0985576923076,2549.608173076923,246348,245982,242,416
17,2494.45844875,2654.371191135734,246353,245987,243,722
17,2542.8948824343015,2679.5325034578145,246357,245991,244,723
17,2557.5960698689955,2602.052401746725,246363,245997,249,458
17,2520.3196544276457,2646.194384449244,246364,245998,245,463
17,2583.1016597510375,2612.844398340249,246373,246007,247,482
17,2548.89485458613,2648.460850111857,246374,246008,248,447
18,2514.5496688741723,2491.1810154525388,246718,246337,250,453
18,2482.9302325581393,2498.0645994832043,246719,246338,251,387
18,2520.1917404129795,2511.3303834808257,246728,246347,252,339
18,2534.4419753,2549.3135802469137,246729,246348,242,405
18,2491.622462787551,2656.4776725304464,246734,246353,243,739
18,2544.0078226857886,2679.511082138201,246738,246357,244,767
18,2553.978540772532,2604.0858369098714,246744,246363,249,466
18,2518.3258928571427,2640.1272321428573,246745,246364,245,448
18,2581.700205338809,2609.0616016427107,246754,246373,247,487
18,2542.649667405765,2650.8558758314857,246755,246374,248,451
19,2522.950226244344,2490.552036199095,247093,246718,250,442
19,2486.109756097561,2498.307317073171,247094,246719,251,410
19,2520.535014005602,2511.8711484593837,247103,246728,252,357
19,2533.5668103448274,2545.239224137931,247104,246729,242,464
19,2493.1367292200002,2655.9678284182305,247109,246734,243,746
19,2544.732026143791,2680.5777777777776,247113,246738,244,765
19,2555.8571428571427,2599.7824175824176,247119,246744,249,455
19,2520.6773455377574,2639.0915331807782,247120,246745,245,437
19,2582.1071428571427,2608.436507936508,247129,246754,247,504
19,2545.028824833703,2652.441241685144,247130,246755,248,451
20,2520.714285714286,2490.6866359447004,247468,247093,250,434
20,2483.703791469194,2492.7890995260664,247469,247094,251,422
20,2517.231707317073,2510.4829268292683,247478,247103,252,410
20,2529.758318739054,2544.737302977233,247479,247104,242,571
20,2493.59403372,2655.3463035019454,247484,247109,243,771
20,2545.7984084880636,2680.8965517241377,247488,247113,244,754
20,2553.352808988764,2602.0247191011235,247494,247119,249,445
20,2518.368539325843,2642.6764045,247495,247120,245,445
20,2581.810707456979,2608.3862332695985,247504,247129,247,523
20,2543.015486725664,2652.1969026548672,247505,247130,248,452
21,2516.366729678639,2487.056710775047,247843,247468,250,529
21,2481.6556701030927,2493.7051546391754,247844,247469,251,485
21,2517.592750533049,2513.72921108742,247853,247478,252,469
21,2521.102564102564,2550.7124542124543,247854,247479,242,546
21,2493.375494071146,2652.409749670619,247859,247484,243,759
21,2544.5459387483356,2680.2902796271637,247863,247488,244,751
21,2556.870892018779,2597.823943661972,247869,247494,249,426
21,2517.534090909091,2642.359090909091,247870,247495,245,440
21,2579.4587737843553,2616.2727272727275,247879,247504,247,473
21,2543.1721854304637,2650.326710816777,247880,247505,248,453
22,2518.1486988847582,2491.328996282528,248218,247843,250,538
22,2480.730132450331,2493.387417218543,248219,247844,251,604
22,2524.747844827586,2522.9762931034484,248228,247853,252,464
22,2515.2737642585553,2558.7851711026615,248229,247854,242,526
22,2491.8834196891194,2652.979274611399,248234,247859,243,772
22,2546.232189973615,2680.353562005277,248238,247863,244,758
22,2557.6659436008676,2599.1301518438177,248244,247869,249,461
22,2515.75,2643.4322916666665,248245,247870,245,384
22,2580.2942386831273,2616.251028806584,248254,247879,247,486
22,2539.9265033407573,2650.5077951002227,248255,247880,248,449
23,2515.768946395564,2487.5526802218114,248593,248218,250,541
23,2474.66104553,2494.4198988195617,248594,248219,251,593
23,2532.4795918367345,2520.6285714285714,248603,248228,252,490
23,2515.678392,2556.9363484087103,248604,248229,242,597
23,2491.470879801735,2652.3023543990084,248609,248234,243,807
23,2546.3700887198984,2679.6451204055766,248613,248238,244,789
23,2562.335164835165,2603.388278388278,248619,248244,249,546
23,2514.051413881748,2646.8020565552697,248620,248245,245,389
23,2585.5866050808313,2617.323325635104,248629,248254,247,433
23,2540.3940042826553,2648.82869379015,248630,248255,248,467
24,2514.729537366548,2488.0409252669037,248975,248593,250,562
24,2474.813953488372,2494.6744186046512,248976,248594,251,602
24,2533.595387840671,2517.431865828092,248985,248603,252,477
24,2516.414976599064,2554.4227769110767,248986,248604,242,641
24,2493.5195460277428,2650.2395964691045,248991,248609,243,793
24,2548.807113543092,2681.454172366621,248995,248613,244,731
24,2561.5825242718447,2602.7805825242717,249001,248619,249,515
24,2515.273291925466,2647.1273291925468,249002,248620,245,322
24,2585.5040322580644,2617.1149193548385,249011,248629,247,496
24,2542.1974789915967,2647.4012605042017,249012,248630,248,476
25,2507.9,2488.7254237288134,249357,248975,250,590
25,2471.540133779264,2493.6521739130435,249358,248976,251,598
25,2532.233333333333,2518.529411764706,249367,248985,252,510
25,2511.6666666666665,2554.701834862385,249368,248986,242,654
25,2491.683804627249,2651.0938303341904,249373,248991,243,778
25,2547.9184210526314,2680.628947368421,249377,248995,244,760
25,2561.426,2603.266,249383,249001,249,500
25,2513.08253968254,2647.488888888889,249384,249002,245,315
25,2582.180527383367,2621.6409736308315,249393,249011,247,493
25,2539.3453093812377,2646.4730538922154,249394,249012,248,501
26,2508.6808905380335,2486.595547309833,249740,249357,250,539
26,2473.34925865,2496.4184514003296,249741,249358,251,607
26,2532.9823529411765,2515.850980392157,249750,249367,252,510
26,2511.826215022091,2555.558173784978,249751,249368,242,679
26,2492.240458015267,2651.998727735369,249756,249373,243,786
26,2547.9421487603304,2679.564738292011,249760,249377,244,726
26,2563.8827038,2597.9502982107356,249766,249383,249,503
26,2514.7166666666667,2644.5138888888887,249767,249384,245,360
26,2580.2013129102843,2626.770240700219,249776,249393,247,457
26,2539.6757813,2644.5449219,249777,249394,248,512
27,2515.657091561939,2487.3105924596052,250123,249740,250,557
27,2476.258116883117,2495.5113636363635,250124,249741,251,616
27,2535.056092843327,2517.191489361702,250133,249750,252,517
27,2512.5555555555557,2556.972972972973,250134,249751,242,666
27,2496.7421777221525,2649.823529411765,250139,249756,243,799
27,2547.151851851852,2678.7395061728394,250143,249760,244,810
27,2568.8278689,2593.9549180327867,250149,249766,249,488
27,2518.644699140401,2643.183381088825,250150,249767,245,349
27,2579.859470468432,2627.9490835,250159,249776,247,491
27,2543.037773359841,2644.0536779324057,250160,249777,248,503
28,2516.3044217687075,2483.052721088435,250506,250123,250,588
28,2474.39726027,2495.2414383561645,250507,250124,251,584
28,2537.751879699248,2515.308270676692,250516,250133,252,532
28,2512.217261904762,2556.3258928571427,250517,250134,242,672
28,2494.4942675159236,2649.067515923567,250522,250139,243,785
28,2546.914586070959,2681.337713534823,250526,250143,244,761
28,2565.7880085653105,2591.6188436830835,250532,250149,249,467
28,2516.9142091152817,2643.9034852546915,250533,250150,245,373
28,2578.1847826086955,2625.3659420289855,250542,250159,247,552
28,2541.3179190751443,2644.8574181117533,250543,250160,248,519
29,2515.71359223301,2474.205501618123,250889,250506,250,618
29,2476.0178571428573,2493.5844155844156,250890,250507,251,616
29,2538.5334685598377,2510.841784989858,250899,250516,252,493
29,2514.732474964235,2553.0529327610875,250900,250517,242,699
29,2494.24847001,2650.8776009791923,250905,250522,243,817
29,2547.196629213483,2682.046348314607,250909,250526,244,712
29,2561.9332096474955,2590.630797773655,250915,250532,249,539
29,2517.0877192982457,2644.3801169590643,250916,250533,245,342
29,2577.7842003853566,2626.082851637765,250925,250542,247,519
29,2541.7562862669247,2646.2147001934236,250926,250543,248,517
30,2519.0831973898858,2472.4502446982056,251272,250889,250,613
30,2476.928455284553,2493.42601626,251273,250890,251,615
30,2535.1441947565545,2511.6872659,251282,250899,252,534
30,2513.966527196653,2552.655509065551,251283,250900,242,717
30,2496.1622276029057,2651.4370460048426,251288,250905,243,826
30,2546.8424657534247,2681.2785388127854,251292,250909,244,438
30,2561.737793851718,2591.9330922242316,251298,250915,249,553
30,2519.8229508196723,2639.2098360655737,251299,250916,245,305
30,2577.8761384335153,2626.249544626594,251308,250925,247,549
30,2543.008791208791,2647.2021978021976,251309,250926,248,455
31,2522.156507413509,2474.8912685337727,251655,251272,250,607
31,2478.588957055215,2494.069018404908,251656,251273,251,652
31,2536.4950690335304,2516.3865877712033,251665,251282,252,507
31,2513.2771739130435,2552.673913043478,251666,251283,242,736
31,2493.62451108,2650.6245110821383,251671,251288,243,767
31,2561.194756554307,2681.0411985018727,251677,251292,253,267
31,2533.292490118577,2682.7628458498025,251678,251292,254,253
31,2560.891265597148,2592.5329768270944,251681,251298,249,561
31,2516.5317220543807,2642.6858006042294,251682,251299,245,331
31,2576.00518134715,2628.298791018998,251691,251308,247,579
31,2540.826883910387,2650.3808553971485,251692,251309,248,491
32,2524.51768488746,2475.927652733119,252038,251655,250,622
32,2479.8511278195488,2495.0676691729323,252039,251656,251,665
32,2534.8615071283098,2517.5865580448067,252048,251665,252,491
32,2512.5116279069766,2554.1805745554034,252049,251666,242,731
32,2490.8571428571427,2649.084126984127,252054,251671,243,630
32,2562.3056478405315,2685.750830564784,252060,251677,253,301
32,2537.8924731182797,2687.6164874551973,252061,251678,254,279
32,2561.149446494465,2592.39852398524,252064,251681,249,542
32,2517.778350515464,2640.3505154639174,252065,251682,245,388
32,2576.2238010657193,2630.7353463587924,252074,251691,247,563
32,2542.171206225681,2653.161478599222,252075,251692,248,514
33,2524.839527027027,2476.4560810810813,252421,252038,250,592
33,2479.6745913818722,2494.3863298662704,252422,252039,251,673
33,2535.1259842519685,2517.8740157480315,252431,252048,252,508
33,2513.6270718232045,2553.82182320442,252432,252049,242,724
33,2487.779270633397,2654.3608445297505,252437,252054,243,521
33,2561.6964285714284,2680.0535714285716,252443,252060,253,336
33,2537.267973856209,2689.09477124183,252444,252061,254,306
33,2561.664150943396,2590.115094339623,252447,252064,249,530
33,2515.4360730593608,2637.445205479452,252448,252065,245,438
33,2575.7088607594937,2631.3146473779384,252457,252074,247,553
33,2541.5659656,2653.0114722753347,252458,252075,248,523
34,2524.7723440134905,2476.794266441821,252804,252421,250,593
34,2478.2876923076924,2494.74769231,252805,252422,251,650
34,2533.7148936170215,2519.451063829787,252814,252431,252,470
34,2513.124833997344,2555.1181938911022,252815,252432,242,753
34,2483.44126984127,2672.1619047619047,252822,252437,255,315
34,2489.9302325581393,2640.607235142119,252823,252437,256,387
34,2562.9467005076144,2680.4619289340103,252826,252443,253,394
34,2537.6510067114095,2690.0436241610737,252827,252444,254,298
34,2563.931338028169,2590.7218309859154,252830,252447,249,568
34,2515.5529953917053,2640.4470046082947,252831,252448,245,434
34,2576.219607843137,2633.8176470588237,252840,252457,247,510
34,2541.382405745063,2653.152603231598,252841,252458,248,557
35,2526.895666131621,2477.454253611557,253187,252804,250,623
35,2481.1233082706767,2494.694736842105,253188,252805,251,665
35,2533.8977505112475,2520.2188139059303,253197,252814,252,489
35,2515.1122994652405,2554.066844919786,253198,252815,242,748
35,2485.1032258064515,2668.3225806451615,253205,252822,255,310
35,2493.2923076923075,2638.209230769231,253206,252823,256,325
35,2563.55205811138,2679.9007263922517,253209,252826,253,413
35,2539.7,2691.3,253210,252827,254,350
35,2565.9588551,2591.1824686940968,253213,252830,249,559
35,2516.011467889908,2640.612385321101,253214,252831,245,436
35,2577.012455516014,2632.4163701067614,253223,252840,247,562
35,2540.7979452054797,2652.946917808219,253224,252841,248,584
36,2527.529702970297,2478.442244224422,253570,253187,250,606
36,2481.2737920937043,2494.6603221083456,253571,253188,251,683
36,2531.5896907216493,2521.7319587628867,253580,253197,252,485
36,2515.458776595745,2554.99335106383,253581,253198,242,752
36,2484.3475783475783,2669.5868945868947,253588,253205,255,351
36,2494.484939759036,2638.8012048192772,253589,253206,256,332
36,2563.3015521064303,2679.7827050997785,253592,253209,253,451
36,2539.340694006309,2688.444794952681,253593,253210,254,317
36,2564.9535655058044,2591.7363184079604,253596,253213,249,603
36,2516.897494305239,2640.662870159453,253597,253214,245,439
36,2576.504780114723,2632.3059273422564,253606,253223,247,523
36,2540.3821292775665,2655.28897338403,253607,253224,248,526
37,2527.779487179487,2477.9880341880344,253953,253570,250,585
37,2482.09224012,2495.265007320644,253954,253571,251,683
37,2533.016563146998,2520.631469979296,253963,253580,252,483
37,2516.3478835978835,2554.708994708995,253964,253581,242,756
37,2482.53477218,2669.8585131894483,253971,253588,255,417
37,2489.72131147541,2638.4918032786886,253972,253589,256,366
37,2565.3478260869565,2681.4323671497586,253975,253592,253,414
37,2539.4511494252874,2692.5114942528735,253976,253593,254,348
37,2565.836956521739,2589.923913043478,253979,253596,249,552
37,2519.864915572233,2637.932457786116,253980,253597,245,533
37,2577,2633.2768670309656,253989,253606,247,549
37,2542.3978494623657,2657.8118279569894,253990,253607,248,558
38,2528.4010067114095,2476.038590604027,254319,253953,250,596
38,2481.4918759231905,2495.0118168389954,254320,253954,251,677
38,2529.9013806706116,2520.6153846153848,254329,253963,252,507
38,2514.981554677207,2553.383399209486,254330,253964,242,759
38,2483.570093457944,2669.1191588785045,254337,253971,255,428
38,2487.2035398230087,2637.0176991150443,254338,253972,256,339
38,2562.6470588235293,2681.5882352941176,254341,253975,253,425
38,2536.0810810810813,2688.6,254342,253976,254,370
38,2562.820168067227,2591.2302521008405,254345,253979,249,595
38,2519.940476190476,2635.777777777778,254346,253980,245,504
38,2576.056710775047,2633.9546313799624,254355,253989,247,529
38,2539.155109489051,2655.3211678832117,254356,253990,248,548
39,2529.4317406143346,2477.122866894198,254699,254319,250,586
39,2480.6847507331377,2493.7829912023462,254700,254320,251,682
39,2530.093023255814,2521.4263565891474,254709,254329,252,516
39,2514.4172099087355,2553.232073011734,254710,254330,242,767
39,2482.338129496403,2670.390887290168,254717,254337,255,417
39,2485.10447761,2638.316417910448,254718,254338,256,335
39,2561.119305856833,2680.9501084598696,254721,254341,253,461
39,2537.0437158469945,2691.497267759563,254722,254342,254,366
39,2563.565705128205,2592.2660256410254,254725,254345,249,624
39,2519.499001996008,2632.542914171657,254726,254346,245,501
39,2573.973880597015,2634.7873134328356,254735,254355,247,536
39,2537.44425087108,2655.9494773519164,254736,254356,248,574
40,2528.3204047217537,2477.298482293423,255079,254699,250,593
40,2481.780523255814,2496.265988372093,255080,254700,251,688
40,2529.470802919708,2521.080291970803,255089,254709,252,548
40,2514.650331125828,2554.245033112583,255090,254710,242,755
40,2481.7477064220184,2669.577981651376,255097,254717,255,436
40,2488.7456647398844,2635.849710982659,255098,254718,256,346
40,2559.80375782881,2683.4237995824633,255101,254721,253,479
40,2534.4679665738163,2696.1727019498608,255102,254722,254,359
40,2562.6416,2595.6112,255105,254725,249,625
40,2521.332688588008,2635.411992263056,255106,254726,245,517
40,2575.078895463511,2634.8816568047337,255115,254735,247,507
40,2538.704391891892,2660.1283783783783,255116,254736,248,592
41,2530.619298245614,2475.363157894737,255459,255079,250,570
41,2484.211678832117,2493.65401459854,255460,255080,251,685
41,2530.220640569395,2518.683274021352,255469,255089,252,562
41,2515.5303430079157,2553.1833773087073,255470,255090,242,758
41,2483.0861678004535,2666.501133786848,255477,255097,255,441
41,2488.1666666666665,2637.214285714286,255478,255098,256,336
41,2561.0438756855574,2679.431444241316,255481,255101,253,547
41,2537.4899497487436,2697.2010050251256,255482,255102,254,398
41,2562.618604651163,2595.187596899225,255485,255105,249,645
41,2520.0229445506693,2635.695984703633,255486,255106,245,523
41,2577.6984402079725,2631.741767764298,255495,255115,247,577
41,2541.1384364820847,2655.5570033,255496,255116,248,614
42,2529.8350168350166,2479.289562289562,255839,255459,250,594
42,2483.3656597774243,2493.5182829888713,255840,255460,251,629
42,2532.534516765286,2517.34516765286,255849,255469,252,507
42,2518.010484927916,2553.2726081258193,255850,255470,242,763
42,2481.7031963470317,2671.0639269406392,255857,255477,255,438
42,2487.5745341614906,2635.639751552795,255858,255478,256,322
42,2558.289855072464,2681.9316770186333,255861,255481,253,483
42,2538.330845771144,2699.1169154228855,255862,255482,254,402
42,2560.6094224924013,2597.323708206687,255865,255485,249,658
42,2521.0946196660484,2633.5194805194806,255866,255486,245,539
42,2578.3819188191883,2634.138376383764,255875,255495,247,542
42,2540.270226537217,2656.784789644013,255876,255496,248,618
43,2528.625816993464,2478.671568627451,256223,255839,250,612
43,2482.8002853067046,2493.355206847361,256224,255840,251,701
43,2530.518664047151,2517.475442,256233,255849,252,509
43,2515.11724137931,2551.9406896551723,256234,255850,242,725
43,2481.4947368421053,2670.9894736842107,256241,255857,255,475
43,2487.31092437,2637.81512605042,256242,255858,256,357
43,2557.699373695198,2679.9018789,256245,255861,253,479
43,2542.188888888889,2697.5555555555557,256246,255862,254,360
43,2558.309523809524,2599.5788690476193,256249,255865,249,672
43,2519.768953068592,2632.2111913357403,256250,255866,245,554
43,2576.0671641791046,2632.9272388059703,256259,255875,247,536
43,2538.6041308089502,2657.5955249569706,256260,255876,248,581
44,2527.727422003284,2476.75041051,256607,256223,250,609
44,2480.028358208955,2493.6313432835823,256608,256224,251,670
44,2530.160075329567,2516.491525423729,256617,256233,252,531
44,2515.21045751634,2553.3124183006535,256618,256234,242,765
44,2478.11377245509,2673.3353293413174,256625,256241,255,501
44,2483.43380282,2636.6901408450703,256626,256242,256,355
44,2557.515325670498,2678.5,256629,256245,253,522
44,2540.4749340369394,2695.6939313984167,256630,256246,254,379
44,2560.5462822,2597.8907435508345,256633,256249,249,659
44,2517.3471223021584,2632.404676258993,256634,256250,245,556
44,2580.572192513369,2631.1051693404634,256643,256259,247,561
44,2537.815457413249,2655.916403785489,256644,256260,248,634
45,2530.1702508960575,2475.8333333333335,256991,256607,250,558
45,2480.0414814814817,2493.094814814815,256992,256608,251,675
45,2527.442379182156,2517.03717472119,257001,256617,252,538
45,2511.104060913706,2551.1408629441626,257002,256618,242,788
45,2478.4733475479743,2671.7100213219614,257009,256625,255,469
45,2486.9047619,2633.973214285714,257010,256626,256,336
45,2555.4275092936805,2681.0780669144983,257013,256629,253,538
45,2540.492307692308,2698.7820512820513,257014,256630,254,390
45,2560.7347242921014,2598.1400894187777,257017,256633,249,671
45,2516.722719141324,2631.973166368515,257018,256634,245,559
45,2583.524680073126,2627.3967093235833,257027,256643,247,547
45,2536.390048154093,2656.247191011236,257028,256644,248,623
46,2529.250825082508,2477.3498349834986,257371,256991,250,606
46,2481.6011904761904,2493.6964285714284,257372,256992,251,672
46,2530.3410852713178,2515.9883720930234,257381,257001,252,516
46,2512.8367609254497,2551.1606683804625,257382,257002,242,778
46,2480.947895791583,2670.2745490981965,257389,257009,255,499
46,2486.5701492537314,2633.2149253731345,257390,257010,256,335
46,2555.763602251407,2678.9774859287054,257393,257013,253,533
46,2542.289002557545,2697.0409207161124,257394,257014,254,391
46,2561.6698717948716,2596.9375,257397,257017,249,624
46,2517.57326007326,2631.7326007326005,257398,257018,245,546
46,2583.2767402,2624.7402376910018,257407,257027,247,589
46,2537.1392,2655.9744,257408,257028,248,625
47,2526.0306451612905,2476.5629032258066,257751,257371,250,620
47,2479.15668202765,2492.9124423963135,257752,257372,251,651
47,2529.8289241622574,2513.5308641975307,257761,257381,252,567
47,2511.9821656050954,2552.8624203821655,257762,257382,242,785
47,2478.3910505836575,2671.817120622568,257769,257389,255,514
47,2486.779552715655,2635.664536741214,257770,257390,256,313
47,2553.9614678899084,2679.0366972477063,257773,257393,253,545
47,2544.7831325301204,2697.0602409638554,257774,257394,254,415
47,2561.1378737541527,2595.6760797342195,257777,257397,249,602
47,2515.897435897436,2631.8168498168498,257778,257398,245,546
47,2583.40554592721,2621.400346620451,257787,257407,247,577
47,2532.9611650485435,2657.6229773462783,257788,257408,248,618
48,2528.760726072607,2476.9191419141916,258131,257751,250,606
48,2481.561377245509,2493.4790419161677,258132,257752,251,668
48,2530.410909090909,2516.0327272727272,258141,257761,252,550
48,2512.8867684478373,2553.4338422391857,258142,257762,242,786
48,2478.782857142857,2672.500952380952,258149,257769,255,525
48,2486.0651465798046,2630.9185667752445,258150,257770,256,307
48,2556.4442413162706,2676.7586837294334,258153,257773,253,547
48,2547.888095238095,2695.8404761904762,258154,257774,254,420
48,2563.749077490775,2589.579335793358,258157,257777,249,271
48,2517.5714285714284,2631.764199655766,258158,257778,245,581
48,2586.5583756345177,2616.5313028764804,258167,257787,247,591
48,2532.936630602782,2657.7836166924267,258168,257788,248,647
49,2527.695222405272,2476.841845140033,258511,258131,250,607
49,2476.883642495784,2492.5615514333895,258512,258132,251,593
49,2530.866666666667,2513.828571428571,258521,258141,252,525
49,2514.207332490518,2553.4601769911505,258522,258142,242,791
49,2478.644787644788,2673.295366795367,258529,258149,255,518
49,2485.75932203,2630.081355932203,258530,258150,256,295
49,2556.5229202037353,2674.8726655348046,258533,258153,253,589
49,2548.658371040724,2694.8687783,258534,258154,254,442
49,2516.9930191972076,2630.952879581152,258538,258158,245,573
49,2575.443181818182,2578.590909090909,258540,258157,257,264
49,2564.3555555555554,2607.5851851851853,258541,258157,258,270
49,2586.8531952,2614.7443868739206,258547,258167,247,579
49,2528.7515151515154,2659.539393939394,258548,258168,248,660
50,2536.5053995680346,2472.671706263499,258891,258511,250,463
50,2477.4117647058824,2493.860962566845,258892,258512,251,374
50,2529.281195079086,2513.695957820738,258901,258521,252,569
50,2514.0825,2550.83625,258902,258522,242,800
50,2480.009633911368,2673.105973025048,258909,258529,255,519
50,2487.3478260869565,2631.321070234114,258910,258530,256,299
50,2558.3156089193826,2674.6312178,258913,258533,253,583
50,2549.65625,2695.167410714286,258914,258534,254,448
50,2518.1485809682804,2631.61101836394,258918,258538,245,599
50,2571.2788944723616,2582.9095477386936,258920,258540,257,398
50,2552.687150837989,2605.849162011173,258921,258541,258,358
50,2584.9268680445152,2615.027027027027,258927,258547,247,629
50,2529.464615384615,2661.3507692307694,258928,258548,248,650
51,2539.72131147541,2475.222482435597,259276,258891,250,427
51,2473.0173611111113,2503.090277777778,259278,258892,259,288
51,2481.707395498392,2479.3086816720256,259280,258892,260,311
51,2529.43216080402,2511.036850921273,259286,258901,252,597
51,2515.083120204604,2554.826086956522,259287,258902,242,782
51,2480.1338582677167,2674.484251968504,259294,258909,255,508
51,2487.03785488959,2633,259295,258910,256,317
51,2557.2820945945946,2673.927364864865,259298,258913,253,592
51,2546.7617021276596,2694.859574468085,259299,258914,254,470
51,2517.4027072758036,2633.2148900169204,259303,258918,245,591
51,2571.9188544152744,2582.704057279236,259305,258920,257,419
51,2550.4896551724137,2609.5471264367816,259306,258921,258,435
51,2582.071074380165,2617.745454545455,259312,258927,247,605
51,2526.488469601677,2665.0587002096436,259313,258928,248,477
52,2474.315112540193,2504.993569131833,259663,259278,259,311
52,2481.15838509,2479.0372670807456,259665,259280,260,322
52,2520.3851132686086,2459.401294498382,259667,,261,309
52,2541.328947368421,2483.8355263157896,259668,259276,250,304
52,2529.4847512038523,2508.247191011236,259671,259286,252,623
52,2515.774025974026,2553.1584415584416,259672,259287,242,770
52,2480.271119842829,2673.628683693517,259679,259294,255,509
52,2487.3427672955977,2628.672955974843,259680,259295,256,318
52,2556.7064846416383,2673.0460750853244,259683,259298,253,586
52,2546.1257731958763,2693.274226804124,259684,259299,254,485
52,2514.673076923077,2633.6608391608393,259688,259303,245,572
52,2571.177829099307,2584.242494226328,259690,259305,257,433
52,2547.7982646420824,2617.6789587852495,259691,259306,258,461
52,2581.2227342549922,2616.7219662058374,259697,259312,247,651
52,2532.057142857143,2653.957142857143,259700,259313,248,140
52,2510.7419354838707,2678.2129032258063,259701,,262,155
53,2473.3096446700506,2503.6370558375634,260048,259663,259,394
53,2478.84375,2480.3607954545455,260050,259665,260,352
53,2515.920127795527,2460.073482428115,260052,259667,261,313
53,2540.683673469388,2482.9149659863947,260053,259668,250,294
53,2529.3282828282827,2509.313131313131,260056,259671,252,594
53,2513.470223325062,2550.4032258064517,260057,259672,242,806
53,2477.272,2673.908,260064,259679,255,500
53,2486.9415584415583,2629.4935064935066,260065,259680,256,308
53,2555.6379928315414,2671.1218637992833,260068,259683,253,558
53,2547.2345679012346,2691.528806584362,260069,259684,254,486
53,2513.381205673759,2635.1418439716313,260073,259688,245,564
53,2572.485193621868,2582.3029612756263,260075,259690,257,439
53,2544.6021276595743,2621.304255319149,260076,259691,258,470
53,2578.2238095238095,2618.184126984127,260082,259697,247,630
53,2532.4204545454545,2660.844697,260085,259700,248,264
53,2507.5826446280994,2683.3677685950415,260086,259701,262,242
54,2471.844705882353,2500.595294117647,260428,260048,259,425
54,2484.443243243243,2485.237837837838,260430,260050,260,370
54,2518.6435986159167,2457.159169550173,260432,260052,261,289
54,2538.276397515528,2484.88198757764,260433,260053,250,322
54,2532.973076923077,2514.9596153846155,260436,260056,252,520
54,2514.1735218508998,2551.8804627249356,260437,260057,242,778
54,2480.2842105263157,2672.6105263157897,260444,260064,255,475
54,2488.768987341772,2630.6139240506327,260445,260065,256,316
54,2557.8297491039425,2671.1164874551973,260448,260068,253,558
54,2547.7495291902073,2692.1224105461392,260449,260069,254,531
54,2516.066326530612,2634.081632653061,260453,260073,245,588
54,2578.0063025210084,2585.59243697479,260455,260075,257,476
54,2548.9834024896263,2616.205394190871,260456,260076,258,482
54,2578.477638640429,2624.5295169946335,260462,260082,247,559
54,2534.7875,2661.43125,260465,260085,248,320
54,2506.6283783783783,2684.4797297297296,260466,260086,262,296
55,2470.997792494481,2501.4613686534217,260808,260428,259,453
55,2484.0227272727275,2486.918181818182,260810,260430,260,440
55,2520.9646302250803,2460.807073954984,260812,260432,261,311
55,2537.660056657224,2483.130311614731,260813,260433,250,353
55,2530.1610486891386,2512.0823970037454,260816,260436,252,534
55,2513.7096774193546,2550.2311827956987,260817,260437,242,744
55,2481.22653061,2670.24693877551,260824,260444,255,490
55,2491.1702127659573,2627.4650455927053,260825,260445,256,329
55,2557.890625,2670.5763888888887,260828,260448,253,576
55,2550.1297709923665,2691.8568702290077,260829,260449,254,524
55,2515.9236111111113,2633.230902777778,260833,260453,245,576
55,2587.9701834862385,2589.3784403669724,260835,260455,257,436
55,2555.661508704062,2610.2882011605416,260836,260456,258,517
55,2578.516129032258,2623.594470046083,260842,260462,247,217
55,2535.3506097560976,2659.8414634146343,260845,260465,248,328
55,2504.4518072289156,2683.6445783,260846,260466,262,332
56,2471.71235521,2501.515444015444,261188,260808,259,518
56,2485.9547413793102,2487.280172413793,261190,260810,260,464
56,2519.990291262136,2460.5728155339807,261192,260812,261,309
56,2539.906626506024,2481.72891566,261193,260813,250,332
56,2532.2621185,2512.861759425494,261196,260816,252,557
56,2511.4312320916906,2553.495702005731,261197,260817,242,698
56,2481.4386317907447,2666.7404426559356,261204,260824,255,497
56,2490.1070336391435,2627.400611620795,261205,260825,256,327
56,2557.296428571429,2670.192857142857,261208,260828,253,560
56,2549.609576427256,2691.366482504604,261209,260829,254,543
56,2515.4461538461537,2632.3333333333335,261213,260833,245,585
56,2587.401886792453,2584.554716981132,261215,260835,257,530
56,2557.5903165735567,2615.389199255121,261216,260836,258,537
56,2533.5925925925926,2657.777777777778,261225,260845,248,351
56,2502.9141274238227,2682.5983379501386,261226,260846,262,361
56,2586.9612068965516,2608.780172413793,261228,260842,263,232
56,2570.488151658768,2636.142180094787,261229,260842,264,211
57,2472.532,2503.152,261568,261188,259,500
57,2481.660173160173,2484.6731601731603,261570,261190,260,462
57,2521.7739938080495,2463.65944272,261572,261192,261,323
57,2541.5225988700563,2479.72316384,261573,261193,250,354
57,2534.0427631578946,2513.184210526316,261576,261196,252,608
57,2512.9078014184397,2558.472813238771,261577,261197,242,423
57,2481.087591240876,2665.418491484185,261584,261204,255,411
57,2488.6052631578946,2632.938596491228,261585,261205,256,342
57,2558.684210526316,2669.6701754385967,261588,261208,253,570
57,2548.611888111888,2691.8583916083917,261589,261209,254,572
57,2515.330985915493,2633.955985915493,261593,261213,245,568
57,2585.390374331551,2584.812834224599,261595,261215,257,561
57,2554.7274436090224,2614.7105263157896,261596,261216,258,532
57,2535.2542787286066,2655.9364303178486,261605,261225,248,409
57,2502.689189189189,2682.4756756756756,261606,261226,262,370
57,2588.5240384615386,2608.581730769231,261608,261228,263,208
57,2574.6689655172413,2634.5344827586205,261609,261229,264,290
58,2470.252354048964,2503.9114877589454,261948,261568,259,531
58,2481.5875486381324,2486.2140077821014,261950,261570,260,514
58,2523.577142857143,2466.2,261952,261572,261,350
58,2542.3447368421052,2479.18421053,261953,261573,250,380
58,2538.6003490401395,2519.6492146596856,261956,261576,252,573
58,2496.098039215686,2541.720588235294,261959,,265,204
58,2523.9950248756218,2559.935323383085,261961,261577,242,201
58,2477.8333333333335,2662.822751322751,261964,261584,255,378
58,2484.2916666666665,2630.2916666666665,261965,261585,256,336
58,2556.5794701986756,2669.6523178807947,261968,261588,253,604
58,2547.4091710758375,2691.7601410934744,261969,261589,254,567
58,2512.7090301003345,2635.764214046823,261973,261593,245,598
58,2590.3948339483395,2584.8025830258302,261975,261595,257,542
58,2556.223484848485,2611.369318181818,261976,261596,258,528
58,2534.7244444444445,2654.291111111111,261985,261605,248,450
58,2500.9111675126906,2681.7741116751267,261986,261606,262,394
58,2594.366533864542,2612.2509960159364,261988,261608,263,251
58,2573.6205673758864,2633.3652482269504,261989,261609,264,282
59,2470.7078651685392,2504.6629213483147,262328,261948,259,534
59,2477.697628458498,2484.6422924901185,262330,261950,260,506
59,2517.086387434555,2461.9659685863876,262332,261952,261,382
59,2547.1831683168316,2473.4331683168316,262333,261953,250,404
59,2537.618657937807,2520.6153846153848,262336,261956,252,611
59,2492.3032069970845,2547.737609329446,262339,261959,265,343
59,2523.6685236768803,2558.7632311977713,262341,261961,242,359
59,2478.4773269689736,2662.546539379475,262344,261964,255,419
59,2487.3061889250816,2630.00325732899,262345,261965,256,307
59,2558.051369863014,2669.849315068493,262348,261968,253,584
59,2547.3153456998316,2691.7133220910623,262349,261969,254,593
59,2514.2362344582593,2633.632326820604,262353,261973,245,563
59,2588.156474820144,2583.3039568345325,262355,261975,257,556
59,2555.058365758755,2604.535019455253,262356,261976,258,514
59,2535.391799544419,2653.382687927107,262365,261985,248,439
59,2501.503759398496,2681.122807017544,262366,261986,262,399
59,2592.983333333333,2611.8433333333332,262368,261988,263,300
59,2570.8064516129034,2635.6193548387096,262369,261989,264,310
60,2463.6419294990724,2502.5361781076067,262708,262328,259,539
60,2482.371769383698,2485.6679920477136,262710,262330,260,503
60,2514.507972665148,2461.9362186788153,262712,262332,261,439
60,2547.1005586592178,2470.6843575418993,262713,262333,250,358
60,2540.83676703645,2518.9080824088746,262716,262336,252,631
60,2493.5538847117796,2551.1203007518798,262719,262339,265,399
60,2525.1912832929784,2560.55205811138,262721,262341,242,413
60,2476.9187817258885,2663.241116751269,262724,262344,255,394
60,2488.0093457943926,2631.6230529595014,262725,262345,256,321
60,2557.9405594405594,2668.896853146853,262728,262348,253,572
60,2547.8076285240463,2690.49087893864,262729,262349,254,603
60,2511.825771324864,2635.7350272232306,262733,262353,245,551
60,2585.1436170212764,2584.54609929078,262735,262355,257,564
60,2552.662477558348,2602.5008976660683,262736,262356,258,557
60,2536.8615702479337,2646.9070247933882,262745,262365,248,484
60,2500.5724137931034,2682.574712643678,262746,262366,262,435
60,2594.9651162790697,2611.1773255813955,262748,262368,263,344
60,2569.622807017544,2636.0555555555557,262749,262369,264,342
61,2464.7072727272725,2501.2381818181816,263088,262708,259,550
61,2488.8418079096045,2483.244821092279,263090,262710,260,531
61,2520.086956521739,2457.5815217391305,263092,262712,261,368
61,2547.0870712401056,2471.0158311345645,263093,262713,250,379
61,2541.749235474006,2515.952599388379,263096,262716,252,654
61,2494.319612590799,2554.46004842615,263099,262719,265,413
61,2529.1622911694512,2561.6825775656325,263101,262721,242,419
61,2477.923076923077,2668.007957559682,263104,262724,255,377
61,2480.6439169139467,2633.3412462908013,263105,262725,256,337
61,2558.625806451613,2667.8129032258066,263108,262728,253,620
61,2549.8694915254237,2689.371186440678,263109,262729,254,590
61,2510.4007029876975,2636.0931458699474,263113,262733,245,569
61,2582.008347245409,2586.010016694491,263115,262735,257,599
61,2547.7137745974956,2604.026833631485,263116,262736,258,559
61,2540.682474226804,2646.7896907216495,263125,262745,248,485
61,2502.9590361445785,2681.1879518072287,263126,262746,262,415
61,2592.4588528678305,2609.5486284289277,263128,262748,263,401
61,2572.8523076923075,2636.1753846153847,263129,262749,264,325
62,2463.608013937282,2499.245644599303,263468,263088,259,574
62,2489.6501831501832,2481.5201465201467,263470,263090,260,546
62,2525.321533923304,2450.1297935103244,263472,263092,261,339
62,2541.435207823961,2469.6430317848412,263473,263093,250,409
62,2540.379104477612,2511.0268656716416,263476,263096,252,670
62,2495.2379958246347,2554.2588727,263479,263099,265,479
62,2530.680525164114,2556.3522975929977,263481,263101,242,457
62,2476.632754342432,2668.895781637717,263484,263104,255,403
62,2482.7193548387095,2632.5225806451613,263485,263105,256,310
62,2558.6678700361012,2666.01083032491,263488,263108,253,554
62,2548.0605042016805,2687.2285714285713,263489,263109,254,595
62,2510.5,2635.6666666666665,263493,263113,245,522
62,2580.605954465849,2580.0105078809106,263495,263115,257,571
62,2545.9351535836176,2606.0307167235496,263496,263116,258,586
62,2537.4156626506024,2650.9979919678717,263505,263125,248,498
62,2501.916461916462,2679.4299754299755,263506,263126,262,407
62,2589.2708860759494,2608.6455696202534,263508,263128,263,395
62,2570.693939393939,2636.642424242424,263509,263129,264,330
63,2464.510054844607,2498.65447898,263848,263468,259,547
63,2488.3417266187053,2479.88309352518,263850,263470,260,556
63,2530.9721448467967,2446.7465181058496,263852,263472,261,359
63,2540.141891891892,2470.5225225225226,263853,263473,250,444
63,2536.90977443609,2509.2015037593983,263856,263476,252,665
63,2497.0943396226417,2557.0859538784066,263859,263479,265,477
63,2530.6673640167364,2549.460251046025,263861,263481,242,478
63,2476.8197115384614,2668.6802884615386,263864,263484,255,416
63,2484.3548387096776,2630.835483870968,263865,263485,256,310
63,2556.3351851851853,2668.1703703703706,263868,263488,253,540
63,2554.744094488189,2686.897637795276,263869,263489,254,508
63,2513.5349716446126,2633.1285444234404,263873,263493,245,529
63,2581.563973063973,2581.0387205387206,263875,263495,257,594
63,2544.3946037099495,2602.2276559865095,263876,263496,258,593
63,2540.1876208897484,2650.557059961315,263885,263505,248,517
63,2503.2380952380954,2670.7683982683984,263886,263506,262,462
63,2587.2688442211056,2608.7236180904524,263888,263508,263,398
63,2573.6925373134327,2633.976119402985,263889,263509,264,335
64,2462.6593959731545,2495.6308724832215,264228,263848,259,596
64,2491.791150442478,2477.1982300884956,264230,263850,260,565
64,2532.221945137157,2444.6209476309227,264232,263852,261,401
64,2548.027932960894,2468.1899441340784,264233,263853,250,358
64,2536.8970149253732,2507.373134328358,264236,263856,252,670
64,2499.513292433538,2558.1370143149284,264239,263859,265,489
64,2527.132437619962,2546.1074856046066,264241,263861,242,521
64,2480.88918206,2673.9129287598944,264244,263864,255,379
64,2483.2835365853657,2630.2134146341464,264245,263865,256,328
64,2555.2089844,2668.5253906,264248,263868,253,512
64,2559.148535564854,2683.671548117155,264249,263869,254,478
64,2511.4849785407723,2635.5236051502147,264253,263873,245,233
64,2582.890410958904,2576.7636985999998,264255,263875,257,584
64,2542.697278911565,2601.7482993197277,264256,263876,258,588
64,2540.078028747433,2651.9034907597534,264265,263885,248,487
64,2506.58085106383,2660.304255319149,264266,263886,262,470
64,2585.640506329114,2605.5012658227847,264268,263888,263,395
64,2578.768996960486,2630.5440729483284,264269,263889,264,329
65,2462.4566666666665,2495.2283333333335,264616,264228,259,600
65,2491.8913412563666,2475.6706281833617,264618,264230,260,589
65,2519.1583578,2468.7184750733136,264620,,266,341
65,2543.322033898305,2461.271186440678,264621,264233,250,413
65,2537.295588235294,2509.25,264624,264236,252,680
65,2500.365269461078,2560.129740518962,264627,264239,265,501
65,2522.08818011257,2544.8499061913694,264629,264241,242,533
65,2480.5454545454545,2675.6519480519482,264632,264244,255,385
65,2483.4397590361446,2627.3373493975905,264633,264245,256,332
65,2555.463687150838,2668.3296089385476,264636,264248,253,537
65,2559.3841201716737,2684.1416309012875,264637,264249,254,466
65,2581.3931034482757,2576.3931034482757,264643,264255,257,580
65,2538.979661016949,2596.9610169491525,264644,264256,258,590
65,2498.9441340782123,2640.4189944134077,264646,264253,245,179
65,2513.1428571428573,2608.746543778802,264647,,267,217
65,2536.891489361702,2651.691489361702,264653,264265,248,470
65,2505.490909090909,2660.343434343434,264654,264266,262,495
65,2582.8770053475937,2603.938502673797,264656,264268,263,374
65,2576.1978319783198,2628.6720867208674,264657,264269,264,369
66,2462.643533123028,2493.865930599369,265004,264616,259,634
66,2487.273519163763,2478.677700348432,265006,264618,260,574
66,2518.506234413965,2471.3316708229427,265008,264620,266,401
66,2545.110552763819,2459.241206030151,265009,264621,250,398
66,2539.0374812593705,2511.2188905547227,265012,264624,252,667
66,2503.648,2562.996,265015,264627,265,500
66,2519.214920071048,2542.2042628774425,265017,264629,242,563
66,2481.473404255319,2676.497340425532,265020,264632,255,376
66,2482.969696969697,2626.808080808081,265021,264633,256,297
66,2557.3564547206165,2666.5799614643547,265024,264636,253,519
66,2560.162447257384,2682.805907172996,265025,264637,254,474
66,2583.242144177449,2574.641404805915,265031,264643,257,541
66,2539.1631944444443,2596.3975694444443,265032,264644,258,576
66,2500.5120967741937,2638.9314516129034,265034,264646,245,248
66,2512.910714285714,2612.425,265035,264647,267,280
66,2536.177777777778,2652.2747474747475,265041,264653,248,495
66,2504.951063829787,2665.0702127659574,265042,264654,262,470
66,2583.7433862433863,2602.746031746032,265044,264656,263,378
66,2575.5153846153844,2627.14358974359,265045,264657,264,390
67,2462.0183946488296,2494.3879598662206,265392,265004,259,598
67,2486.764705882353,2477.183391,265394,265006,260,578
67,2519.6518987341774,2473.559071729958,265396,265008,266,474
67,2546.905027932961,2465.6620111731845,265397,265009,250,358
67,2541.434074074074,2514.8133333333335,265400,265012,252,675
67,2503.2368932038835,2560.411650485437,265403,265015,265,515
67,2518.163732394366,2539.492957746479,265405,265017,242,568
67,2483.5689223057643,2680.1754385964914,265408,265020,255,399
67,2484.7443365695794,2625.6278317152105,265409,265021,256,309
67,2558.2164750957854,2665.5613026819924,265412,265024,253,522
67,2560.450431034483,2682.239224137931,265413,265025,254,464
67,2582.9592592592594,2574.687037037037,265419,265031,257,540
67,2538.526405451448,2597.9420783645655,265420,265032,258,587
67,2498.27607362,2644.3435582822085,265422,265034,245,326
67,2512.091503267974,2611.950980392157,265423,265035,267,306
67,2538.2262626262627,2651.741414141414,265429,265041,248,495
67,2506.987068965517,2668.310344827586,265430,265042,262,464
67,2584.8697916666665,2601.6510416666665,265432,265044,263,384
67,2571.8863049095607,2624.2894056847545,265433,265045,264,387
68,2461.5433070866143,2494.0992126,265779,265392,259,635
68,2486.5160202360876,2476.878583473862,265781,265394,260,593
68,2516.257692307692,2476.0538461538463,265783,265396,266,520
68,2541.1297709923665,2464.7379134860053,265784,265397,250,393
68,2540.355072463768,2515.3463768115944,265787,265400,252,690
68,2504.0801526717555,2561.8549618320612,265790,265403,265,524
68,2519.332669322709,2543.639442231076,265792,265405,242,502
68,2485.0579345088163,2680.559194,265795,265408,255,397
68,2486.69732938,2623.632047477745,265796,265409,256,337
68,2556.5546075085326,2665,265799,265412,253,586
68,2565.177966101695,2682.654237288136,265800,265413,254,590
68,2581.897435897436,2574.736263736264,265806,265419,257,546
68,2539.762152777778,2601.2204861111113,265807,265420,258,576
68,2493.111420612813,2643.8050139275765,265809,265422,245,359
68,2513.648414985591,2610.207492795389,265810,265423,267,347
68,2538.5686274509803,2649.448179271709,265816,265429,248,357
68,2508.7842741935483,2665.6068548387098,265817,265430,262,496
68,2597.4927113702624,2599.7259475218657,265819,265432,263,343
68,2571.233890214797,2622.2362768,265820,265433,264,419
69,2463.1900958466454,2493.776357827476,266166,265779,259,626
69,2488.40734557596,2475.746243739566,266168,265781,260,599
69,2514.185606060606,2477.0492424242425,266170,265783,266,528
69,2541.35593220339,2465.576271186441,266171,265784,250,413
69,2540.6822157434403,2516.349854227405,266174,265787,252,686
69,2490.01956522,2560.404347826087,266177,265790,265,460
69,2517.0912621359225,2543.6815533980584,266179,265792,242,515
69,2486.0075949367088,2680.721518987342,266182,265795,255,395
69,2484.327974276527,2625.418006430868,266183,265796,256,311
69,2555.8802488335923,2664.9595645412132,266186,265799,253,643
69,2568.629116117851,2681.0675909878682,266187,265800,254,577
69,2582.332703213611,2574.6767485822306,266193,265806,257,529
69,2539.51993067591,2597.951473136915,266194,265807,258,577
69,2492.68404908,2644.0184049079753,266196,265809,245,326
69,2512.0581039755352,2610.581039755352,266197,265810,267,327
69,2539.634328358209,2644.497512437811,266203,265816,248,402
69,2511.5127701375245,2665.4440078585462,266204,265817,262,509
69,2594.7918918918917,2597.7648648648646,266206,265819,263,370
69,2574.177033492823,2626.2942583732056,266207,265820,264,418
70,2462.322006472492,2494.2686084142397,266553,266166,259,618
70,2487.703642384106,2477.0496688741723,266555,266168,260,604
70,2511.5106382978724,2480.941489361702,266557,266170,266,564
70,2538.964509394572,2465.3528183716076,266558,266171,250,479
70,2539.9667149059333,2516.0318379160635,266561,266174,252,691
70,2481.007561436673,2569.132325141777,266564,266177,265,529
70,2516.277673545966,2544.5572232645404,266566,266179,242,533
70,2484.492307692308,2682.279487179487,266569,266182,255,390
70,2484.51410658,2624.6739811912225,266570,266183,256,319
70,2556.2319277108436,2665.359939759036,266573,266186,253,664
70,2569.49063032368,2681.7785349,266574,266187,254,587
70,2583.6486486486488,2575.69009009009,266580,266193,257,555
70,2535.652727272727,2600.9327272727273,266581,266194,258,550
70,2491.33426183844,2644.8523676880222,266583,266196,245,359
70,2509.1584415584416,2604.187013,266584,266197,267,385
70,2540.2568578553614,2639.216957605985,266590,266203,248,401
70,2511.7226563,2669.0449219,266591,266204,262,512
70,2595.4489311163898,2596.874109263658,266593,266206,263,421
70,2573.8450363196125,2624.3075060532688,266594,266207,264,413
71,2463.0870279146143,2493.246305418719,266940,266553,259,609
71,2488.5736040609136,2472.245346869712,266942,266555,260,591
71,2509.623076923077,2479.201923076923,266944,266557,266,520
71,2536.1694214876034,2464.4235537190084,266945,266558,250,484
71,2538.8975817923188,2516.1507823613088,266948,266561,252,703
71,2473.9576427255984,2570.6906077348067,266951,266564,265,543
71,2510.658490566038,2544.8867924528304,266953,266566,242,530
71,2484.7506112469437,2683.210268948655,266956,266569,255,409
71,2485.2283950617284,2625.6481481481483,266957,266570,256,324
71,2555.9522431259047,2664.0014471780028,266960,266573,253,691
71,2569.7272727272725,2681.0470779220777,266961,266574,254,616
71,2581.49203539823,2574.762831858407,266967,266580,257,565
71,2535.1288566243193,2598.7731397459165,266968,266581,258,551
71,2491.068376068376,2643.162393162393,266970,266583,245,351
71,2510.5720430107526,2599.5225806451613,266971,266584,267,465
71,2541.8655256723714,2630.5599022,266977,266590,248,409
71,2512.530612244898,2667.6586270871985,266978,266591,262,539
71,2594.956632653061,2593.872448979592,266980,266593,263,392
71,2576.3370535714284,2623.6004464285716,266981,266594,264,448
72,2466.450406504065,2494.6585365853657,267327,266940,259,615
72,2491.6459731543623,2471.5637583892617,267329,266942,260,596
72,2510.3576158940396,2481.679911699779,267331,266944,266,453
72,2538.0633946830267,2464.55623722,267332,266945,250,489
72,2539.3025936599424,2515.0172910662823,267335,266948,252,694
72,2470.7836363636366,2577.590909090909,267338,266951,265,550
72,2508.6486988847582,2542.1375464684015,267340,266953,242,538
72,2486.007462686567,2684.223880597015,267343,266956,255,402
72,2487.882716049383,2623.645061728395,267344,266957,256,324
72,2557.2906626506024,2664.98343373494,267347,266960,253,664
72,2572.7911908646,2681.0766721044047,267348,266961,254,613
72,2581.540834845735,2573.869328493648,267354,266967,257,551
72,2535.845117845118,2595.0185185185187,267355,266968,258,594
72,2491.1129943502824,2642.9209039548023,267357,266970,245,354
72,2509.3931623931626,2598.440170940171,267358,266971,267,468
72,2543.711409395973,2628.460850111857,267364,266977,248,447
72,2513.4466911764707,2667.8069852941176,267365,266978,262,544
72,2592.243718592965,2596,267367,266980,263,398
72,2574.74251497006,2625.925149700599,267368,266981,264,334
73,2464.9414556962024,2494.41139241,267714,267327,259,632
73,2490.196808510638,2471.3120567375886,267716,267329,260,564
73,2505.7440347071583,2486.232104121475,267718,267331,266,461
73,2532.361216730038,2465.0114068441067,267719,267332,250,526
73,2536.296402877698,2512.5726618705035,267722,267335,252,695
73,2467.573529411765,2577.7738970588234,267725,267338,265,544
73,2507.4442567567567,2538.9510135135133,267727,267340,242,592
73,2483.2118226600987,2683.3965517241377,267730,267343,255,406
73,2485.2052117263843,2624.2638436482084,267731,267344,256,307
73,2555.5414110429447,2664.0659509202455,267734,267347,253,652
73,2570.7924528301887,2680.0990566037735,267735,267348,254,636
73,2580.245704467354,2574.6219931271476,267741,267354,257,582
73,2533.4655737704916,2592.749180327869,267742,267355,258,610
73,2491.3055555555557,2641.847222222222,267744,267357,245,360
73,2504.737634408602,2598.4021505376345,267745,267358,267,465
73,2543.089156626506,2628.077108433735,267751,267364,248,415
73,2510.965714285714,2669.024761904762,267752,267365,262,525
73,2587.643203883495,2597.5412621359224,267754,267367,263,412
73,2572.1453634085215,2629.6065162907266,267755,267368,264,399
74,2467.367249602544,2493.4658187599366,268101,267714,259,629
74,2492.9774696707104,2467.3951473136917,268103,267716,260,577
74,2504.5235849056603,2487.367924528302,268105,267718,266,424
74,2534.3033268101763,2466.80821918,268106,267719,250,511
74,2537.1819484240687,2513.3782235,268109,267722,252,698
74,2464.030088495575,2578.145132743363,268112,267725,265,565
74,2507.0646853146854,2536.7325174825173,268114,267727,242,572
74,2483.0286396181386,2682.107398568019,268117,267730,255,419
74,2484.793442622951,2625.616393442623,268118,267731,256,305
74,2557.6079881656806,2662.4304733727813,268121,267734,253,676
74,2571.9769585253457,2680.8294930875577,268122,267735,254,651
74,2584.473043478261,2574.573913043478,268128,267741,257,575
74,2534.8918032786887,2587.4540983606557,268129,267742,258,610
74,2494.5054644808743,2641.117486338798,268131,267744,245,366
74,2506.3765432098767,2600.008230452675,268132,267745,267,486
74,2542.6353211009173,2627.302752293578,268138,267751,248,436
74,2513.433145009416,2669.276836158192,268139,267752,262,531
74,2585.0671641791046,2597.542288557214,268141,267754,263,402
74,2573.977375565611,2627.5791854999998,268142,267755,264,442
75,2468.2132231404958,2491.9537190082647,268488,268101,259,605
75,2493.64039408867,2466.538587848933,268490,268103,260,609
75,2505.3645320197043,2487.305418719212,268492,268105,266,406
75,2534.7543520309478,2465.145067698259,268493,268106,250,517
75,2537.7637906647806,2513.6166902404525,268496,268109,252,707
75,2462.30139373,2578.3118466898954,268499,268112,265,574
75,2505.2732142857144,2535.3928571428573,268501,268114,242,560
75,2483.2995169082124,2681.9830917874397,268504,268117,255,414
75,2486.7841945288756,2623.90273556231,268505,268118,256,329
75,2556.6077170418007,2663.5498392282957,268508,268121,253,622
75,2572.481818181818,2680.198484848485,268509,268122,254,660
75,2584.8434782608697,2573.0643478260868,268515,268128,257,575
75,2532.8063973063972,2584.5690235690236,268516,268129,258,594
75,2496.01222494,2641.7848410757947,268518,268131,245,409
75,2503.609375,2597.515625,268519,268132,267,512
75,2541.075055187638,2627.7417218543046,268525,268138,248,453
75,2513.1138059701493,2667.9850746268658,268526,268139,262,536
75,2581.59,2595.3425,268528,268141,263,400
75,2571.150357995227,2626.9379474940333,268529,268142,264,419
76,2468.65353038,2494.81280788,268875,268488,259,609
76,2494.3509316770187,2466.1506211180126,268877,268490,260,644
76,2507.870159453303,2490.7949886104784,268879,268492,266,439
76,2533.4812734082398,2465.5486891385767,268880,268493,250,534
76,2538.206847360913,2518.4479315263907,268883,268496,252,701
76,2462.125912408759,2584.7974452554745,268886,268499,265,548
76,2495.9174484052533,2534.493433395872,268888,268501,242,533
76,2482.3984575835475,2683.401028277635,268891,268504,255,389
76,2484.567741935484,2622.032258064516,268892,268505,256,310
76,2555.3978494623657,2666.400921658986,268895,268508,253,651
76,2571.946564885496,2681.960305343511,268896,268509,254,655
76,2583.580034423408,2574.5215146299483,268902,268515,257,581
76,2531.6868852459015,2586.198360655738,268903,268516,258,610
76,2495.9491916859124,2642.1362586605082,268905,268518,245,433
76,2500.9092627599243,2594.361058601134,268906,268519,267,529
76,2542.1405529953918,2628.336405529954,268912,268525,248,434
76,2512.5465949820787,2668.405017921147,268913,268526,262,558
76,2578.289855072464,2596.1207729468597,268915,268528,263,414
76,2570.4174311926604,2629.4954128440368,268916,268529,264,436
77,2469.2379562043798,2494.80145985,269262,268875,259,685
77,2495.0850722311397,2465.21990369,269264,268877,260,623
77,2508.0112107623318,2490.540358744395,269266,268879,266,446
77,2532.672967863894,2465.196597353497,269267,268880,250,529
77,2538.056439942113,2518.27496382055,269270,268883,252,691
77,2457.407272727273,2590.4763636363637,269273,268886,265,550
77,2489.3841807909603,2529.3596986817324,269275,268888,242,531
77,2481.712895377129,2682.323601,269278,268891,255,411
77,2484.440129449838,2623.537216828479,269279,268892,256,309
77,2556.4177852348994,2666.3640939597317,269282,268895,253,596
77,2572.080370942813,2681.4389489953633,269283,268896,254,647
77,2583.523396880416,2573.719237435009,269289,268902,257,577
77,2530.470588235294,2582.084775086505,269290,268903,258,578
77,2497.01735358,2641.8134490238613,269292,268905,245,461
77,2501.542342342342,2594.5891891891893,269293,268906,267,555
77,2541.5228758169933,2631.9934640522874,269299,268912,248,459
77,2511.9139194139193,2670.0018315018315,269300,268913,262,546
77,2578.125641025641,2593.976923076923,269302,268915,263,390
77,2570.453488372093,2627.155813953488,269303,268916,264,430
78,2470.023923444976,2494.5566188197768,269642,269262,259,627
78,2495.9921135646687,2464.758675078864,269644,269264,260,634
78,2509.7165532879817,2491.4557823129253,269646,269266,266,441
78,2533.534749034749,2463.5830115830117,269647,269267,250,518
78,2538.885057471264,2518.2916666666665,269650,269270,252,696
78,2453.7845601436265,2594.67684021544,269653,269273,265,557
78,2482.13909774,2528.5375939849623,269655,269275,242,532
78,2482.3047619,2682.192857142857,269658,269278,255,420
78,2483.9303797468356,2623.8259493670885,269659,269279,256,316
78,2562.2681660899652,2662.470588235294,269662,269282,253,578
78,2572.422188,2682.1294298921416,269663,269283,254,649
78,2584.2118055555557,2572.8298611111113,269669,269289,257,576
78,2529.108581436077,2580.9334500875657,269670,269290,258,571
78,2498.3525498891354,2641.0731707317073,269672,269292,245,451
78,2500.1022304832713,2594.3587360594797,269673,269293,267,538
78,2541.1912832929784,2633.583535108959,269679,269299,248,413
78,2512.7675675675678,2671.1153153153155,269680,269300,262,555
78,2577.7809278350514,2591.814432989691,269682,269302,263,388
78,2569.9296375266526,2626.8017057569296,269683,269303,264,469
79,2469.621745788668,2495.346094946401,270014,269642,259,653
79,2493.96875,2459.540625,270016,269644,260,640
79,2507.022123893805,2490.82079646,270018,269646,266,452
79,2532.4686274509804,2462.6313725490195,270019,269647,250,510
79,2539.1350954478708,2515.224669603524,270022,269650,252,681
79,2450.8879159369526,2597.4255691768826,270025,269653,265,571
79,2473.826003824092,2524.300191204589,270027,269655,242,523
79,2480.5724465558196,2680.524940617577,270030,269658,255,421
79,2483.3343848580444,2620.6624605678235,270031,269659,256,317
79,2564.5221843003415,2659.9778156996585,270034,269662,253,586
79,2570.7858243451465,2682.431432973806,270035,269663,254,649
79,2582.3231810490693,2572.849407783418,270041,269669,257,591
79,2526.9549248747912,2579.2954924874794,270042,269670,258,599
79,2497.271948608137,2641.0128479657387,270044,269672,245,467
79,2496.9454191033137,2593.358674463938,270045,269673,267,513
79,2539.695464362851,2630.7408207343415,270051,269679,248,463
79,2512.162062615101,2672.7053406998157,270052,269680,262,543
79,2574.695852534562,2593.7073732718895,270054,269682,263,434
79,2570.2651821862346,2628.821862348178,270055,269683,264,494
80,2469.82802548,2494.91242038,270386,270014,259,628
80,2493.8684627575276,2460.321711568938,270388,270016,260,631
80,2506.8747252747253,2490.7736263736265,270390,270018,266,455
80,2532.054307116105,2461.7247191,270391,270019,250,534
80,2538.725321888412,2515.505007153076,270394,270022,252,699
80,2447.386243386243,2603.3086419753085,270397,270025,265,567
80,2467.86862745,2521.225490196078,270399,270027,242,510
80,2479.6634615384614,2679.8485576923076,270402,270030,255,416
80,2482.7837837837837,2624.2972972972975,270403,270031,256,296
80,2567.1599353796446,2658.7867528271404,270406,270034,253,619
80,2570.03317535545,2683.6018957345973,270407,270035,254,633
80,2582.7964601769913,2573.5557522123895,270413,270041,257,565
80,2526.176895306859,2576.202166064982,270414,270042,258,554
80,2497.3333333333335,2640.4831223628694,270416,270044,245,474
80,2497.2289803220037,2591.8783542039355,270417,270045,267,559
80,2539.692468619247,2629.4853556485355,270423,270051,248,478
80,2511.9477477477476,2674.810810810811,270424,270052,262,555
80,2574.2488479262674,2592.9308755760367,270426,270054,263,434
80,2569.3777777777777,2628.731313131313,270427,270055,264,495
81,2470.2028301886794,2495.2264150943397,270758,270386,259,636
81,2494.30279503,2459.6257763975154,270760,270388,260,644
81,2506.6393805309735,2490.8384955752213,270762,270390,266,452
81,2533.3382899628255,2462.806691449814,270763,270391,250,538
81,2538.8367052023123,2517.166184971098,270766,270394,252,692
81,2445.505154639175,2606.676975945017,270769,270397,265,582
81,2461.6943907156674,2518.831721470019,270771,270399,242,517
81,2480.1258278145697,2682.189845474614,270774,270402,255,453
81,2482.0298013245033,2622.5231788079473,270775,270403,256,302
81,2569.727115716753,2658.585492227979,270778,270406,253,579
81,2570.0388802488337,2685.138413685848,270779,270407,254,643
81,2582.6230636833047,2573.8502581755592,270785,270413,257,581
81,2526.694885361552,2574.763668430335,270786,270414,258,567
81,2497.5173116089613,2640.953156822811,270788,270416,245,491
81,2497.5464098073553,2590.1751313485115,270789,270417,267,571
81,2539.580041580042,2627.4033264033264,270795,270423,248,481
81,2512.980108499096,2675.1211573,270796,270424,262,553
81,2574.9572072072074,2593.6644144144143,270798,270426,263,444
81,2571.771855010661,2629.8294243070363,270799,270427,264,469
82,2470.2805071315374,2496.797147385103,271130,270758,259,631
82,2493.2609375,2460.215625,271132,270760,260,640
82,2507.6933045356373,2490.974082073434,271134,270762,266,463
82,2531.876865671642,2463.5783582089553,271135,270763,250,536
82,2538.7815384615383,2516.9353846153845,271138,270766,252,650
82,2438.520458265139,2610.991816693944,271141,270769,265,611
82,2450.637867647059,2514.979779411765,271143,270771,242,544
82,2480.8268792710705,2683.73576309795,271146,270774,255,439
82,2481.1638225255974,2622.9044368600685,271147,270775,256,293
82,2570.9795918367345,2657.3061224489797,271150,270778,253,588
82,2570.1615384615384,2685.9261538461537,271151,270779,254,650
82,2582.604377104377,2573.459595959596,271157,270785,257,594
82,2522.1581818181817,2572.8927272727274,271158,270786,258,550
82,2496.4494845360823,2641.8762886597938,271160,270788,245,485
82,2495.597197898424,2588.07530647986,271161,270789,267,571
82,2539.472647702407,2628.8446389496717,271167,270795,248,457
82,2513.642599277978,2674.7111913357403,271168,270796,262,554
82,2575.112582781457,2593.673289183223,271170,270798,263,453
82,2569.5818540433925,2629.786982248521,271171,270799,264,507
83,2470.6127450980393,2495.3071895424837,271502,271130,259,612
83,2494.9397217928904,2460.003091190108,271504,271132,260,647
83,2509.4138655462184,2511.6134453781515,271506,,268,476
83,2532.256880733945,2464.5981651376146,271507,271135,250,545
83,2538.491354466859,2512.577809798271,271510,271138,252,694
83,2432.8295819935693,2615.5916398713825,271513,271141,265,622
83,2450.621818181818,2513.8927272727274,271515,271143,242,550
83,2482.995652173913,2683.6,271518,271146,255,460
83,2479.416938110749,2619.560260586319,271519,271147,256,307
83,2574.136439267887,2654.2429284525792,271522,271150,253,601
83,2571.2094488188977,2684.568503937008,271523,271151,254,635
83,2583.333904109589,2570,271529,271157,257,584
83,2524.1125198098257,2569.1521394611727,271530,271158,258,631
83,2494.7726358148893,2641.9517102615696,271532,271160,245,497
83,2495.848229342327,2586.0033726812817,271533,271161,267,593
83,2539.6972281449894,2629.993603411514,271539,271167,248,469
83,2514.253164556962,2674.227848101266,271540,271168,262,553
83,2577.76993166287,2589.751708428246,271542,271170,263,439
83,2568.9375,2628.171875,271543,271171,264,512
84,2470.4802631578946,2495.8338815789475,271874,271502,259,608
84,2492.4774494556764,2461.105754276827,271876,271504,260,643
84,2496.1776315789475,2535.527960526316,271878,,269,608
84,2530.7582417582416,2465.9871794871797,271879,271507,250,546
84,2539.640404040404,2517.0242424242424,271882,271510,252,495
84,2428.189792663477,2619.2535885167463,271885,271513,265,627
84,2452.4217081850534,2515.5462633451957,271887,271515,242,562
84,2481.878587196468,2687.3245033112585,271890,271518,255,453
84,2477.691029900332,2619.448504983389,271891,271519,256,301
84,2573.908474576271,2653.3677966101695,271894,271522,253,590
84,2569.681402439024,2685.2759146341464,271895,271523,254,656
84,2577.527731092437,2569.494117647059,271901,271529,257,595
84,2522.283531409168,2570.2597623089982,271902,271530,258,589
84,2492.0482897384304,2642.0221327967806,271904,271532,245,497
84,2493.796875,2585.9756944444443,271905,271533,267,576
84,2537.9633620689656,2630.262931034483,271911,271539,248,464
84,2513.410934744268,2675.084656084656,271912,271540,262,567
84,2577.2358079,2590.5676855895194,271914,271542,263,458
84,2566.2713755,2629.0185873605947,271915,271543,264,538
85,2472.4442595673877,2495.8535773710482,272246,271874,259,601
85,2493.8107692307694,2459.964615384615,272248,271876,260,650
85,2485.4926470588234,2555.1,272250,,270,680
85,2529.906810035842,2468.921146953405,272251,271879,250,558
85,2425.8051118210865,2622.052715654952,272257,271885,265,626
85,2458.9297012302286,2518.6133567662564,272259,271887,242,569
85,2481.90987124,2686.5150214592277,272262,271890,255,466
85,2476.918367346939,2619.5850340136053,272263,271891,256,294
85,2575.104918032787,2652.1409836065573,272266,271894,253,610
85,2569.7480680061826,2685.6352395672334,272267,271895,254,647
85,2575.63468013468,2568.621212121212,272273,271901,257,594
85,2519.6048780487804,2566.8959349593497,272274,271902,258,615
85,2491.972,2641.99,272276,271904,245,500
85,2490.1543739279587,2585.7993138936536,272277,271905,267,583
85,2536.6059999999998,2630.79,272283,271911,248,500
85,2512.6949458483755,2673.9115523465703,272284,271912,262,554
85,2579.7204081632653,2591.069387755102,272286,271914,263,490
85,2566.7926605504585,2629.5504587155965,272287,271915,264,545
85,2549.468926553672,2515.813559322034,272289,271882,252,177
85,2515.473988439306,2519.208092485549,272290,,271,173
86,2472.9839743589746,2496.2820512820513,272618,272246,259,624
86,2494.5613496932515,2460.4923312883434,272620,272248,260,652
86,2492.0268096514747,2562.563002680965,272622,272250,270,746
86,2531.0213903743315,2468.4188948306596,272623,272251,250,561
86,2425.1632,2623.4608,272629,272257,265,625
86,2456.723076923077,2518.131623931624,272631,272259,242,585
86,2483.680525164114,2687.0306345733043,272634,272262,255,457
86,2478.31325301,2618.9939759036142,272635,272263,256,332
86,2574.4612903225807,2653.1725806451614,272638,272266,253,620
86,2570.2003081664097,2685.4391371340525,272639,272267,254,649
86,2575.54,2568.84,272645,272273,257,600
86,2518.240983606557,2565.6393442622953,272646,272274,258,610
86,2492.551515151515,2643.088888888889,272648,272276,245,495
86,2490.492673992674,2588.1227106227107,272649,272277,267,546
86,2537.5461847389556,2631.6305220883532,272655,272283,248,498
86,2513.4534050179213,2674.4121863799282,272656,272284,262,558
86,2582.212981744422,2590.9898580121703,272658,272286,263,493
86,2567.7115384615386,2628.9108391608393,272659,272287,264,572
86,2547.2929688,2516.0078125,272661,272289,252,256
86,2514.1423611111113,2506.2430555555557,272662,272290,271,288
87,2473.0565428109853,2496.361873990307,273007,272618,259,619
87,2493.983231707317,2461.3506097560976,273009,272620,260,656
87,2501.474554707379,2561.4503816793895,273011,272622,270,786
87,2531.4723707664884,2468.0499108734402,273012,272623,250,561
87,2423.4789391575664,2624.6146645865833,273018,272629,265,641
87,2453.4558058925477,2514.485268630849,273020,272631,242,577
87,2484.3096234309623,2686.9623430962342,273023,272634,255,478
87,2476.598006644518,2620.6943521594685,273024,272635,256,301
87,2574.7895595,2653.1957585644373,273027,272638,253,613
87,2569.906584992343,2685.4640122511487,273028,272639,254,653
87,2575.3939899833053,2568.3756260434056,273034,272645,257,599
87,2521.2912087912086,2565.7747252747254,273035,272646,258,364
87,2492.542406311637,2643.5128205128203,273037,272648,245,507
87,2490.7274401473296,2587.403314917127,273038,272649,267,543
87,2536.6626506024095,2631.8594378,273044,272655,248,498
87,2514.053448275862,2674.4327586206896,273045,272656,262,580
87,2583.41928721174,2590.6121593291405,273047,272658,263,477
87,2566.220665499124,2628.9894921190894,273048,272659,264,571
87,2546.2673611111113,2514.3611111111113,273050,272661,252,288
87,2513.248520710059,2509.0325443786983,273051,272662,271,338
88,2468.0996677740864,2495.822259136213,273396,273007,259,602
88,2493.440909090909,2461.025757575758,273398,273009,260,660
88,2502.981581798483,2565.8223185265438,273400,273011,270,923
88,2531.487544483986,2468.693950177936,273401,273012,250,562
88,2421.937984496124,2626.460465116279,273407,273018,265,645
88,2446.7428087986464,2511.959390862944,273409,273020,242,591
88,2482.643298969072,2686.719587628866,273412,273023,255,485
88,2476.09009009009,2618.3993993993995,273413,273024,256,333
88,2576.048818897638,2651.503937007874,273416,273027,253,635
88,2569.264150943396,2685.7484277,273417,273028,254,636
88,2574.0065573770494,2568.173770491803,273423,273034,257,610
88,2519.64465408805,2565.462264150943,273424,273035,258,318
88,2491.261044176707,2645.8694779116468,273426,273037,245,498
88,2487.6766055045873,2587.105504587156,273427,273038,267,436
88,2536.017094017094,2631.6175213675215,273433,273044,248,468
88,2512.978761061947,2672.8053097345132,273434,273045,262,565
88,2582.274841437632,2592.7653276955602,273436,273047,263,473
88,2565.6254237288135,2629.501694915254,273437,273048,264,590
88,2546.8463768115944,2517.255072463768,273439,273050,252,345
88,2509.558536585366,2507.4853658536585,273440,273051,271,410
89,2468.6035398230088,2496.98584071,273785,273396,259,565
89,2494.1833590138676,2460.929121725732,273787,273398,260,649
89,2506.8431876606683,2562.2352185089976,273789,273400,272,778
89,2533.5793103448277,2466.094827586207,273790,273401,250,580
89,2419.7963525835867,2628.855623100304,273796,273407,265,658
89,2441.301854974705,2508.971332209106,273798,273409,242,593
89,2484.1991341991343,2686.625541125541,273801,273412,255,462
89,2477.551401869159,2620.8909657320874,273802,273413,256,321
89,2578.471138845554,2649.5741029641185,273805,273416,253,641
89,2569.804651162791,2684.694573643411,273806,273417,254,645
89,2575.3204508856684,2567.9291465378424,273812,273423,257,621
89,2511.4857142857145,2547.766666666667,273813,273400,273,210
89,2491.996031746032,2646.436507936508,273815,273426,245,504
89,2489.47792706334,2584.562380038388,273816,273427,267,521
89,2536.963906581741,2627.9957537154987,273822,273433,248,471
89,2515.5742397137747,2672.2397137745975,273823,273434,262,559
89,2584.159329140461,2591.937106918239,273825,273436,263,477
89,2564.4403973509934,2629.948675496689,273826,273437,264,604
89,2548.190243902439,2517.9756097560976,273828,273439,252,410
89,2508.395734597156,2509.071090047393,273829,273440,271,422
90,2467.5406301824214,2498.5605306799334,274174,273785,259,603
90,2495.46072508,2462.0181268882175,274176,273787,260,662
90,2488.976613657624,2544.7698783910196,274178,,274,1069
90,2535.678507992895,2461.5861456483126,274179,273790,250,563
90,2415.625187406297,2631.9715142428786,274185,273796,265,667
90,2434.7775974,2504.5876623376626,274187,273798,242,616
90,2484.80462185,2688.6911764705883,274190,273801,255,476
90,2475.0523255813955,2617.3837209302324,274191,273802,256,344
90,2579.142424242424,2648.6227272727274,274194,273805,253,660
90,2569.1483771251933,2685.3817619783617,274195,273806,254,647
90,2578.2596153846152,2568.709935897436,274201,273812,257,624
90,2511.5412667946257,2558.3953934740885,274202,273789,272,521
90,2491.0297619,2647.7103174603176,274204,273815,245,504
90,2487.55041322,2584.3702479338845,274205,273816,267,605
90,2535.7897959183674,2629.7673469387755,274211,273822,248,490
90,2514.702166064982,2673.4711191,274212,273823,262,554
90,2582.8141962421714,2592.830897703549,274214,273825,263,479
90,2562.464401294498,2631.2653721682846,274215,273826,264,618
90,2550.554565701559,2522.15144766147,274217,273828,252,449
90,2510.293388429752,2511.8471074380163,274218,273829,271,484
91,2466.9095477386936,2497.614740368509,274563,274174,259,597
91,2496.8995433789955,2460.03500761035,274565,274176,260,657
91,2494.186936936937,2556.115990990991,274567,274178,274,888
91,2536.2733686067018,2459.8818342151676,274568,274179,250,567
91,2414.560902255639,2634.0255639097745,274575,274185,265,665
91,2431.717741935484,2501.8322580645163,274576,274187,242,620
91,2488.619469026549,2690.8539823,274579,274190,255,452
91,2475.128205128205,2618.8429487179487,274580,274191,256,312
91,2580.1203703703704,2646.567901234568,274583,274194,253,648
91,2569.2136075949365,2685.85917721519,274584,274195,254,632
91,2579.671009771987,2569.1058631921824,274590,274201,257,614
91,2513.792828685259,2557.0916334661356,274591,274202,272,251
91,2490.812133072407,2648.205479452055,274593,274204,245,511
91,2484.0192644483363,2583.4553415061296,274594,274205,267,571
91,2534.504132231405,2627.2995867768595,274600,274211,248,484
91,2515.698729582577,2671.9745916515426,274601,274212,262,551
91,2583.1785714285716,2593.2043650793653,274603,274214,263,504
91,2563.1033333333335,2631.11,274604,274215,264,600
91,2551.157667386609,2520.6738660907126,274606,274217,252,463
91,2510.4103092783507,2513.8391752577318,274607,274218,271,485
0,2908.964343598055,2908.1004862236628,280076,,281,617
0,2928.9816513761466,2935.229357798165,280086,,282,545
0,2892.9450980392157,3053.6176470588234,280094,,283,510
0,2928.3742331288345,3058.7586912,280098,,284,489
0,2943.1946902654868,3017.2367256637167,280102,,285,452
0,2954.1855421686746,3039.2048192771085,280112,,286,415
1,2908.7487922705313,2908.376811594203,280442,280076,281,621
1,2928.5667938931297,2935.7080152671756,280452,280086,282,524
1,2893.8650190114067,3052.9410646387832,280460,280094,283,526
1,2928.990253411306,3059.3762183235867,280464,280098,284,513
1,2943.617475728155,3019.9320388349515,280468,280102,285,515
1,2958.1137440758293,3039.4170616113743,280478,280112,286,422
2,2908.4156626506024,2911.0135542168673,280808,280442,281,664
2,2928.1570093457944,2937.9028037383177,280818,280452,282,535
2,2892.865275142315,3053.2087286527512,280826,280460,283,527
2,2927.577821011673,3060.025291828794,280830,280464,284,514
2,2941.6378986866794,3022.5984990619136,280834,280468,285,533
2,2958.8108747044917,3040.1229314420802,280844,280478,286,423
3,2910.7360703812315,2912.0938416422287,281174,280808,281,682
3,2929.344122657581,2939.5706984667804,281184,280818,282,587
3,2892.9784560143626,3051.9982046678633,281192,280826,283,557
3,2927.6983240223462,3059.4040968342642,281196,280830,284,537
3,2943.5250463821894,3018.4935064935066,281200,280834,285,539
3,2959.086651053864,3038.032786885246,281210,280844,286,427
4,2910.675213675214,2913.112535612536,281540,281174,281,702
4,2931.0226086956523,2944.224347826087,281550,281184,282,575
4,2890.8998035363456,3049.0294695481334,281558,281192,283,509
4,2924.817543859649,3059.9122807017543,281562,281196,284,570
4,2943.936170212766,3018.7429078014184,281566,281200,285,564
4,2959.9357429718875,3036.4618473895584,281576,281210,286,498
5,2910.431154381085,2913.542420027816,281906,281540,281,719
5,2929.941712204007,2947.601092896175,281916,281550,282,549
5,2892.0506108202444,3048.696335078534,281924,281558,283,573
5,2928.440199335548,3056.2923588039866,281928,281562,284,602
5,2949.6557971014495,3014.4003623188405,281932,281566,285,552
5,2976.5,3025.546052631579,281944,281576,287,152
5,2950.3893805309735,3038.4867256637167,281945,281576,288,113
6,2908.516452074392,2911.8769670958513,282272,281906,281,699
6,2933.9483394833946,2948.463099630996,282282,281916,282,542
6,2896.10294118,3050.6388888888887,282290,281924,283,612
6,2931.1860036832413,3064.307550644567,282294,281928,284,543
6,2952.275471698113,3013.7226415094337,282298,281932,285,530
6,2975.707509881423,3026.6363636363635,282310,281944,287,253
6,2950.4308300395255,3042.826086956522,282311,281945,288,253
7,2911.2363387978144,2911.5,282638,282272,281,732
7,2931.0650684931506,2947.6181506849316,282648,282282,282,584
7,2894.450406504065,3050.377235772358,282656,282290,283,615
7,2929.9849749582636,3070.001669449082,282660,282294,284,599
7,2947.289048473968,3017.5385996409336,282664,282298,285,557
7,2976.7859531772574,3023.040133779264,282676,282310,287,299
7,2952.3,3045.735294117647,282677,282311,288,340
8,2909.1476063829787,2911.75,283004,282638,281,752
8,2933.4173622704507,2943.6777963,283014,282648,282,599
8,2895.8,3049.7015625,283022,282656,283,640
8,2930.2066772655007,3068.7138314785375,283026,282660,284,629
8,2960.0254237288136,2998.7118644067796,283032,,289,118
8,2934.3852459016393,3017.4836065573772,283033,282664,285,122
8,2974.9407407407407,3023.1925925925925,283042,282676,287,405
8,2950.637566137566,3042.436507936508,283043,282677,288,378
9,2906.907608695652,2911.5801630434785,283370,283004,281,736
9,2932.8888888888887,2942.2550860719875,283380,283014,282,639
9,2894.547904191617,3054.3562874251497,283388,283022,283,668
9,2933.1302325581396,3076.1596899224805,283392,283026,284,645
9,2955.6609686609686,3001.9173789173788,283398,283032,289,351
9,2932.0967741935483,3024.6693548387098,283399,283033,285,248
9,2977.286343612335,3021.3942731277534,283408,283042,287,454
9,2949.2265060240966,3047.0578313253013,283409,283043,288,415
10,2904.2427983539096,2909.0727023319614,283733,283370,281,729
10,2931.448529411765,2940.2132352941176,283743,283380,282,680
10,2894.7585185185185,3053.6740740740743,283751,283388,283,675
10,2935.93343419062,3077.68532526475,283755,283392,284,661
10,2956.7797927,3002.077720207254,283761,283398,289,386
10,2928.3148788927338,3029.3148788927338,283762,283399,285,289
10,2982.2362768,3016.7947494033415,283771,283408,287,419
10,2953.052401746725,3043.8209606986898,283772,283409,288,458
11,2904.7551299589604,2906.8659370725036,284107,283733,281,731
11,2930.2875175315567,2938.8373071528754,284117,283743,282,713
11,2895.9719626168226,3052.0155763239877,284125,283751,283,642
11,2937.0014836795253,3075.3961424332347,284129,283755,284,674
11,2959.6575,3001.81,284135,283761,289,400
11,2926.6063218390805,3033.7758620689656,284136,283762,285,348
11,2984.9099756691,3015.3576642335765,284145,283771,287,411
11,2951.914606741573,3038.3797752808987,284146,283772,288,445
12,2893.3494623655915,2908.1935483870966,284481,284107,281,558
12,2923.723374827109,2936.554633471646,284491,284117,282,723
12,2893.84122137,3052.6946564885498,284499,284125,283,655
12,2936.679640718563,3076.7050898203593,284503,284129,284,668
12,2958.609375,3000.8035714285716,284509,284135,289,448
12,2919.639037433155,3044.2272727272725,284510,284136,285,374
12,2985.9521640091116,3010.2915717539863,284519,284145,287,439
12,2952.0703624733474,3039.443496801706,284520,284146,288,469
13,2910.8325791855204,2901.9547511312217,284857,284481,290,221
13,2881.90410959,2902.178082191781,284858,284481,291,219
13,2922.143661971831,2937.311267605634,284865,284491,282,710
13,2894.945185185185,3052.3674074074074,284873,284499,283,675
13,2939.468656716418,3077.1820895522387,284877,284503,284,670
13,2956.9206349206347,3000.24716553288,284883,284509,289,441
13,2920.291005291005,3044.685185185185,284884,284510,285,378
13,2987.3716814159293,3008.0442477876104,284893,284519,287,452
13,2954.102766798419,3036.5375494071145,284894,284520,288,506
14,2912.839116719243,2893.7917981072555,285231,284857,290,317
14,2882.8590604026845,2900.6375838926174,285232,284858,291,298
14,2929.6473779385174,2951.5443037974683,285239,284865,282,553
14,2894.719298245614,3052.7587719298244,285247,284873,283,684
14,2940.578125,3079.258522727273,285251,284877,284,704
14,2955.60843373494,3000.477911646586,285257,284883,289,498
14,2919.30179028133,3048.7519181585676,285258,284884,285,391
14,2984.6961206896553,3009.780172413793,285267,284893,287,464
14,2951.6772277227724,3040.732673267327,285268,284894,288,505
15,2911.989247311828,2894.239247311828,285605,285231,290,372
15,2880.295652173913,2900.6608695652176,285606,285232,291,345
15,2915.6171003717473,2922.1598513011154,285615,,292,269
15,2934.153409090909,2946.7386363636365,285616,285239,282,352
15,2894.3478260869565,3053.0420757363254,285621,285247,283,713
15,2943.515994436718,3077.53685674548,285625,285251,284,719
15,2952.433198380567,3004.917004,285631,285257,289,494
15,2918.885922330097,3051.9271844660193,285632,285258,285,412
15,2985.4232456140353,3005.9013157894738,285641,285267,287,456
15,2952.0797546,3043.638036809816,285642,285268,288,489
16,2913.9274611398964,2895.484455958549,285971,285605,290,386
16,2882.1648648648647,2898.5891891891893,285972,285606,291,370
16,2920.4620462046205,2915.4191419141916,285981,285615,292,303
16,2935.36815920398,2949.241293532338,285982,285616,282,402
16,2896.1373937677054,3054.0240793201133,285987,285621,283,706
16,2943.8011363636365,3077.2485795454545,285991,285625,284,704
16,2953.3978723404257,3003.7148936170215,285997,285631,289,470
16,2920.7072072072074,3046.689189189189,285998,285632,285,444
16,2985.501075268817,3007.750537634409,286007,285641,287,465
16,2952.56512605042,3044.5063025210084,286008,285642,288,476
17,2913.4380530973453,2893.0884955752213,286337,285971,290,452
17,2884.85861183,2900.4498714652955,286338,285972,291,389
17,2921.970930232558,2913.686046511628,286347,285981,292,344
17,2935.0985576923076,2949.608173076923,286348,285982,282,416
17,2894.45844875,3054.371191135734,286353,285987,283,722
17,2942.8948824343015,3079.5325034578145,286357,285991,284,723
17,2957.5960698689955,3002.052401746725,286363,285997,289,458
17,2920.3196544276457,3046.194384449244,286364,285998,285,463
17,2983.1016597510375,3012.844398340249,286373,286007,287,482
17,2948.89485458613,3048.460850111857,286374,286008,288,447
18,2914.5496688741723,2891.1810154525388,286718,286337,290,453
18,2882.9302325581393,2898.0645994832043,286719,286338,291,387
18,2920.1917404129795,2911.3303834808257,286728,286347,292,339
18,2934.4419753,2949.3135802469137,286729,286348,282,405
18,2891.622462787551,3056.4776725304464,286734,286353,283,739
18,2944.0078226857886,3079.511082138201,286738,286357,284,767
18,2953.978540772532,3004.0858369098714,286744,286363,289,466
18,2918.3258928571427,3040.1272321428573,286745,286364,285,448
18,2981.700205338809,3009.0616016427107,286754,286373,287,487
18,2942.649667405765,3050.8558758314857,286755,286374,288,451
19,2922.950226244344,2890.552036199095,287093,286718,290,442
19,2886.109756097561,2898.307317073171,287094,286719,291,410
19,2920.535014005602,2911.8711484593837,287103,286728,292,357
19,2933.5668103448274,2945.239224137931,287104,286729,282,464
19,2893.1367292200002,3055.9678284182305,287109,286734,283,746
19,2944.732026143791,3080.5777777777776,287113,286738,284,765
19,2955.8571428571427,2999.7824175824176,287119,286744,289,455
19,2920.6773455377574,3039.0915331807782,287120,286745,285,437
19,2982.1071428571427,3008.436507936508,287129,286754,287,504
19,2945.028824833703,3052.441241685144,287130,286755,288,451
20,2920.714285714286,2890.6866359447004,287468,287093,290,434
20,2883.703791469194,2892.7890995260664,287469,287094,291,422
20,2917.231707317073,2910.4829268292683,287478,287103,292,410
20,2929.758318739054,2944.737302977233,287479,287104,282,571
20,2893.59403372,3055.3463035019454,287484,287109,283,771
20,2945.7984084880636,3080.8965517241377,287488,287113,284,754
20,2953.352808988764,3002.0247191011235,287494,287119,289,445
20,2918.368539325843,3042.6764045,287495,287120,285,445
20,2981.810707456979,3008.3862332695985,287504,287129,287,523
20,2943.015486725664,3052.1969026548672,287505,287130,288,452
21,2916.366729678639,2887.056710775047,287843,287468,290,529
21,2881.6556701030927,2893.7051546391754,287844,287469,291,485
21,2917.592750533049,2913.72921108742,287853,287478,292,469
21,2921.102564102564,2950.7124542124543,287854,287479,282,546
21,2893.375494071146,3052.409749670619,287859,287484,283,759
21,2944.5459387483356,3080.2902796271637,287863,287488,284,751
21,2956.870892018779,2997.823943661972,287869,287494,289,426
21,2917.534090909091,3042.359090909091,287870,287495,285,440
21,2979.4587737843553,3016.2727272727275,287879,287504,287,473
21,2943.1721854304637,3050.326710816777,287880,287505,288,453
22,2918.1486988847582,2891.328996282528,288218,287843,290,538
22,2880.730132450331,2893.387417218543,288219,287844,291,604
22,2924.747844827586,2922.9762931034484,288228,287853,292,464
22,2915.2737642585553,2958.7851711026615,288229,287854,282,526
22,2891.8834196891194,3052.979274611399,288234,287859,283,772
22,2946.232189973615,3080.353562005277,288238,287863,284,758
22,2957.6659436008676,2999.1301518438177,288244,287869,289,461
22,2915.75,3043.4322916666665,288245,287870,285,384
22,2980.2942386831273,3016.251028806584,288254,287879,287,486
22,2939.9265033407573,3050.5077951002227,288255,287880,288,449
23,2915.768946395564,2887.5526802218114,288593,288218,290,541
23,2874.66104553,2894.4198988195617,288594,288219,291,593
23,2932.4795918367345,2920.6285714285714,288603,288228,292,490
23,2915.678392,2956.9363484087103,288604,288229,282,597
23,2891.470879801735,3052.3023543990084,288609,288234,283,807
23,2946.3700887198984,3079.6451204055766,288613,288238,284,789
23,2962.335164835165,3003.388278388278,288619,288244,289,546
23,2914.051413881748,3046.8020565552697,288620,288245,285,389
23,2985.5866050808313,3017.323325635104,288629,288254,287,433
23,2940.3940042826553,3048.82869379015,288630,288255,288,467
24,2914.729537366548,2888.0409252669037,288975,288593,290,562
24,2874.813953488372,2894.6744186046512,288976,288594,291,602
24,2933.595387840671,2917.431865828092,288985,288603,292,477
24,2916.414976599064,2954.4227769110767,288986,288604,282,641
24,2893.5195460277428,3050.2395964691045,288991,288609,283,793
24,2948.807113543092,3081.454172366621,288995,288613,284,731
24,2961.5825242718447,3002.7805825242717,289001,288619,289,515
24,2915.273291925466,3047.1273291925468,289002,288620,285,322
24,2985.5040322580644,3017.1149193548385,289011,288629,287,496
24,2942.1974789915967,3047.4012605042017,289012,288630,288,476
25,2907.9,2888.7254237288134,289357,288975,290,590
25,2871.540133779264,2893.6521739130435,289358,288976,291,598
25,2932.233333333333,2918.529411764706,289367,288985,292,510
25,2911.6666666666665,2954.701834862385,289368,288986,282,654
25,2891.683804627249,3051.0938303341904,289373,288991,283,778
25,2947.9184210526314,3080.628947368421,289377,288995,284,760
25,2961.426,3003.266,289383,289001,289,500
25,2913.08253968254,3047.488888888889,289384,289002,285,315
25,2982.180527383367,3021.6409736308315,289393,289011,287,493
25,2939.3453093812377,3046.4730538922154,289394,289012,288,501
26,2908.6808905380335,2886.595547309833,289740,289357,290,539
26,2873.34925865,2896.4184514003296,289741,289358,291,607
26,2932.9823529411765,2915.850980392157,289750,289367,292,510
26,2911.826215022091,2955.558173784978,289751,289368,282,679
26,2892.240458015267,3051.998727735369,289756,289373,283,786
26,2947.9421487603304,3079.564738292011,289760,289377,284,726
26,2963.8827038,2997.9502982107356,289766,289383,289,503
26,2914.7166666666667,3044.5138888888887,289767,289384,285,360
26,2980.2013129102843,3026.770240700219,289776,289393,287,457
26,2939.6757813,3044.5449219,289777,289394,288,512
27,2915.657091561939,2887.3105924596052,290123,289740,290,557
27,2876.258116883117,2895.5113636363635,290124,289741,291,616
27,2935.056092843327,2917.191489361702,290133,289750,292,517
27,2912.5555555555557,2956.972972972973,290134,289751,282,666
27,2896.7421777221525,3049.823529411765,290139,289756,283,799
27,2947.151851851852,3078.7395061728394,290143,289760,284,810
27,2968.8278689,2993.9549180327867,290149,289766,289,488
27,2918.644699140401,3043.183381088825,290150,289767,285,349
27,2979.859470468432,3027.9490835,290159,289776,287,491
27,2943.037773359841,3044.0536779324057,290160,289777,288,503
28,2916.3044217687075,2883.052721088435,290506,290123,290,588
28,2874.39726027,2895.2414383561645,290507,290124,291,584
28,2937.751879699248,2915.308270676692,290516,290133,292,532
28,2912.217261904762,2956.3258928571427,290517,290134,282,672
28,2894.4942675159236,3049.067515923567,290522,290139,283,785
28,2946.914586070959,3081.337713534823,290526,290143,284,761
28,2965.7880085653105,2991.6188436830835,290532,290149,289,467
28,2916.9142091152817,3043.9034852546915,290533,290150,285,373
28,2978.1847826086955,3025.3659420289855,290542,290159,287,552
28,2941.3179190751443,3044.8574181117533,290543,290160,288,519
29,2915.71359223301,2874.205501618123,290889,290506,290,618
29,2876.0178571428573,2893.5844155844156,290890,290507,291,616
29,2938.5334685598377,2910.841784989858,290899,290516,292,493
29,2914.732474964235,2953.0529327610875,290900,290517,282,699
29,2894.24847001,3050.8776009791923,290905,290522,283,817
29,2947.196629213483,3082.046348314607,290909,290526,284,712
29,2961.9332096474955,2990.630797773655,290915,290532,289,539
29,2917.0877192982457,3044.3801169590643,290916,290533,285,342
29,2977.7842003853566,3026.082851637765,290925,290542,287,519
29,2941.7562862669247,3046.2147001934236,290926,290543,288,517
30,2919.0831973898858,2872.4502446982056,291272,290889,290,613
30,2876.928455284553,2893.42601626,291273,290890,291,615
30,2935.1441947565545,2911.6872659,291282,290899,292,534
30,2913.966527196653,2952.655509065551,291283,290900,282,717
30,2896.1622276029057,3051.4370460048426,291288,290905,283,826
30,2946.8424657534247,3081.2785388127854,291292,290909,284,438
30,2961.737793851718,2991.9330922242316,291298,290915,289,553
30,2919.8229508196723,3039.2098360655737,291299,290916,285,305
30,2977.8761384335153,3026.249544626594,291308,290925,287,549
30,2943.008791208791,3047.2021978021976,291309,290926,288,455
31,2922.156507413509,2874.8912685337727,291655,291272,290,607
31,2878.588957055215,2894.069018404908,291656,291273,291,652
31,2936.4950690335304,2916.3865877712033,291665,291282,292,507
31,2913.2771739130435,2952.673913043478,291666,291283,282,736
31,2893.62451108,3050.6245110821383,291671,291288,283,767
31,2961.194756554307,3081.0411985018727,291677,291292,293,267
31,2933.292490118577,3082.7628458498025,291678,291292,294,253
31,2960.891265597148,2992.5329768270944,291681,291298,289,561
31,2916.5317220543807,3042.6858006042294,291682,291299,285,331
31,2976.00518134715,3028.298791018998,291691,291308,287,579
31,2940.826883910387,3050.3808553971485,291692,291309,288,491
32,2924.51768488746,2875.927652733119,292038,291655,290,622
32,2879.8511278195488,2895.0676691729323,292039,291656,291,665
32,2934.8615071283098,2917.5865580448067,292048,291665,292,491
32,2912.5116279069766,2954.1805745554034,292049,291666,282,731
32,2890.8571428571427,3049.084126984127,292054,291671,283,630
32,2962.3056478405315,3085.750830564784,292060,291677,293,301
32,2937.8924731182797,3087.6164874551973,292061,291678,294,279
32,2961.149446494465,2992.39852398524,292064,291681,289,542
32,2917.778350515464,3040.3505154639174,292065,291682,285,388
32,2976.2238010657193,3030.7353463587924,292074,291691,287,563
32,2942.171206225681,3053.161478599222,292075,291692,288,514
33,2924.839527027027,2876.4560810810813,292421,292038,290,592
33,2879.6745913818722,2894.3863298662704,292422,292039,291,673
33,2935.1259842519685,2917.8740157480315,292431,292048,292,508
33,2913.6270718232045,2953.82182320442,292432,292049,282,724
33,2887.779270633397,3054.3608445297505,292437,292054,283,521
33,2961.6964285714284,3080.0535714285716,292443,292060,293,336
33,2937.267973856209,3089.09477124183,292444,292061,294,306
33,2961.664150943396,2990.115094339623,292447,292064,289,530
33,2915.4360730593608,3037.445205479452,292448,292065,285,438
33,2975.7088607594937,3031.3146473779384,292457,292074,287,553
33,2941.5659656,3053.0114722753347,292458,292075,288,523
34,2924.7723440134905,2876.794266441821,292804,292421,290,593
34,2878.2876923076924,2894.74769231,292805,292422,291,650
34,2933.7148936170215,2919.451063829787,292814,292431,292,470
34,2913.124833997344,2955.1181938911022,292815,292432,282,753
34,2883.44126984127,3072.1619047619047,292822,292437,295,315
34,2889.9302325581393,3040.607235142119,292823,292437,296,387
34,2962.9467005076144,3080.4619289340103,292826,292443,293,394
34,2937.6510067114095,3090.0436241610737,292827,292444,294,298
34,2963.931338028169,2990.7218309859154,292830,292447,289,568
34,2915.5529953917053,3040.4470046082947,292831,292448,285,434
34,2976.219607843137,3033.8176470588237,292840,292457,287,510
34,2941.382405745063,3053.152603231598,292841,292458,288,557
35,2926.895666131621,2877.454253611557,293187,292804,290,623
35,2881.1233082706767,2894.694736842105,293188,292805,291,665
35,2933.8977505112475,2920.2188139059303,293197,292814,292,489
35,2915.1122994652405,2954.066844919786,293198,292815,282,748
35,2885.1032258064515,3068.3225806451615,293205,292822,295,310
35,2893.2923076923075,3038.209230769231,293206,292823,296,325
35,2963.55205811138,3079.9007263922517,293209,292826,293,413
35,2939.7,3091.3,293210,292827,294,350
35,2965.9588551,2991.1824686940968,293213,292830,289,559
35,2916.011467889908,3040.612385321101,293214,292831,285,436
35,2977.012455516014,3032.4163701067614,293223,292840,287,562
35,2940.7979452054797,3052.946917808219,293224,292841,288,584
36,2927.529702970297,2878.442244224422,293570,293187,290,606
36,2881.2737920937043,2894.6603221083456,293571,293188,291,683
36,2931.5896907216493,2921.7319587628867,293580,293197,292,485
36,2915.458776595745,2954.99335106383,293581,293198,282,752
36,2884.3475783475783,3069.5868945868947,293588,293205,295,351
36,2894.484939759036,3038.8012048192772,293589,293206,296,332
36,2963.3015521064303,3079.7827050997785,293592,293209,293,451
36,2939.340694006309,3088.444794952681,293593,293210,294,317
36,2964.9535655058044,2991.7363184079604,293596,293213,289,603
36,2916.897494305239,3040.662870159453,293597,293214,285,439
36,2976.504780114723,3032.3059273422564,293606,293223,287,523
36,2940.3821292775665,3055.28897338403,293607,293224,288,526
37,2927.779487179487,2877.9880341880344,293953,293570,290,585
37,2882.09224012,2895.265007320644,293954,293571,291,683
37,2933.016563146998,2920.631469979296,293963,293580,292,483
37,2916.3478835978835,2954.708994708995,293964,293581,282,756
37,2882.53477218,3069.8585131894483,293971,293588,295,417
37,2889.72131147541,3038.4918032786886,293972,293589,296,366
37,2965.3478260869565,3081.4323671497586,293975,293592,293,414
37,2939.4511494252874,3092.5114942528735,293976,293593,294,348
37,2965.836956521739,2989.923913043478,293979,293596,289,552
37,2919.864915572233,3037.932457786116,293980,293597,285,533
37,2977,3033.2768670309656,293989,293606,287,549
37,2942.3978494623657,3057.8118279569894,293990,293607,288,558
38,2928.4010067114095,2876.038590604027,294319,293953,290,596
38,2881.4918759231905,2895.0118168389954,294320,293954,291,677
38,2929.9013806706116,2920.6153846153848,294329,293963,292,507
38,2914.981554677207,2953.383399209486,294330,293964,282,759
38,2883.570093457944,3069.1191588785045,294337,293971,295,428
38,2887.2035398230087,3037.0176991150443,294338,293972,296,339
38,2962.6470588235293,3081.5882352941176,294341,293975,293,425
38,2936.0810810810813,3088.6,294342,293976,294,370
38,2962.820168067227,2991.2302521008405,294345,293979,289,595
38,2919.940476190476,3035.777777777778,294346,293980,285,504
38,2976.056710775047,3033.9546313799624,294355,293989,287,529
38,2939.155109489051,3055.3211678832117,294356,293990,288,548
39,2929.4317406143346,2877.122866894198,294699,294319,290,586
39,2880.6847507331377,2893.7829912023462,294700,294320,291,682
39,2930.093023255814,2921.4263565891474,294709,294329,292,516
39,2914.4172099087355,2953.232073011734,294710,294330,282,767
39,2882.338129496403,3070.390887290168,294717,294337,295,417
39,2885.10447761,3038.316417910448,294718,294338,296,335
39,2961.119305856833,3080.9501084598696,294721,294341,293,461
39,2937.0437158469945,3091.497267759563,294722,294342,294,366
39,2963.565705128205,2992.2660256410254,294725,294345,289,624
39,2919.499001996008,3032.542914171657,294726,294346,285,501
39,2973.973880597015,3034.7873134328356,294735,294355,287,536
39,2937.44425087108,3055.9494773519164,294736,294356,288,574
40,2928.3204047217537,2877.298482293423,295079,294699,290,593
40,2881.780523255814,2896.265988372093,295080,294700,291,688
40,2929.470802919708,2921.080291970803,295089,294709,292,548
40,2914.650331125828,2954.245033112583,295090,294710,282,755
40,2881.7477064220184,3069.577981651376,295097,294717,295,436
40,2888.7456647398844,3035.849710982659,295098,294718,296,346
40,2959.80375782881,3083.4237995824633,295101,294721,293,479
40,2934.4679665738163,3096.1727019498608,295102,294722,294,359
40,2962.6416,2995.6112,295105,294725,289,625
40,2921.332688588008,3035.411992263056,295106,294726,285,517
40,2975.078895463511,3034.8816568047337,295115,294735,287,507
40,2938.704391891892,3060.1283783783783,295116,294736,288,592
41,2930.619298245614,2875.363157894737,295459,295079,290,570
41,2884.211678832117,2893.65401459854,295460,295080,291,685
41,2930.220640569395,2918.683274021352,295469,295089,292,562
41,2915.5303430079157,2953.1833773087073,295470,295090,282,758
41,2883.0861678004535,3066.501133786848,295477,295097,295,441
41,2888.1666666666665,3037.214285714286,295478,295098,296,336
41,2961.0438756855574,3079.431444241316,295481,295101,293,547
41,2937.4899497487436,3097.2010050251256,295482,295102,294,398
41,2962.618604651163,2995.187596899225,295485,295105,289,645
41,2920.0229445506693,3035.695984703633,295486,295106,285,523
41,2977.6984402079725,3031.741767764298,295495,295115,287,577
41,2941.1384364820847,3055.5570033,295496,295116,288,614
42,2929.8350168350166,2879.289562289562,295839,295459,290,594
42,2883.3656597774243,2893.5182829888713,295840,295460,291,629
42,2932.534516765286,2917.34516765286,295849,295469,292,507
42,2918.010484927916,2953.2726081258193,295850,295470,282,763
42,2881.7031963470317,3071.0639269406392,295857,295477,295,438
42,2887.5745341614906,3035.639751552795,295858,295478,296,322
42,2958.289855072464,3081.9316770186333,295861,295481,293,483
42,2938.330845771144,3099.1169154228855,295862,295482,294,402
42,2960.6094224924013,2997.323708206687,295865,295485,289,658
42,2921.0946196660484,3033.5194805194806,295866,295486,285,539
42,2978.3819188191883,3034.138376383764,295875,295495,287,542
42,2940.270226537217,3056.784789644013,295876,295496,288,618
43,2928.625816993464,2878.671568627451,296223,295839,290,612
43,2882.8002853067046,2893.355206847361,296224,295840,291,701
43,2930.518664047151,2917.475442,296233,295849,292,509
43,2915.11724137931,2951.9406896551723,296234,295850,282,725
43,2881.4947368421053,3070.9894736842107,296241,295857,295,475
43,2887.31092437,3037.81512605042,296242,295858,296,357
43,2957.699373695198,3079.9018789,296245,295861,293,479
43,2942.188888888889,3097.5555555555557,296246,295862,294,360
43,2958.309523809524,2999.5788690476193,296249,295865,289,672
43,2919.768953068592,3032.2111913357403,296250,295866,285,554
43,2976.0671641791046,3032.9272388059703,296259,295875,287,536
43,2938.6041308089502,3057.5955249569706,296260,295876,288,581
44,2927.727422003284,2876.75041051,296607,296223,290,609
44,2880.028358208955,2893.6313432835823,296608,296224,291,670
44,2930.160075329567,2916.491525423729,296617,296233,292,531
44,2915.21045751634,2953.3124183006535,296618,296234,282,765
44,2878.11377245509,3073.3353293413174,296625,296241,295,501
44,2883.43380282,3036.6901408450703,296626,296242,296,355
44,2957.515325670498,3078.5,296629,296245,293,522
44,2940.4749340369394,3095.6939313984167,296630,296246,294,379
44,2960.5462822,2997.8907435508345,296633,296249,289,659
44,2917.3471223021584,3032.404676258993,296634,296250,285,556
44,2980.572192513369,3031.1051693404634,296643,296259,287,561
44,2937.815457413249,3055.916403785489,296644,296260,288,634
45,2930.1702508960575,2875.8333333333335,296991,296607,290,558
45,2880.0414814814817,2893.094814814815,296992,296608,291,675
45,2927.442379182156,2917.03717472119,297001,296617,292,538
45,2911.104060913706,2951.1408629441626,297002,296618,282,788
45,2878.4733475479743,3071.7100213219614,297009,296625,295,469
45,2886.9047619,3033.973214285714,297010,296626,296,336
45,2955.4275092936805,3081.0780669144983,297013,296629,293,538
45,2940.492307692308,3098.7820512820513,297014,296630,294,390
45,2960.7347242921014,2998.1400894187777,297017,296633,289,671
45,2916.722719141324,3031.973166368515,297018,296634,285,559
45,2983.524680073126,3027.3967093235833,297027,296643,287,547
45,2936.390048154093,3056.247191011236,297028,296644,288,623
46,2929.250825082508,2877.3498349834986,297371,296991,290,606
46,2881.6011904761904,2893.6964285714284,297372,296992,291,672
46,2930.3410852713178,2915.9883720930234,297381,297001,292,516
46,2912.8367609254497,2951.1606683804625,297382,297002,282,778
46,2880.947895791583,3070.2745490981965,297389,297009,295,499
46,2886.5701492537314,3033.2149253731345,297390,297010,296,335
46,2955.763602251407,3078.9774859287054,297393,297013,293,533
46,2942.289002557545,3097.0409207161124,297394,297014,294,391
46,2961.6698717948716,2996.9375,297397,297017,289,624
46,2917.57326007326,3031.7326007326005,297398,297018,285,546
46,2983.2767402,3024.7402376910018,297407,297027,287,589
46,2937.1392,3055.9744,297408,297028,288,625
47,2926.0306451612905,2876.5629032258066,297751,297371,290,620
47,2879.15668202765,2892.9124423963135,297752,297372,291,651
47,2929.8289241622574,2913.5308641975307,297761,297381,292,567
47,2911.9821656050954,2952.8624203821655,297762,297382,282,785
47,2878.3910505836575,3071.817120622568,297769,297389,295,514
47,2886.779552715655,3035.664536741214,297770,297390,296,313
47,2953.9614678899084,3079.0366972477063,297773,297393,293,545
47,2944.7831325301204,3097.0602409638554,297774,297394,294,415
47,2961.1378737541527,2995.6760797342195,297777,297397,289,602
47,2915.897435897436,3031.8168498168498,297778,297398,285,546
47,2983.40554592721,3021.400346620451,297787,297407,287,577
47,2932.9611650485435,3057.6229773462783,297788,297408,288,618
48,2928.760726072607,2876.9191419141916,298131,297751,290,606
48,2881.561377245509,2893.4790419161677,298132,297752,291,668
48,2930.410909090909,2916.0327272727272,298141,297761,292,550
48,2912.8867684478373,2953.4338422391857,298142,297762,282,786
48,2878.782857142857,3072.500952380952,298149,297769,295,525
48,2886.0651465798046,3030.9185667752445,298150,297770,296,307
48,2956.4442413162706,3076.7586837294334,298153,297773,293,547
48,2947.888095238095,3095.8404761904762,298154,297774,294,420
48,2963.749077490775,2989.579335793358,298157,297777,289,271
48,2917.5714285714284,3031.764199655766,298158,297778,285,581
48,2986.5583756345177,3016.5313028764804,298167,297787,287,591
48,2932.936630602782,3057.7836166924267,298168,297788,288,647
49,2927.695222405272,2876.841845140033,298511,298131,290,607
49,2876.883642495784,2892.5615514333895,298512,298132,291,593
49,2930.866666666667,2913.828571428571,298521,298141,292,525
49,2914.207332490518,2953.4601769911505,298522,298142,282,791
49,2878.644787644788,3073.295366795367,298529,298149,295,518
49,2885.75932203,3030.081355932203,298530,298150,296,295
49,2956.5229202037353,3074.8726655348046,298533,298153,293,589
49,2948.658371040724,3094.8687783,298534,298154,294,442
49,2916.9930191972076,3030.952879581152,298538,298158,285,573
49,2975.443181818182,2978.590909090909,298540,298157,297,264
49,2964.3555555555554,3007.5851851851853,298541,298157,298,270
49,2986.8531952,3014.7443868739206,298547,298167,287,579
49,2928.7515151515154,3059.539393939394,298548,298168,288,660
50,2936.5053995680346,2872.671706263499,298891,298511,290,463
50,2877.4117647058824,2893.860962566845,298892,298512,291,374
50,2929.281195079086,2913.695957820738,298901,298521,292,569
50,2914.0825,2950.83625,298902,298522,282,800
50,2880.009633911368,3073.105973025048,298909,298529,295,519
50,2887.3478260869565,3031.321070234114,298910,298530,296,299
50,2958.3156089193826,3074.6312178,298913,298533,293,583
50,2949.65625,3095.167410714286,298914,298534,294,448
50,2918.1485809682804,3031.61101836394,298918,298538,285,599
50,2971.2788944723616,2982.9095477386936,298920,298540,297,398
50,2952.687150837989,3005.849162011173,298921,298541,298,358
50,2984.9268680445152,3015.027027027027,298927,298547,287,629
50,2929.464615384615,3061.3507692307694,298928,298548,288,650
51,2939.72131147541,2875.222482435597,299276,298891,290,427
51,2873.0173611111113,2903.090277777778,299278,298892,299,288
51,2881.707395498392,2879.3086816720256,299280,298892,300,311
51,2929.43216080402,2911.036850921273,299286,298901,292,597
51,2915.083120204604,2954.826086956522,299287,298902,282,782
51,2880.1338582677167,3074.484251968504,299294,298909,295,508
51,2887.03785488959,3033,299295,298910,296,317
51,2957.2820945945946,3073.927364864865,299298,298913,293,592
51,2946.7617021276596,3094.859574468085,299299,298914,294,470
51,2917.4027072758036,3033.2148900169204,299303,298918,285,591
51,2971.9188544152744,2982.704057279236,299305,298920,297,419
51,2950.4896551724137,3009.5471264367816,299306,298921,298,435
51,2982.071074380165,3017.745454545455,299312,298927,287,605
51,2926.488469601677,3065.0587002096436,299313,298928,288,477
52,2874.315112540193,2904.993569131833,299663,299278,299,311
52,2881.15838509,2879.0372670807456,299665,299280,300,322
52,2920.3851132686086,2859.401294498382,299667,,301,309
52,2941.328947368421,2883.8355263157896,299668,299276,290,304
52,2929.4847512038523,2908.247191011236,299671,299286,292,623
52,2915.774025974026,2953.1584415584416,299672,299287,282,770
52,2880.271119842829,3073.628683693517,299679,299294,295,509
52,2887.3427672955977,3028.672955974843,299680,299295,296,318
52,2956.7064846416383,3073.0460750853244,299683,299298,293,586
52,2946.1257731958763,3093.274226804124,299684,299299,294,485
52,2914.673076923077,3033.6608391608393,299688,299303,285,572
52,2971.177829099307,2984.242494226328,299690,299305,297,433
52,2947.7982646420824,3017.6789587852495,299691,299306,298,461
52,2981.2227342549922,3016.7219662058374,299697,299312,287,651
52,2932.057142857143,3053.957142857143,299700,299313,288,140
52,2910.7419354838707,3078.2129032258063,299701,,302,155
53,2873.3096446700506,2903.6370558375634,300048,299663,299,394
53,2878.84375,2880.3607954545455,300050,299665,300,352
53,2915.920127795527,2860.073482428115,300052,299667,301,313
53,2940.683673469388,2882.9149659863947,300053,299668,290,294
53,2929.3282828282827,2909.313131313131,300056,299671,292,594
53,2913.470223325062,2950.4032258064517,300057,299672,282,806
53,2877.272,3073.908,300064,299679,295,500
53,2886.9415584415583,3029.4935064935066,300065,299680,296,308
53,2955.6379928315414,3071.1218637992833,300068,299683,293,558
53,2947.2345679012346,3091.528806584362,300069,299684,294,486
53,2913.381205673759,3035.1418439716313,300073,299688,285,564
53,2972.485193621868,2982.3029612756263,300075,299690,297,439
53,2944.6021276595743,3021.304255319149,300076,299691,298,470
53,2978.2238095238095,3018.184126984127,300082,299697,287,630
53,2932.4204545454545,3060.844697,300085,299700,288,264
53,2907.5826446280994,3083.3677685950415,300086,299701,302,242
54,2871.844705882353,2900.595294117647,300428,300048,299,425
54,2884.443243243243,2885.237837837838,300430,300050,300,370
54,2918.6435986159167,2857.159169550173,300432,300052,301,289
54,2938.276397515528,2884.88198757764,300433,300053,290,322
54,2932.973076923077,2914.9596153846155,300436,300056,292,520
54,2914.1735218508998,2951.8804627249356,300437,300057,282,778
54,2880.2842105263157,3072.6105263157897,300444,300064,295,475
54,2888.768987341772,3030.6139240506327,300445,300065,296,316
54,2957.8297491039425,3071.1164874551973,300448,300068,293,558
54,2947.7495291902073,3092.1224105461392,300449,300069,294,531
54,2916.066326530612,3034.081632653061,300453,300073,285,588
54,2978.0063025210084,2985.59243697479,300455,300075,297,476
54,2948.9834024896263,3016.205394190871,300456,300076,298,482
54,2978.477638640429,3024.5295169946335,300462,300082,287,559
54,2934.7875,3061.43125,300465,300085,288,320
54,2906.6283783783783,3084.4797297297296,300466,300086,302,296
55,2870.997792494481,2901.4613686534217,300808,300428,299,453
55,2884.0227272727275,2886.918181818182,300810,300430,300,440
55,2920.9646302250803,2860.807073954984,300812,300432,301,311
55,2937.660056657224,2883.130311614731,300813,300433,290,353
55,2930.1610486891386,2912.0823970037454,300816,300436,292,534
55,2913.7096774193546,2950.2311827956987,300817,300437,282,744
55,2881.22653061,3070.24693877551,300824,300444,295,490
55,2891.1702127659573,3027.4650455927053,300825,300445,296,329
55,2957.890625,3070.5763888888887,300828,300448,293,576
55,2950.1297709923665,3091.8568702290077,300829,300449,294,524
55,2915.9236111111113,3033.230902777778,300833,300453,285,576
55,2987.9701834862385,2989.3784403669724,300835,300455,297,436
55,2955.661508704062,3010.2882011605416,300836,300456,298,517
55,2978.516129032258,3023.594470046083,300842,300462,287,217
55,2935.3506097560976,3059.8414634146343,300845,300465,288,328
55,2904.4518072289156,3083.6445783,300846,300466,302,332
56,2871.71235521,2901.515444015444,301188,300808,299,518
56,2885.9547413793102,2887.280172413793,301190,300810,300,464
56,2919.990291262136,2860.5728155339807,301192,300812,301,309
56,2939.906626506024,2881.72891566,301193,300813,290,332
56,2932.2621185,2912.861759425494,301196,300816,292,557
56,2911.4312320916906,2953.495702005731,301197,300817,282,698
56,2881.4386317907447,3066.7404426559356,301204,300824,295,497
56,2890.1070336391435,3027.400611620795,301205,300825,296,327
56,2957.296428571429,3070.192857142857,301208,300828,293,560
56,2949.609576427256,3091.366482504604,301209,300829,294,543
56,2915.4461538461537,3032.3333333333335,301213,300833,285,585
56,2987.401886792453,2984.554716981132,301215,300835,297,530
56,2957.5903165735567,3015.389199255121,301216,300836,298,537
56,2933.5925925925926,3057.777777777778,301225,300845,288,351
56,2902.9141274238227,3082.5983379501386,301226,300846,302,361
56,2986.9612068965516,3008.780172413793,301228,300842,303,232
56,2970.488151658768,3036.142180094787,301229,300842,304,211
57,2872.532,2903.152,301568,301188,299,500
57,2881.660173160173,2884.6731601731603,301570,301190,300,462
57,2921.7739938080495,2863.65944272,301572,301192,301,323
57,2941.5225988700563,2879.72316384,301573,301193,290,354
57,2934.0427631578946,2913.184210526316,301576,301196,292,608
57,2912.9078014184397,2958.472813238771,301577,301197,282,423
57,2881.087591240876,3065.418491484185,301584,301204,295,411
57,2888.6052631578946,3032.938596491228,301585,301205,296,342
57,2958.684210526316,3069.6701754385967,301588,301208,293,570
57,2948.611888111888,3091.8583916083917,301589,301209,294,572
57,2915.330985915493,3033.955985915493,301593,301213,285,568
57,2985.390374331551,2984.812834224599,301595,301215,297,561
57,2954.7274436090224,3014.7105263157896,301596,301216,298,532
57,2935.2542787286066,3055.9364303178486,301605,301225,288,409
57,2902.689189189189,3082.4756756756756,301606,301226,302,370
57,2988.5240384615386,3008.581730769231,301608,301228,303,208
57,2974.6689655172413,3034.5344827586205,301609,301229,304,290
58,2870.252354048964,2903.9114877589454,301948,301568,299,531
58,2881.5875486381324,2886.2140077821014,301950,301570,300,514
58,2923.577142857143,2866.2,301952,301572,301,350
58,2942.3447368421052,2879.18421053,301953,301573,290,380
58,2938.6003490401395,2919.6492146596856,301956,301576,292,573
58,2896.098039215686,2941.720588235294,301959,,305,204
58,2923.9950248756218,2959.935323383085,301961,301577,282,201
58,2877.8333333333335,3062.822751322751,301964,301584,295,378
58,2884.2916666666665,3030.2916666666665,301965,301585,296,336
58,2956.5794701986756,3069.6523178807947,301968,301588,293,604
58,2947.4091710758375,3091.7601410934744,301969,301589,294,567
58,2912.7090301003345,3035.764214046823,301973,301593,285,598
58,2990.3948339483395,2984.8025830258302,301975,301595,297,542
58,2956.223484848485,3011.369318181818,301976,301596,298,528
58,2934.7244444444445,3054.291111111111,301985,301605,288,450
58,2900.9111675126906,3081.7741116751267,301986,301606,302,394
58,2994.366533864542,3012.2509960159364,301988,301608,303,251
58,2973.6205673758864,3033.3652482269504,301989,301609,304,282
59,2870.7078651685392,2904.6629213483147,302328,301948,299,534
59,2877.697628458498,2884.6422924901185,302330,301950,300,506
59,2917.086387434555,2861.9659685863876,302332,301952,301,382
59,2947.1831683168316,2873.4331683168316,302333,301953,290,404
59,2937.618657937807,2920.6153846153848,302336,301956,292,611
59,2892.3032069970845,2947.737609329446,302339,301959,305,343
59,2923.6685236768803,2958.7632311977713,302341,301961,282,359
59,2878.4773269689736,3062.546539379475,302344,301964,295,419
59,2887.3061889250816,3030.00325732899,302345,301965,296,307
59,2958.051369863014,3069.849315068493,302348,301968,293,584
59,2947.3153456998316,3091.7133220910623,302349,301969,294,593
59,2914.2362344582593,3033.632326820604,302353,301973,285,563
59,2988.156474820144,2983.3039568345325,302355,301975,297,556
59,2955.058365758755,3004.535019455253,302356,301976,298,514
59,2935.391799544419,3053.382687927107,302365,301985,288,439
59,2901.503759398496,3081.122807017544,302366,301986,302,399
59,2992.983333333333,3011.8433333333332,302368,301988,303,300
59,2970.8064516129034,3035.6193548387096,302369,301989,304,310
60,2863.6419294990724,2902.5361781076067,302708,302328,299,539
60,2882.371769383698,2885.6679920477136,302710,302330,300,503
60,2914.507972665148,2861.9362186788153,302712,302332,301,439
60,2947.1005586592178,2870.6843575418993,302713,302333,290,358
60,2940.83676703645,2918.9080824088746,302716,302336,292,631
60,2893.5538847117796,2951.1203007518798,302719,302339,305,399
60,2925.1912832929784,2960.55205811138,302721,302341,282,413
60,2876.9187817258885,3063.241116751269,302724,302344,295,394
60,2888.0093457943926,3031.6230529595014,302725,302345,296,321
60,2957.9405594405594,3068.896853146853,302728,302348,293,572
60,2947.8076285240463,3090.49087893864,302729,302349,294,603
60,2911.825771324864,3035.7350272232306,302733,302353,285,551
60,2985.1436170212764,2984.54609929078,302735,302355,297,564
60,2952.662477558348,3002.5008976660683,302736,302356,298,557
60,2936.8615702479337,3046.9070247933882,302745,302365,288,484
60,2900.5724137931034,3082.574712643678,302746,302366,302,435
60,2994.9651162790697,3011.1773255813955,302748,302368,303,344
60,2969.622807017544,3036.0555555555557,302749,302369,304,342
61,2864.7072727272725,2901.2381818181816,303088,302708,299,550
61,2888.8418079096045,2883.244821092279,303090,302710,300,531
61,2920.086956521739,2857.5815217391305,303092,302712,301,368
61,2947.0870712401056,2871.0158311345645,303093,302713,290,379
61,2941.749235474006,2915.952599388379,303096,302716,292,654
61,2894.319612590799,2954.46004842615,303099,302719,305,413
61,2929.1622911694512,2961.6825775656325,303101,302721,282,419
61,2877.923076923077,3068.007957559682,303104,302724,295,377
61,2880.6439169139467,3033.3412462908013,303105,302725,296,337
61,2958.625806451613,3067.8129032258066,303108,302728,293,620
61,2949.8694915254237,3089.371186440678,303109,302729,294,590
61,2910.4007029876975,3036.0931458699474,303113,302733,285,569
61,2982.008347245409,2986.010016694491,303115,302735,297,599
61,2947.7137745974956,3004.026833631485,303116,302736,298,559
61,2940.682474226804,3046.7896907216495,303125,302745,288,485
61,2902.9590361445785,3081.1879518072287,303126,302746,302,415
61,2992.4588528678305,3009.5486284289277,303128,302748,303,401
61,2972.8523076923075,3036.1753846153847,303129,302749,304,325
62,2863.608013937282,2899.245644599303,303468,303088,299,574
62,2889.6501831501832,2881.5201465201467,303470,303090,300,546
62,2925.321533923304,2850.1297935103244,303472,303092,301,339
62,2941.435207823961,2869.6430317848412,303473,303093,290,409
62,2940.379104477612,2911.0268656716416,303476,303096,292,670
62,2895.2379958246347,2954.2588727,303479,303099,305,479
62,2930.680525164114,2956.3522975929977,303481,303101,282,457
62,2876.632754342432,3068.895781637717,303484,303104,295,403
62,2882.7193548387095,3032.5225806451613,303485,303105,296,310
62,2958.6678700361012,3066.01083032491,303488,303108,293,554
62,2948.0605042016805,3087.2285714285713,303489,303109,294,595
62,2910.5,3035.6666666666665,303493,303113,285,522
62,2980.605954465849,2980.0105078809106,303495,303115,297,571
62,2945.9351535836176,3006.0307167235496,303496,303116,298,586
62,2937.4156626506024,3050.9979919678717,303505,303125,288,498
62,2901.916461916462,3079.4299754299755,303506,303126,302,407
62,2989.2708860759494,3008.6455696202534,303508,303128,303,395
62,2970.693939393939,3036.642424242424,303509,303129,304,330
63,2864.510054844607,2898.65447898,303848,303468,299,547
63,2888.3417266187053,2879.88309352518,303850,303470,300,556
63,2930.9721448467967,2846.7465181058496,303852,303472,301,359
63,2940.141891891892,2870.5225225225226,303853,303473,290,444
63,2936.90977443609,2909.2015037593983,303856,303476,292,665
63,2897.0943396226417,2957.0859538784066,303859,303479,305,477
63,2930.6673640167364,2949.460251046025,303861,303481,282,478
63,2876.8197115384614,3068.6802884615386,303864,303484,295,416
63,2884.3548387096776,3030.835483870968,303865,303485,296,310
63,2956.3351851851853,3068.1703703703706,303868,303488,293,540
63,2954.744094488189,3086.897637795276,303869,303489,294,508
63,2913.5349716446126,3033.1285444234404,303873,303493,285,529
63,2981.563973063973,2981.0387205387206,303875,303495,297,594
63,2944.3946037099495,3002.2276559865095,303876,303496,298,593
63,2940.1876208897484,3050.557059961315,303885,303505,288,517
63,2903.2380952380954,3070.7683982683984,303886,303506,302,462
63,2987.2688442211056,3008.7236180904524,303888,303508,303,398
63,2973.6925373134327,3033.976119402985,303889,303509,304,335
64,2862.6593959731545,2895.6308724832215,304228,303848,299,596
64,2891.791150442478,2877.1982300884956,304230,303850,300,565
64,2932.221945137157,2844.6209476309227,304232,303852,301,401
64,2948.027932960894,2868.1899441340784,304233,303853,290,358
64,2936.8970149253732,2907.373134328358,304236,303856,292,670
64,2899.513292433538,2958.1370143149284,304239,303859,305,489
64,2927.132437619962,2946.1074856046066,304241,303861,282,521
64,2880.88918206,3073.9129287598944,304244,303864,295,379
64,2883.2835365853657,3030.2134146341464,304245,303865,296,328
64,2955.2089844,3068.5253906,304248,303868,293,512
64,2959.148535564854,3083.671548117155,304249,303869,294,478
64,2911.4849785407723,3035.5236051502147,304253,303873,285,233
64,2982.890410958904,2976.7636985999998,304255,303875,297,584
64,2942.697278911565,3001.7482993197277,304256,303876,298,588
64,2940.078028747433,3051.9034907597534,304265,303885,288,487
64,2906.58085106383,3060.304255319149,304266,303886,302,470
64,2985.640506329114,3005.5012658227847,304268,303888,303,395
64,2978.768996960486,3030.5440729483284,304269,303889,304,329
65,2862.4566666666665,2895.2283333333335,304616,304228,299,600
65,2891.8913412563666,2875.6706281833617,304618,304230,300,589
65,2919.1583578,2868.7184750733136,304620,,306,341
65,2943.322033898305,2861.271186440678,304621,304233,290,413
65,2937.295588235294,2909.25,304624,304236,292,680
65,2900.365269461078,2960.129740518962,304627,304239,305,501
65,2922.08818011257,2944.8499061913694,304629,304241,282,533
65,2880.5454545454545,3075.6519480519482,304632,304244,295,385
65,2883.4397590361446,3027.3373493975905,304633,304245,296,332
65,2955.463687150838,3068.3296089385476,304636,304248,293,537
65,2959.3841201716737,3084.1416309012875,304637,304249,294,466
65,2981.3931034482757,2976.3931034482757,304643,304255,297,580
65,2938.979661016949,2996.9610169491525,304644,304256,298,590
65,2898.9441340782123,3040.4189944134077,304646,304253,285,179
65,2913.1428571428573,3008.746543778802,304647,,307,217
65,2936.891489361702,3051.691489361702,304653,304265,288,470
65,2905.490909090909,3060.343434343434,304654,304266,302,495
65,2982.8770053475937,3003.938502673797,304656,304268,303,374
65,2976.1978319783198,3028.6720867208674,304657,304269,304,369
66,2862.643533123028,2893.865930599369,305004,304616,299,634
66,2887.273519163763,2878.677700348432,305006,304618,300,574
66,2918.506234413965,2871.3316708229427,305008,304620,306,401
66,2945.110552763819,2859.241206030151,305009,304621,290,398
66,2939.0374812593705,2911.2188905547227,305012,304624,292,667
66,2903.648,2962.996,305015,304627,305,500
66,2919.214920071048,2942.2042628774425,305017,304629,282,563
66,2881.473404255319,3076.497340425532,305020,304632,295,376
66,2882.969696969697,3026.808080808081,305021,304633,296,297
66,2957.3564547206165,3066.5799614643547,305024,304636,293,519
66,2960.162447257384,3082.805907172996,305025,304637,294,474
66,2983.242144177449,2974.641404805915,305031,304643,297,541
66,2939.1631944444443,2996.3975694444443,305032,304644,298,576
66,2900.5120967741937,3038.9314516129034,305034,304646,285,248
66,2912.910714285714,3012.425,305035,304647,307,280
66,2936.177777777778,3052.2747474747475,305041,304653,288,495
66,2904.951063829787,3065.0702127659574,305042,304654,302,470
66,2983.7433862433863,3002.746031746032,305044,304656,303,378
66,2975.5153846153844,3027.14358974359,305045,304657,304,390
67,2862.0183946488296,2894.3879598662206,305392,305004,299,598
67,2886.764705882353,2877.183391,305394,305006,300,578
67,2919.6518987341774,2873.559071729958,305396,305008,306,474
67,2946.905027932961,2865.6620111731845,305397,305009,290,358
67,2941.434074074074,2914.8133333333335,305400,305012,292,675
67,2903.2368932038835,2960.411650485437,305403,305015,305,515
67,2918.163732394366,2939.492957746479,305405,305017,282,568
67,2883.5689223057643,3080.1754385964914,305408,305020,295,399
67,2884.7443365695794,3025.6278317152105,305409,305021,296,309
67,2958.2164750957854,3065.5613026819924,305412,305024,293,522
67,2960.450431034483,3082.239224137931,305413,305025,294,464
67,2982.9592592592594,2974.687037037037,305419,305031,297,540
67,2938.526405451448,2997.9420783645655,305420,305032,298,587
67,2898.27607362,3044.3435582822085,305422,305034,285,326
67,2912.091503267974,3011.950980392157,305423,305035,307,306
67,2938.2262626262627,3051.741414141414,305429,305041,288,495
67,2906.987068965517,3068.310344827586,305430,305042,302,464
67,2984.8697916666665,3001.6510416666665,305432,305044,303,384
67,2971.8863049095607,3024.2894056847545,305433,305045,304,387
68,2861.5433070866143,2894.0992126,305779,305392,299,635
68,2886.5160202360876,2876.878583473862,305781,305394,300,593
68,2916.257692307692,2876.0538461538463,305783,305396,306,520
68,2941.1297709923665,2864.7379134860053,305784,305397,290,393
68,2940.355072463768,2915.3463768115944,305787,305400,292,690
68,2904.0801526717555,2961.8549618320612,305790,305403,305,524
68,2919.332669322709,2943.639442231076,305792,305405,282,502
68,2885.0579345088163,3080.559194,305795,305408,295,397
68,2886.69732938,3023.632047477745,305796,305409,296,337
68,2956.5546075085326,3065,305799,305412,293,586
68,2965.177966101695,3082.654237288136,305800,305413,294,590
68,2981.897435897436,2974.736263736264,305806,305419,297,546
68,2939.762152777778,3001.2204861111113,305807,305420,298,576
68,2893.111420612813,3043.8050139275765,305809,305422,285,359
68,2913.648414985591,3010.207492795389,305810,305423,307,347
68,2938.5686274509803,3049.448179271709,305816,305429,288,357
68,2908.7842741935483,3065.6068548387098,305817,305430,302,496
68,2997.4927113702624,2999.7259475218657,305819,305432,303,343
68,2971.233890214797,3022.2362768,305820,305433,304,419
69,2863.1900958466454,2893.776357827476,306166,305779,299,626
69,2888.40734557596,2875.746243739566,306168,305781,300,599
69,2914.185606060606,2877.0492424242425,306170,305783,306,528
69,2941.35593220339,2865.576271186441,306171,305784,290,413
69,2940.6822157434403,2916.349854227405,306174,305787,292,686
69,2890.01956522,2960.404347826087,306177,305790,305,460
69,2917.0912621359225,2943.6815533980584,306179,305792,282,515
69,2886.0075949367088,3080.721518987342,306182,305795,295,395
69,2884.327974276527,3025.418006430868,306183,305796,296,311
69,2955.8802488335923,3064.9595645412132,306186,305799,293,643
69,2968.629116117851,3081.0675909878682,306187,305800,294,577
69,2982.332703213611,2974.6767485822306,306193,305806,297,529
69,2939.51993067591,2997.951473136915,306194,305807,298,577
69,2892.68404908,3044.0184049079753,306196,305809,285,326
69,2912.0581039755352,3010.581039755352,306197,305810,307,327
69,2939.634328358209,3044.497512437811,306203,305816,288,402
69,2911.5127701375245,3065.4440078585462,306204,305817,302,509
69,2994.7918918918917,2997.7648648648646,306206,305819,303,370
69,2974.177033492823,3026.2942583732056,306207,305820,304,418
70,2862.322006472492,2894.2686084142397,306553,306166,299,618
70,2887.703642384106,2877.0496688741723,306555,306168,300,604
70,2911.5106382978724,2880.941489361702,306557,306170,306,564
70,2938.964509394572,2865.3528183716076,306558,306171,290,479
70,2939.9667149059333,2916.0318379160635,306561,306174,292,691
70,2881.007561436673,2969.132325141777,306564,306177,305,529
70,2916.277673545966,2944.5572232645404,306566,306179,282,533
70,2884.492307692308,3082.279487179487,306569,306182,295,390
70,2884.51410658,3024.6739811912225,306570,306183,296,319
70,2956.2319277108436,3065.359939759036,306573,306186,293,664
70,2969.49063032368,3081.7785349,306574,306187,294,587
70,2983.6486486486488,2975.69009009009,306580,306193,297,555
70,2935.652727272727,3000.9327272727273,306581,306194,298,550
70,2891.33426183844,3044.8523676880222,306583,306196,285,359
70,2909.1584415584416,3004.187013,306584,306197,307,385
70,2940.2568578553614,3039.216957605985,306590,306203,288,401
70,2911.7226563,3069.0449219,306591,306204,302,512
70,2995.4489311163898,2996.874109263658,306593,306206,303,421
70,2973.8450363196125,3024.3075060532688,306594,306207,304,413
71,2863.0870279146143,2893.246305418719,306940,306553,299,609
71,2888.5736040609136,2872.245346869712,306942,306555,300,591
71,2909.623076923077,2879.201923076923,306944,306557,306,520
71,2936.1694214876034,2864.4235537190084,306945,306558,290,484
71,2938.8975817923188,2916.1507823613088,306948,306561,292,703
71,2873.9576427255984,2970.6906077348067,306951,306564,305,543
71,2910.658490566038,2944.8867924528304,306953,306566,282,530
71,2884.7506112469437,3083.210268948655,306956,306569,295,409
71,2885.2283950617284,3025.6481481481483,306957,306570,296,324
71,2955.9522431259047,3064.0014471780028,306960,306573,293,691
71,2969.7272727272725,3081.0470779220777,306961,306574,294,616
71,2981.49203539823,2974.762831858407,306967,306580,297,565
71,2935.1288566243193,2998.7731397459165,306968,306581,298,551
71,2891.068376068376,3043.162393162393,306970,306583,285,351
71,2910.5720430107526,2999.5225806451613,306971,306584,307,465
71,2941.8655256723714,3030.5599022,306977,306590,288,409
71,2912.530612244898,3067.6586270871985,306978,306591,302,539
71,2994.956632653061,2993.872448979592,306980,306593,303,392
71,2976.3370535714284,3023.6004464285716,306981,306594,304,448
72,2866.450406504065,2894.6585365853657,307327,306940,299,615
72,2891.6459731543623,2871.5637583892617,307329,306942,300,596
72,2910.3576158940396,2881.679911699779,307331,306944,306,453
72,2938.0633946830267,2864.55623722,307332,306945,290,489
72,2939.3025936599424,2915.0172910662823,307335,306948,292,694
72,2870.7836363636366,2977.590909090909,307338,306951,305,550
72,2908.6486988847582,2942.1375464684015,307340,306953,282,538
72,2886.007462686567,3084.223880597015,307343,306956,295,402
72,2887.882716049383,3023.645061728395,307344,306957,296,324
72,2957.2906626506024,3064.98343373494,307347,306960,293,664
72,2972.7911908646,3081.0766721044047,307348,306961,294,613
72,2981.540834845735,2973.869328493648,307354,306967,297,551
72,2935.845117845118,2995.0185185185187,307355,306968,298,594
72,2891.1129943502824,3042.9209039548023,307357,306970,285,354
72,2909.3931623931626,2998.440170940171,307358,306971,307,468
72,2943.711409395973,3028.460850111857,307364,306977,288,447
72,2913.4466911764707,3067.8069852941176,307365,306978,302,544
72,2992.243718592965,2996,307367,306980,303,398
72,2974.74251497006,3025.925149700599,307368,306981,304,334
73,2864.9414556962024,2894.41139241,307714,307327,299,632
73,2890.196808510638,2871.3120567375886,307716,307329,300,564
73,2905.7440347071583,2886.232104121475,307718,307331,306,461
73,2932.361216730038,2865.0114068441067,307719,307332,290,526
73,2936.296402877698,2912.5726618705035,307722,307335,292,695
73,2867.573529411765,2977.7738970588234,307725,307338,305,544
73,2907.4442567567567,2938.9510135135133,307727,307340,282,592
73,2883.2118226600987,3083.3965517241377,307730,307343,295,406
73,2885.2052117263843,3024.2638436482084,307731,307344,296,307
73,2955.5414110429447,3064.0659509202455,307734,307347,293,652
73,2970.7924528301887,3080.0990566037735,307735,307348,294,636
73,2980.245704467354,2974.6219931271476,307741,307354,297,582
73,2933.4655737704916,2992.749180327869,307742,307355,298,610
73,2891.3055555555557,3041.847222222222,307744,307357,285,360
73,2904.737634408602,2998.4021505376345,307745,307358,307,465
73,2943.089156626506,3028.077108433735,307751,307364,288,415
73,2910.965714285714,3069.024761904762,307752,307365,302,525
73,2987.643203883495,2997.5412621359224,307754,307367,303,412
73,2972.1453634085215,3029.6065162907266,307755,307368,304,399
74,2867.367249602544,2893.4658187599366,308101,307714,299,629
74,2892.9774696707104,2867.3951473136917,308103,307716,300,577
74,2904.5235849056603,2887.367924528302,308105,307718,306,424
74,2934.3033268101763,2866.80821918,308106,307719,290,511
74,2937.1819484240687,2913.3782235,308109,307722,292,698
74,2864.030088495575,2978.145132743363,308112,307725,305,565
74,2907.0646853146854,2936.7325174825173,308114,307727,282,572
74,2883.0286396181386,3082.107398568019,308117,307730,295,419
74,2884.793442622951,3025.616393442623,308118,307731,296,305
74,2957.6079881656806,3062.4304733727813,308121,307734,293,676
74,2971.9769585253457,3080.8294930875577,308122,307735,294,651
74,2984.473043478261,2974.573913043478,308128,307741,297,575
74,2934.8918032786887,2987.4540983606557,308129,307742,298,610
74,2894.5054644808743,3041.117486338798,308131,307744,285,366
74,2906.3765432098767,3000.008230452675,308132,307745,307,486
74,2942.6353211009173,3027.302752293578,308138,307751,288,436
74,2913.433145009416,3069.276836158192,308139,307752,302,531
74,2985.0671641791046,2997.542288557214,308141,307754,303,402
74,2973.977375565611,3027.5791854999998,308142,307755,304,442
75,2868.2132231404958,2891.9537190082647,308488,308101,299,605
75,2893.64039408867,2866.538587848933,308490,308103,300,609
75,2905.3645320197043,2887.305418719212,308492,308105,306,406
75,2934.7543520309478,2865.145067698259,308493,308106,290,517
75,2937.7637906647806,2913.6166902404525,308496,308109,292,707
75,2862.30139373,2978.3118466898954,308499,308112,305,574
75,2905.2732142857144,2935.3928571428573,308501,308114,282,560
75,2883.2995169082124,3081.9830917874397,308504,308117,295,414
75,2886.7841945288756,3023.90273556231,308505,308118,296,329
75,2956.6077170418007,3063.5498392282957,308508,308121,293,622
75,2972.481818181818,3080.198484848485,308509,308122,294,660
75,2984.8434782608697,2973.0643478260868,308515,308128,297,575
75,2932.8063973063972,2984.5690235690236,308516,308129,298,594
75,2896.01222494,3041.7848410757947,308518,308131,285,409
75,2903.609375,2997.515625,308519,308132,307,512
75,2941.075055187638,3027.7417218543046,308525,308138,288,453
75,2913.1138059701493,3067.9850746268658,308526,308139,302,536
75,2981.59,2995.3425,308528,308141,303,400
75,2971.150357995227,3026.9379474940333,308529,308142,304,419
76,2868.65353038,2894.81280788,308875,308488,299,609
76,2894.3509316770187,2866.1506211180126,308877,308490,300,644
76,2907.870159453303,2890.7949886104784,308879,308492,306,439
76,2933.4812734082398,2865.5486891385767,308880,308493,290,534
76,2938.206847360913,2918.4479315263907,308883,308496,292,701
76,2862.125912408759,2984.7974452554745,308886,308499,305,548
76,2895.9174484052533,2934.493433395872,308888,308501,282,533
76,2882.3984575835475,3083.401028277635,308891,308504,295,389
76,2884.567741935484,3022.032258064516,308892,308505,296,310
76,2955.3978494623657,3066.400921658986,308895,308508,293,651
76,2971.946564885496,3081.960305343511,308896,308509,294,655
76,2983.580034423408,2974.5215146299483,308902,308515,297,581
76,2931.6868852459015,2986.198360655738,308903,308516,298,610
76,2895.9491916859124,3042.1362586605082,308905,308518,285,433
76,2900.9092627599243,2994.361058601134,308906,308519,307,529
76,2942.1405529953918,3028.336405529954,308912,308525,288,434
76,2912.5465949820787,3068.405017921147,308913,308526,302,558
76,2978.289855072464,2996.1207729468597,308915,308528,303,414
76,2970.4174311926604,3029.4954128440368,308916,308529,304,436
77,2869.2379562043798,2894.80145985,309262,308875,299,685
77,2895.0850722311397,2865.21990369,309264,308877,300,623
77,2908.0112107623318,2890.540358744395,309266,308879,306,446
77,2932.672967863894,2865.196597353497,309267,308880,290,529
77,2938.056439942113,2918.27496382055,309270,308883,292,691
77,2857.407272727273,2990.4763636363637,309273,308886,305,550
77,2889.3841807909603,2929.3596986817324,309275,308888,282,531
77,2881.712895377129,3082.323601,309278,308891,295,411
77,2884.440129449838,3023.537216828479,309279,308892,296,309
77,2956.4177852348994,3066.3640939597317,309282,308895,293,596
77,2972.080370942813,3081.4389489953633,309283,308896,294,647
77,2983.523396880416,2973.719237435009,309289,308902,297,577
77,2930.470588235294,2982.084775086505,309290,308903,298,578
77,2897.01735358,3041.8134490238613,309292,308905,285,461
77,2901.542342342342,2994.5891891891893,309293,308906,307,555
77,2941.5228758169933,3031.9934640522874,309299,308912,288,459
77,2911.9139194139193,3070.0018315018315,309300,308913,302,546
77,2978.125641025641,2993.976923076923,309302,308915,303,390
77,2970.453488372093,3027.155813953488,309303,308916,304,430
78,2870.023923444976,2894.5566188197768,309642,309262,299,627
78,2895.9921135646687,2864.758675078864,309644,309264,300,634
78,2909.7165532879817,2891.4557823129253,309646,309266,306,441
78,2933.534749034749,2863.5830115830117,309647,309267,290,518
78,2938.885057471264,2918.2916666666665,309650,309270,292,696
78,2853.7845601436265,2994.67684021544,309653,309273,305,557
78,2882.13909774,2928.5375939849623,309655,309275,282,532
78,2882.3047619,3082.192857142857,309658,309278,295,420
78,2883.9303797468356,3023.8259493670885,309659,309279,296,316
78,2962.2681660899652,3062.470588235294,309662,309282,293,578
78,2972.422188,3082.1294298921416,309663,309283,294,649
78,2984.2118055555557,2972.8298611111113,309669,309289,297,576
78,2929.108581436077,2980.9334500875657,309670,309290,298,571
78,2898.3525498891354,3041.0731707317073,309672,309292,285,451
78,2900.1022304832713,2994.3587360594797,309673,309293,307,538
78,2941.1912832929784,3033.583535108959,309679,309299,288,413
78,2912.7675675675678,3071.1153153153155,309680,309300,302,555
78,2977.7809278350514,2991.814432989691,309682,309302,303,388
78,2969.9296375266526,3026.8017057569296,309683,309303,304,469
79,2869.621745788668,2895.346094946401,310014,309642,299,653
79,2893.96875,2859.540625,310016,309644,300,640
79,2907.022123893805,2890.82079646,310018,309646,306,452
79,2932.4686274509804,2862.6313725490195,310019,309647,290,510
79,2939.1350954478708,2915.224669603524,310022,309650,292,681
79,2850.8879159369526,2997.4255691768826,310025,309653,305,571
79,2873.826003824092,2924.300191204589,310027,309655,282,523
79,2880.5724465558196,3080.524940617577,310030,309658,295,421
79,2883.3343848580444,3020.6624605678235,310031,309659,296,317
79,2964.5221843003415,3059.9778156996585,310034,309662,293,586
79,2970.7858243451465,3082.431432973806,310035,309663,294,649
79,2982.3231810490693,2972.849407783418,310041,309669,297,591
79,2926.9549248747912,2979.2954924874794,310042,309670,298,599
79,2897.271948608137,3041.0128479657387,310044,309672,285,467
79,2896.9454191033137,2993.358674463938,310045,309673,307,513
79,2939.695464362851,3030.7408207343415,310051,309679,288,463
79,2912.162062615101,3072.7053406998157,310052,309680,302,543
79,2974.695852534562,2993.7073732718895,310054,309682,303,434
79,2970.2651821862346,3028.821862348178,310055,309683,304,494
80,2869.82802548,2894.91242038,310386,310014,299,628
80,2893.8684627575276,2860.321711568938,310388,310016,300,631
80,2906.8747252747253,2890.7736263736265,310390,310018,306,455
80,2932.054307116105,2861.7247191,310391,310019,290,534
80,2938.725321888412,2915.505007153076,310394,310022,292,699
80,2847.386243386243,3003.3086419753085,310397,310025,305,567
80,2867.86862745,2921.225490196078,310399,310027,282,510
80,2879.6634615384614,3079.8485576923076,310402,310030,295,416
80,2882.7837837837837,3024.2972972972975,310403,310031,296,296
80,2967.1599353796446,3058.7867528271404,310406,310034,293,619
80,2970.03317535545,3083.6018957345973,310407,310035,294,633
80,2982.7964601769913,2973.5557522123895,310413,310041,297,565
80,2926.176895306859,2976.202166064982,310414,310042,298,554
80,2897.3333333333335,3040.4831223628694,310416,310044,285,474
80,2897.2289803220037,2991.8783542039355,310417,310045,307,559
80,2939.692468619247,3029.4853556485355,310423,310051,288,478
80,2911.9477477477476,3074.810810810811,310424,310052,302,555
80,2974.2488479262674,2992.9308755760367,310426,310054,303,434
80,2969.3777777777777,3028.731313131313,310427,310055,304,495
81,2870.2028301886794,2895.2264150943397,310758,310386,299,636
81,2894.30279503,2859.6257763975154,310760,310388,300,644
81,2906.6393805309735,2890.8384955752213,310762,310390,306,452
81,2933.3382899628255,2862.806691449814,310763,310391,290,538
81,2938.8367052023123,2917.166184971098,310766,310394,292,692
81,2845.505154639175,3006.676975945017,310769,310397,305,582
81,2861.6943907156674,2918.831721470019,310771,310399,282,517
81,2880.1258278145697,3082.189845474614,310774,310402,295,453
81,2882.0298013245033,3022.5231788079473,310775,310403,296,302
81,2969.727115716753,3058.585492227979,310778,310406,293,579
81,2970.0388802488337,3085.138413685848,310779,310407,294,643
81,2982.6230636833047,2973.8502581755592,310785,310413,297,581
81,2926.694885361552,2974.763668430335,310786,310414,298,567
81,2897.5173116089613,3040.953156822811,310788,310416,285,491
81,2897.5464098073553,2990.1751313485115,310789,310417,307,571
81,2939.580041580042,3027.4033264033264,310795,310423,288,481
81,2912.980108499096,3075.1211573,310796,310424,302,553
81,2974.9572072072074,2993.6644144144143,310798,310426,303,444
81,2971.771855010661,3029.8294243070363,310799,310427,304,469
82,2870.2805071315374,2896.797147385103,311130,310758,299,631
82,2893.2609375,2860.215625,311132,310760,300,640
82,2907.6933045356373,2890.974082073434,311134,310762,306,463
82,2931.876865671642,2863.5783582089553,311135,310763,290,536
82,2938.7815384615383,2916.9353846153845,311138,310766,292,650
82,2838.520458265139,3010.991816693944,311141,310769,305,611
82,2850.637867647059,2914.979779411765,311143,310771,282,544
82,2880.8268792710705,3083.73576309795,311146,310774,295,439
82,2881.1638225255974,3022.9044368600685,311147,310775,296,293
82,2970.9795918367345,3057.3061224489797,311150,310778,293,588
82,2970.1615384615384,3085.9261538461537,311151,310779,294,650
82,2982.604377104377,2973.459595959596,311157,310785,297,594
82,2922.1581818181817,2972.8927272727274,311158,310786,298,550
82,2896.4494845360823,3041.8762886597938,311160,310788,285,485
82,2895.597197898424,2988.07530647986,311161,310789,307,571
82,2939.472647702407,3028.8446389496717,311167,310795,288,457
82,2913.642599277978,3074.7111913357403,311168,310796,302,554
82,2975.112582781457,2993.673289183223,311170,310798,303,453
82,2969.5818540433925,3029.786982248521,311171,310799,304,507
83,2870.6127450980393,2895.3071895424837,311502,311130,299,612
83,2894.9397217928904,2860.003091190108,311504,311132,300,647
83,2909.4138655462184,2911.6134453781515,311506,,308,476
83,2932.256880733945,2864.5981651376146,311507,311135,290,545
83,2938.491354466859,2912.577809798271,311510,311138,292,694
83,2832.8295819935693,3015.5916398713825,311513,311141,305,622
83,2850.621818181818,2913.8927272727274,311515,311143,282,550
83,2882.995652173913,3083.6,311518,311146,295,460
83,2879.416938110749,3019.560260586319,311519,311147,296,307
83,2974.136439267887,3054.2429284525792,311522,311150,293,601
83,2971.2094488188977,3084.568503937008,311523,311151,294,635
83,2983.333904109589,2970,311529,311157,297,584
83,2924.1125198098257,2969.1521394611727,311530,311158,298,631
83,2894.7726358148893,3041.9517102615696,311532,311160,285,497
83,2895.848229342327,2986.0033726812817,311533,311161,307,593
83,2939.6972281449894,3029.993603411514,311539,311167,288,469
83,2914.253164556962,3074.227848101266,311540,311168,302,553
83,2977.76993166287,2989.751708428246,311542,311170,303,439
83,2968.9375,3028.171875,311543,311171,304,512
84,2870.4802631578946,2895.8338815789475,311874,311502,299,608
84,2892.4774494556764,2861.105754276827,311876,311504,300,643
84,2896.1776315789475,2935.527960526316,311878,,309,608
84,2930.7582417582416,2865.9871794871797,311879,311507,290,546
84,2939.640404040404,2917.0242424242424,311882,311510,292,495
84,2828.189792663477,3019.2535885167463,311885,311513,305,627
84,2852.4217081850534,2915.5462633451957,311887,311515,282,562
84,2881.878587196468,3087.3245033112585,311890,311518,295,453
84,2877.691029900332,3019.448504983389,311891,311519,296,301
84,2973.908474576271,3053.3677966101695,311894,311522,293,590
84,2969.681402439024,3085.2759146341464,311895,311523,294,656
84,2977.527731092437,2969.494117647059,311901,311529,297,595
84,2922.283531409168,2970.2597623089982,311902,311530,298,589
84,2892.0482897384304,3042.0221327967806,311904,311532,285,497
84,2893.796875,2985.9756944444443,311905,311533,307,576
84,2937.9633620689656,3030.262931034483,311911,311539,288,464
84,2913.410934744268,3075.084656084656,311912,311540,302,567
84,2977.2358079,2990.5676855895194,311914,311542,303,458
84,2966.2713755,3029.0185873605947,311915,311543,304,538
85,2872.4442595673877,2895.8535773710482,312246,311874,299,601
85,2893.8107692307694,2859.964615384615,312248,311876,300,650
85,2885.4926470588234,2955.1,312250,,310,680
85,2929.906810035842,2868.921146953405,312251,311879,290,558
85,2825.8051118210865,3022.052715654952,312257,311885,305,626
85,2858.9297012302286,2918.6133567662564,312259,311887,282,569
85,2881.90987124,3086.5150214592277,312262,311890,295,466
85,2876.918367346939,3019.5850340136053,312263,311891,296,294
85,2975.104918032787,3052.1409836065573,312266,311894,293,610
85,2969.7480680061826,3085.6352395672334,312267,311895,294,647
85,2975.63468013468,2968.621212121212,312273,311901,297,594
85,2919.6048780487804,2966.8959349593497,312274,311902,298,615
85,2891.972,3041.99,312276,311904,285,500
85,2890.1543739279587,2985.7993138936536,312277,311905,307,583
85,2936.6059999999998,3030.79,312283,311911,288,500
85,2912.6949458483755,3073.9115523465703,312284,311912,302,554
85,2979.7204081632653,2991.069387755102,312286,311914,303,490
85,2966.7926605504585,3029.5504587155965,312287,311915,304,545
85,2949.468926553672,2915.813559322034,312289,311882,292,177
85,2915.473988439306,2919.208092485549,312290,,311,173
86,2872.9839743589746,2896.2820512820513,312618,312246,299,624
86,2894.5613496932515,2860.4923312883434,312620,312248,300,652
86,2892.0268096514747,2962.563002680965,312622,312250,310,746
86,2931.0213903743315,2868.4188948306596,312623,312251,290,561
86,2825.1632,3023.4608,312629,312257,305,625
86,2856.723076923077,2918.131623931624,312631,312259,282,585
86,2883.680525164114,3087.0306345733043,312634,312262,295,457
86,2878.31325301,3018.9939759036142,312635,312263,296,332
86,2974.4612903225807,3053.1725806451614,312638,312266,293,620
86,2970.2003081664097,3085.4391371340525,312639,312267,294,649
86,2975.54,2968.84,312645,312273,297,600
86,2918.240983606557,2965.6393442622953,312646,312274,298,610
86,2892.551515151515,3043.088888888889,312648,312276,285,495
86,2890.492673992674,2988.1227106227107,312649,312277,307,546
86,2937.5461847389556,3031.6305220883532,312655,312283,288,498
86,2913.4534050179213,3074.4121863799282,312656,312284,302,558
86,2982.212981744422,2990.9898580121703,312658,312286,303,493
86,2967.7115384615386,3028.9108391608393,312659,312287,304,572
86,2947.2929688,2916.0078125,312661,312289,292,256
86,2914.1423611111113,2906.2430555555557,312662,312290,311,288
87,2873.0565428109853,2896.361873990307,313007,312618,299,619
87,2893.983231707317,2861.3506097560976,313009,312620,300,656
87,2901.474554707379,2961.4503816793895,313011,312622,310,786
87,2931.4723707664884,2868.0499108734402,313012,312623,290,561
87,2823.4789391575664,3024.6146645865833,313018,312629,305,641
87,2853.4558058925477,2914.485268630849,313020,312631,282,577
87,2884.3096234309623,3086.9623430962342,313023,312634,295,478
87,2876.598006644518,3020.6943521594685,313024,312635,296,301
87,2974.7895595,3053.1957585644373,313027,312638,293,613
87,2969.906584992343,3085.4640122511487,313028,312639,294,653
87,2975.3939899833053,2968.3756260434056,313034,312645,297,599
87,2921.2912087912086,2965.7747252747254,313035,312646,298,364
87,2892.542406311637,3043.5128205128203,313037,312648,285,507
87,2890.7274401473296,2987.403314917127,313038,312649,307,543
87,2936.6626506024095,3031.8594378,313044,312655,288,498
87,2914.053448275862,3074.4327586206896,313045,312656,302,580
87,2983.41928721174,2990.6121593291405,313047,312658,303,477
87,2966.220665499124,3028.9894921190894,313048,312659,304,571
87,2946.2673611111113,2914.3611111111113,313050,312661,292,288
87,2913.248520710059,2909.0325443786983,313051,312662,311,338
88,2868.0996677740864,2895.822259136213,313396,313007,299,602
88,2893.440909090909,2861.025757575758,313398,313009,300,660
88,2902.981581798483,2965.8223185265438,313400,313011,310,923
88,2931.487544483986,2868.693950177936,313401,313012,290,562
88,2821.937984496124,3026.460465116279,313407,313018,305,645
88,2846.7428087986464,2911.959390862944,313409,313020,282,591
88,2882.643298969072,3086.719587628866,313412,313023,295,485
88,2876.09009009009,3018.3993993993995,313413,313024,296,333
88,2976.048818897638,3051.503937007874,313416,313027,293,635
88,2969.264150943396,3085.7484277,313417,313028,294,636
88,2974.0065573770494,2968.173770491803,313423,313034,297,610
88,2919.64465408805,2965.462264150943,313424,313035,298,318
88,2891.261044176707,3045.8694779116468,313426,313037,285,498
88,2887.6766055045873,2987.105504587156,313427,313038,307,436
88,2936.017094017094,3031.6175213675215,313433,313044,288,468
88,2912.978761061947,3072.8053097345132,313434,313045,302,565
88,2982.274841437632,2992.7653276955602,313436,313047,303,473
88,2965.6254237288135,3029.501694915254,313437,313048,304,590
88,2946.8463768115944,2917.255072463768,313439,313050,292,345
88,2909.558536585366,2907.4853658536585,313440,313051,311,410
89,2868.6035398230088,2896.98584071,313785,313396,299,565
89,2894.1833590138676,2860.929121725732,313787,313398,300,649
89,2906.8431876606683,2962.2352185089976,313789,313400,312,778
89,2933.5793103448277,2866.094827586207,313790,313401,290,580
89,2819.7963525835867,3028.855623100304,313796,313407,305,658
89,2841.301854974705,2908.971332209106,313798,313409,282,593
89,2884.1991341991343,3086.625541125541,313801,313412,295,462
89,2877.551401869159,3020.8909657320874,313802,313413,296,321
89,2978.471138845554,3049.5741029641185,313805,313416,293,641
89,2969.804651162791,3084.694573643411,313806,313417,294,645
89,2975.3204508856684,2967.9291465378424,313812,313423,297,621
89,2911.4857142857145,2947.766666666667,313813,313400,313,210
89,2891.996031746032,3046.436507936508,313815,313426,285,504
89,2889.47792706334,2984.562380038388,313816,313427,307,521
89,2936.963906581741,3027.9957537154987,313822,313433,288,471
89,2915.5742397137747,3072.2397137745975,313823,313434,302,559
89,2984.159329140461,2991.937106918239,313825,313436,303,477
89,2964.4403973509934,3029.948675496689,313826,313437,304,604
89,2948.190243902439,2917.9756097560976,313828,313439,292,410
89,2908.395734597156,2909.071090047393,313829,313440,311,422
90,2867.5406301824214,2898.5605306799334,314174,313785,299,603
90,2895.46072508,2862.0181268882175,314176,313787,300,662
90,2888.976613657624,2944.7698783910196,314178,,314,1069
90,2935.678507992895,2861.5861456483126,314179,313790,290,563
90,2815.625187406297,3031.9715142428786,314185,313796,305,667
90,2834.7775974,2904.5876623376626,314187,313798,282,616
90,2884.80462185,3088.6911764705883,314190,313801,295,476
90,2875.0523255813955,3017.3837209302324,314191,313802,296,344
90,2979.142424242424,3048.6227272727274,314194,313805,293,660
90,2969.1483771251933,3085.3817619783617,314195,313806,294,647
90,2978.2596153846152,2968.709935897436,314201,313812,297,624
90,2911.5412667946257,2958.3953934740885,314202,313789,312,521
90,2891.0297619,3047.7103174603176,314204,313815,285,504
90,2887.55041322,2984.3702479338845,314205,313816,307,605
90,2935.7897959183674,3029.7673469387755,314211,313822,288,490
90,2914.702166064982,3073.4711191,314212,313823,302,554
90,2982.8141962421714,2992.830897703549,314214,313825,303,479
90,2962.464401294498,3031.2653721682846,314215,313826,304,618
90,2950.554565701559,2922.15144766147,314217,313828,292,449
90,2910.293388429752,2911.8471074380163,314218,313829,311,484
91,2866.9095477386936,2897.614740368509,314563,314174,299,597
91,2896.8995433789955,2860.03500761035,314565,314176,300,657
91,2894.186936936937,2956.115990990991,314567,314178,314,888
91,2936.2733686067018,2859.8818342151676,314568,314179,290,567
91,2814.560902255639,3034.0255639097745,314575,314185,305,665
91,2831.717741935484,2901.8322580645163,314576,314187,282,620
91,2888.619469026549,3090.8539823,314579,314190,295,452
91,2875.128205128205,3018.8429487179487,314580,314191,296,312
91,2980.1203703703704,3046.567901234568,314583,314194,293,648
91,2969.2136075949365,3085.85917721519,314584,314195,294,632
91,2979.671009771987,2969.1058631921824,314590,314201,297,614
91,2913.792828685259,2957.0916334661356,314591,314202,312,251
91,2890.812133072407,3048.205479452055,314593,314204,285,511
91,2884.0192644483363,2983.4553415061296,314594,314205,307,571
91,2934.504132231405,3027.2995867768595,314600,314211,288,484
91,2915.698729582577,3071.9745916515426,314601,314212,302,551
91,2983.1785714285716,2993.2043650793653,314603,314214,303,504
91,2963.1033333333335,3031.11,314604,314215,304,600
91,2951.157667386609,2920.6738660907126,314606,314217,292,463
91,2910.4103092783507,2913.8391752577318,314607,314218,311,485
0,3308.964343598055,3308.1004862236628,320076,,321,617
0,3328.9816513761466,3335.229357798165,320086,,322,545
0,3292.9450980392157,3453.6176470588234,320094,,323,510
0,3328.3742331288345,3458.7586912,320098,,324,489
0,3343.1946902654868,3417.2367256637167,320102,,325,452
0,3354.1855421686746,3439.2048192771085,320112,,326,415
1,3308.7487922705313,3308.376811594203,320442,320076,321,621
1,3328.5667938931297,3335.7080152671756,320452,320086,322,524
1,3293.8650190114067,3452.9410646387832,320460,320094,323,526
1,3328.990253411306,3459.3762183235867,320464,320098,324,513
1,3343.617475728155,3419.9320388349515,320468,320102,325,515
1,3358.1137440758293,3439.4170616113743,320478,320112,326,422
2,3308.4156626506024,3311.0135542168673,320808,320442,321,664
2,3328.1570093457944,3337.9028037383177,320818,320452,322,535
2,3292.865275142315,3453.2087286527512,320826,320460,323,527
2,3327.577821011673,3460.025291828794,320830,320464,324,514
2,3341.6378986866794,3422.5984990619136,320834,320468,325,533
2,3358.8108747044917,3440.1229314420802,320844,320478,326,423
3,3310.7360703812315,3312.0938416422287,321174,320808,321,682
3,3329.344122657581,3339.5706984667804,321184,320818,322,587
3,3292.9784560143626,3451.9982046678633,321192,320826,323,557
3,3327.6983240223462,3459.4040968342642,321196,320830,324,537
3,3343.5250463821894,3418.4935064935066,321200,320834,325,539
3,3359.086651053864,3438.032786885246,321210,320844,326,427
4,3310.675213675214,3313.112535612536,321540,321174,321,702
4,3331.0226086956523,3344.224347826087,321550,321184,322,575
4,3290.8998035363456,3449.0294695481334,321558,321192,323,509
4,3324.817543859649,3459.9122807017543,321562,321196,324,570
4,3343.936170212766,3418.7429078014184,321566,321200,325,564
4,3359.9357429718875,3436.4618473895584,321576,321210,326,498
5,3310.431154381085,3313.542420027816,321906,321540,321,719
5,3329.941712204007,3347.601092896175,321916,321550,322,549
5,3292.0506108202444,3448.696335078534,321924,321558,323,573
5,3328.440199335548,3456.2923588039866,321928,321562,324,602
5,3349.6557971014495,3414.4003623188405,321932,321566,325,552
5,3376.5,3425.546052631579,321944,321576,327,152
5,3350.3893805309735,3438.4867256637167,321945,321576,328,113
6,3308.516452074392,3311.8769670958513,322272,321906,321,699
6,3333.9483394833946,3348.463099630996,322282,321916,322,542
6,3296.10294118,3450.6388888888887,322290,321924,323,612
6,3331.1860036832413,3464.307550644567,322294,321928,324,543
6,3352.275471698113,3413.7226415094337,322298,321932,325,530
6,3375.707509881423,3426.6363636363635,322310,321944,327,253
6,3350.4308300395255,3442.826086956522,322311,321945,328,253
7,3311.2363387978144,3311.5,322638,322272,321,732
7,3331.0650684931506,3347.6181506849316,322648,322282,322,584
7,3294.450406504065,3450.377235772358,322656,322290,323,615
7,3329.9849749582636,3470.001669449082,322660,322294,324,599
7,3347.289048473968,3417.5385996409336,322664,322298,325,557
7,3376.7859531772574,3423.040133779264,322676,322310,327,299
7,3352.3,3445.735294117647,322677,322311,328,340
8,3309.1476063829787,3311.75,323004,322638,321,752
8,3333.4173622704507,3343.6777963,323014,322648,322,599
8,3295.8,3449.7015625,323022,322656,323,640
8,3330.2066772655007,3468.7138314785375,323026,322660,324,629
8,3360.0254237288136,3398.7118644067796,323032,,329,118
8,3334.3852459016393,3417.4836065573772,323033,322664,325,122
8,3374.9407407407407,3423.1925925925925,323042,322676,327,405
8,3350.637566137566,3442.436507936508,323043,322677,328,378
9,3306.907608695652,3311.5801630434785,323370,323004,321,736
9,3332.8888888888887,3342.2550860719875,323380,323014,322,639
9,3294.547904191617,3454.3562874251497,323388,323022,323,668
9,3333.1302325581396,3476.1596899224805,323392,323026,324,645
9,3355.6609686609686,3401.9173789173788,323398,323032,329,351
9,3332.0967741935483,3424.6693548387098,323399,323033,325,248
9,3377.286343612335,3421.3942731277534,323408,323042,327,454
9,3349.2265060240966,3447.0578313253013,323409,323043,328,415
10,3304.2427983539096,3309.0727023319614,323733,323370,321,729
10,3331.448529411765,3340.2132352941176,323743,323380,322,680
10,3294.7585185185185,3453.6740740740743,323751,323388,323,675
10,3335.93343419062,3477.68532526475,323755,323392,324,661
10,3356.7797927,3402.077720207254,323761,323398,329,386
10,3328.3148788927338,3429.3148788927338,323762,323399,325,289
10,3382.2362768,3416.7947494033415,323771,323408,327,419
10,3353.052401746725,3443.8209606986898,323772,323409,328,458
11,3304.7551299589604,3306.8659370725036,324107,323733,321,731
11,3330.2875175315567,3338.8373071528754,324117,323743,322,713
11,3295.9719626168226,3452.0155763239877,324125,323751,323,642
11,3337.0014836795253,3475.3961424332347,324129,323755,324,674
11,3359.6575,3401.81,324135,323761,329,400
11,3326.6063218390805,3433.7758620689656,324136,323762,325,348
11,3384.9099756691,3415.3576642335765,324145,323771,327,411
11,3351.914606741573,3438.3797752808987,324146,323772,328,445
12,3293.3494623655915,3308.1935483870966,324481,324107,321,558
12,3323.723374827109,3336.554633471646,324491,324117,322,723
12,3293.84122137,3452.6946564885498,324499,324125,323,655
12,3336.679640718563,3476.7050898203593,324503,324129,324,668
12,3358.609375,3400.8035714285716,324509,324135,329,448
12,3319.639037433155,3444.2272727272725,324510,324136,325,374
12,3385.9521640091116,3410.2915717539863,324519,324145,327,439
12,3352.0703624733474,3439.443496801706,324520,324146,328,469
13,3310.8325791855204,3301.9547511312217,324857,324481,330,221
13,3281.90410959,3302.178082191781,324858,324481,331,219
13,3322.143661971831,3337.311267605634,324865,324491,322,710
13,3294.945185185185,3452.3674074074074,324873,324499,323,675
13,3339.468656716418,3477.1820895522387,324877,324503,324,670
13,3356.9206349206347,3400.24716553288,324883,324509,329,441
13,3320.291005291005,3444.685185185185,324884,324510,325,378
13,3387.3716814159293,3408.0442477876104,324893,324519,327,452
13,3354.102766798419,3436.5375494071145,324894,324520,328,506
14,3312.839116719243,3293.7917981072555,325231,324857,330,317
14,3282.8590604026845,3300.6375838926174,325232,324858,331,298
14,3329.6473779385174,3351.5443037974683,325239,324865,322,553
14,3294.719298245614,3452.7587719298244,325247,324873,323,684
14,3340.578125,3479.258522727273,325251,324877,324,704
14,3355.60843373494,3400.477911646586,325257,324883,329,498
14,3319.30179028133,3448.7519181585676,325258,324884,325,391
14,3384.6961206896553,3409.780172413793,325267,324893,327,464
14,3351.6772277227724,3440.732673267327,325268,324894,328,505
15,3311.989247311828,3294.239247311828,325605,325231,330,372
15,3280.295652173913,3300.6608695652176,325606,325232,331,345
15,3315.6171003717473,3322.1598513011154,325615,,332,269
15,3334.153409090909,3346.7386363636365,325616,325239,322,352
15,3294.3478260869565,3453.0420757363254,325621,325247,323,713
15,3343.515994436718,3477.53685674548,325625,325251,324,719
15,3352.433198380567,3404.917004,325631,325257,329,494
15,3318.885922330097,3451.9271844660193,325632,325258,325,412
15,3385.4232456140353,3405.9013157894738,325641,325267,327,456
15,3352.0797546,3443.638036809816,325642,325268,328,489
16,3313.9274611398964,3295.484455958549,325971,325605,330,386
16,3282.1648648648647,3298.5891891891893,325972,325606,331,370
16,3320.4620462046205,3315.4191419141916,325981,325615,332,303
16,3335.36815920398,3349.241293532338,325982,325616,322,402
16,3296.1373937677054,3454.0240793201133,325987,325621,323,706
16,3343.8011363636365,3477.2485795454545,325991,325625,324,704
16,3353.3978723404257,3403.7148936170215,325997,325631,329,470
16,3320.7072072072074,3446.689189189189,325998,325632,325,444
16,3385.501075268817,3407.750537634409,326007,325641,327,465
16,3352.56512605042,3444.5063025210084,326008,325642,328,476
17,3313.4380530973453,3293.0884955752213,326337,325971,330,452
17,3284.85861183,3300.4498714652955,326338,325972,331,389
17,3321.970930232558,3313.686046511628,326347,325981,332,344
17,3335.0985576923076,3349.608173076923,326348,325982,322,416
17,3294.45844875,3454.371191135734,326353,325987,323,722
17,3342.8948824343015,3479.5325034578145,326357,325991,324,723
17,3357.5960698689955,3402.052401746725,326363,325997,329,458
17,3320.3196544276457,3446.194384449244,326364,325998,325,463
17,3383.1016597510375,3412.844398340249,326373,326007,327,482
17,3348.89485458613,3448.460850111857,326374,326008,328,447
18,3314.5496688741723,3291.1810154525388,326718,326337,330,453
18,3282.9302325581393,3298.0645994832043,326719,326338,331,387
18,3320.1917404129795,3311.3303834808257,326728,326347,332,339
18,3334.4419753,3349.3135802469137,326729,326348,322,405
18,3291.622462787551,3456.4776725304464,326734,326353,323,739
18,3344.0078226857886,3479.511082138201,326738,326357,324,767
18,3353.978540772532,3404.0858369098714,326744,326363,329,466
18,3318.3258928571427,3440.1272321428573,326745,326364,325,448
18,3381.700205338809,3409.0616016427107,326754,326373,327,487
18,3342.649667405765,3450.8558758314857,326755,326374,328,451
19,3322.950226244344,3290.552036199095,327093,326718,330,442
19,3286.109756097561,3298.307317073171,327094,326719,331,410
19,3320.535014005602,3311.8711484593837,327103,326728,332,357
19,3333.5668103448274,3345.239224137931,327104,326729,322,464
19,3293.1367292200002,3455.9678284182305,327109,326734,323,746
19,3344.732026143791,3480.5777777777776,327113,326738,324,765
19,3355.8571428571427,3399.7824175824176,327119,326744,329,455
19,3320.6773455377574,3439.0915331807782,327120,326745,325,437
19,3382.1071428571427,3408.436507936508,327129,326754,327,504
19,3345.028824833703,3452.441241685144,327130,326755,328,451
20,3320.714285714286,3290.6866359447004,327468,327093,330,434
20,3283.703791469194,3292.7890995260664,327469,327094,331,422
20,3317.231707317073,3310.4829268292683,327478,327103,332,410
20,3329.758318739054,3344.737302977233,327479,327104,322,571
20,3293.59403372,3455.3463035019454,327484,327109,323,771
20,3345.7984084880636,3480.8965517241377,327488,327113,324,754
20,3353.352808988764,3402.0247191011235,327494,327119,329,445
20,3318.368539325843,3442.6764045,327495,327120,325,445
20,3381.810707456979,3408.3862332695985,327504,327129,327,523
20,3343.015486725664,3452.1969026548672,327505,327130,328,452
21,3316.366729678639,3287.056710775047,327843,327468,330,529
21,3281.6556701030927,3293.7051546391754,327844,327469,331,485
21,3317.592750533049,3313.72921108742,327853,327478,332,469
21,3321.102564102564,3350.7124542124543,327854,327479,322,546
21,3293.375494071146,3452.409749670619,327859,327484,323,759
21,3344.5459387483356,3480.2902796271637,327863,327488,324,751
21,3356.870892018779,3397.823943661972,327869,327494,329,426
21,3317.534090909091,3442.359090909091,327870,327495,325,440
21,3379.4587737843553,3416.2727272727275,327879,327504,327,473
21,3343.1721854304637,3450.326710816777,327880,327505,328,453
22,3318.1486988847582,3291.328996282528,328218,327843,330,538
22,3280.730132450331,3293.387417218543,328219,327844,331,604
22,3324.747844827586,3322.9762931034484,328228,327853,332,464
22,3315.2737642585553,3358.7851711026615,328229,327854,322,526
22,3291.8834196891194,3452.979274611399,328234,327859,323,772
22,3346.232189973615,3480.353562005277,328238,327863,324,758
22,3357.6659436008676,3399.1301518438177,328244,327869,329,461
22,3315.75,3443.4322916666665,328245,327870,325,384
22,3380.2942386831273,3416.251028806584,328254,327879,327,486
22,3339.9265033407573,3450.5077951002227,328255,327880,328,449
23,3315.768946395564,3287.5526802218114,328593,328218,330,541
23,3274.66104553,3294.4198988195617,328594,328219,331,593
23,3332.4795918367345,3320.6285714285714,328603,328228,332,490
23,3315.678392,3356.9363484087103,328604,328229,322,597
23,3291.470879801735,3452.3023543990084,328609,328234,323,807
23,3346.3700887198984,3479.6451204055766,328613,328238,324,789
23,3362.335164835165,3403.388278388278,328619,328244,329,546
23,3314.051413881748,3446.8020565552697,328620,328245,325,389
23,3385.5866050808313,3417.323325635104,328629,328254,327,433
23,3340.3940042826553,3448.82869379015,328630,328255,328,467
24,3314.729537366548,3288.0409252669037,328975,328593,330,562
24,3274.813953488372,3294.6744186046512,328976,328594,331,602
24,3333.595387840671,3317.431865828092,328985,328603,332,477
24,3316.414976599064,3354.4227769110767,328986,328604,322,641
24,3293.5195460277428,3450.2395964691045,328991,328609,323,793
24,3348.807113543092,3481.454172366621,328995,328613,324,731
24,3361.5825242718447,3402.7805825242717,329001,328619,329,515
24,3315.273291925466,3447.1273291925468,329002,328620,325,322
24,3385.5040322580644,3417.1149193548385,329011,328629,327,496
24,3342.1974789915967,3447.4012605042017,329012,328630,328,476
25,3307.9,3288.7254237288134,329357,328975,330,590
25,3271.540133779264,3293.6521739130435,329358,328976,331,598
25,3332.233333333333,3318.529411764706,329367,328985,332,510
25,3311.6666666666665,3354.701834862385,329368,328986,322,654
25,3291.683804627249,3451.0938303341904,329373,328991,323,778
25,3347.9184210526314,3480.628947368421,329377,328995,324,760
25,3361.426,3403.266,329383,329001,329,500
25,3313.08253968254,3447.488888888889,329384,329002,325,315
25,3382.180527383367,3421.6409736308315,329393,329011,327,493
25,3339.3453093812377,3446.4730538922154,329394,329012,328,501
26,3308.6808905380335,3286.595547309833,329740,329357,330,539
26,3273.34925865,3296.4184514003296,329741,329358,331,607
26,3332.9823529411765,3315.850980392157,329750,329367,332,510
26,3311.826215022091,3355.558173784978,329751,329368,322,679
26,3292.240458015267,3451.998727735369,329756,329373,323,786
26,3347.9421487603304,3479.564738292011,329760,329377,324,726
26,3363.8827038,3397.9502982107356,329766,329383,329,503
26,3314.7166666666667,3444.5138888888887,329767,329384,325,360
26,3380.2013129102843,3426.770240700219,329776,329393,327,457
26,3339.6757813,3444.5449219,329777,329394,328,512
27,3315.657091561939,3287.3105924596052,330123,329740,330,557
27,3276.258116883117,3295.5113636363635,330124,329741,331,616
27,3335.056092843327,3317.191489361702,330133,329750,332,517
27,3312.5555555555557,3356.972972972973,330134,329751,322,666
27,3296.7421777221525,3449.823529411765,330139,329756,323,799
27,3347.151851851852,3478.7395061728394,330143,329760,324,810
27,3368.8278689,3393.9549180327867,330149,329766,329,488
27,3318.644699140401,3443.183381088825,330150,329767,325,349
27,3379.859470468432,3427.9490835,330159,329776,327,491
27,3343.037773359841,3444.0536779324057,330160,329777,328,503
28,3316.3044217687075,3283.052721088435,330506,330123,330,588
28,3274.39726027,3295.2414383561645,330507,330124,331,584
28,3337.751879699248,3315.308270676692,330516,330133,332,532
28,3312.217261904762,3356.3258928571427,330517,330134,322,672
28,3294.4942675159236,3449.067515923567,330522,330139,323,785
28,3346.914586070959,3481.337713534823,330526,330143,324,761
28,3365.7880085653105,3391.6188436830835,330532,330149,329,467
28,3316.9142091152817,3443.9034852546915,330533,330150,325,373
28,3378.1847826086955,3425.3659420289855,330542,330159,327,552
28,3341.3179190751443,3444.8574181117533,330543,330160,328,519
29,3315.71359223301,3274.205501618123,330889,330506,330,618
29,3276.0178571428573,3293.5844155844156,330890,330507,331,616
29,3338.5334685598377,3310.841784989858,330899,330516,332,493
29,3314.732474964235,3353.0529327610875,330900,330517,322,699
29,3294.24847001,3450.8776009791923,330905,330522,323,817
29,3347.196629213483,3482.046348314607,330909,330526,324,712
29,3361.9332096474955,3390.630797773655,330915,330532,329,539
29,3317.0877192982457,3444.3801169590643,330916,330533,325,342
29,3377.7842003853566,3426.082851637765,330925,330542,327,519
29,3341.7562862669247,3446.2147001934236,330926,330543,328,517
30,3319.0831973898858,3272.4502446982056,331272,330889,330,613
30,3276.928455284553,3293.42601626,331273,330890,331,615
30,3335.1441947565545,3311.6872659,331282,330899,332,534
30,3313.966527196653,3352.655509065551,331283,330900,322,717
30,3296.1622276029057,3451.4370460048426,331288,330905,323,826
30,3346.8424657534247,3481.2785388127854,331292,330909,324,438
30,3361.737793851718,3391.9330922242316,331298,330915,329,553
30,3319.8229508196723,3439.2098360655737,331299,330916,325,305
30,3377.8761384335153,3426.249544626594,331308,330925,327,549
30,3343.008791208791,3447.2021978021976,331309,330926,328,455
31,3322.156507413509,3274.8912685337727,331655,331272,330,607
31,3278.588957055215,3294.069018404908,331656,331273,331,652
31,3336.4950690335304,3316.3865877712033,331665,331282,332,507
31,3313.2771739130435,3352.673913043478,331666,331283,322,736
31,3293.62451108,3450.6245110821383,331671,331288,323,767
31,3361.194756554307,3481.0411985018727,331677,331292,333,267
31,3333.292490118577,3482.7628458498025,331678,331292,334,253
31,3360.891265597148,3392.5329768270944,331681,331298,329,561
31,3316.5317220543807,3442.6858006042294,331682,331299,325,331
31,3376.00518134715,3428.298791018998,331691,331308,327,579
31,3340.826883910387,3450.3808553971485,331692,331309,328,491
32,3324.51768488746,3275.927652733119,332038,331655,330,622
32,3279.8511278195488,3295.0676691729323,332039,331656,331,665
32,3334.8615071283098,3317.5865580448067,332048,331665,332,491
32,3312.5116279069766,3354.1805745554034,332049,331666,322,731
32,3290.8571428571427,3449.084126984127,332054,331671,323,630
32,3362.3056478405315,3485.750830564784,332060,331677,333,301
32,3337.8924731182797,3487.6164874551973,332061,331678,334,279
32,3361.149446494465,3392.39852398524,332064,331681,329,542
32,3317.778350515464,3440.3505154639174,332065,331682,325,388
32,3376.2238010657193,3430.7353463587924,332074,331691,327,563
32,3342.171206225681,3453.161478599222,332075,331692,328,514
33,3324.839527027027,3276.4560810810813,332421,332038,330,592
33,3279.6745913818722,3294.3863298662704,332422,332039,331,673
33,3335.1259842519685,3317.8740157480315,332431,332048,332,508
33,3313.6270718232045,3353.82182320442,332432,332049,322,724
33,3287.779270633397,3454.3608445297505,332437,332054,323,521
33,3361.6964285714284,3480.0535714285716,332443,332060,333,336
33,3337.267973856209,3489.09477124183,332444,332061,334,306
33,3361.664150943396,3390.115094339623,332447,332064,329,530
33,3315.4360730593608,3437.445205479452,332448,332065,325,438
33,3375.7088607594937,3431.3146473779384,332457,332074,327,553
33,3341.5659656,3453.0114722753347,332458,332075,328,523
34,3324.7723440134905,3276.794266441821,332804,332421,330,593
34,3278.2876923076924,3294.74769231,332805,332422,331,650
34,3333.7148936170215,3319.451063829787,332814,332431,332,470
34,3313.124833997344,3355.1181938911022,332815,332432,322,753
34,3283.44126984127,3472.1619047619047,332822,332437,335,315
34,3289.9302325581393,3440.607235142119,332823,332437,336,387
34,3362.9467005076144,3480.4619289340103,332826,332443,333,394
34,3337.6510067114095,3490.0436241610737,332827,332444,334,298
34,3363.931338028169,3390.7218309859154,332830,332447,329,568
34,3315.5529953917053,3440.4470046082947,332831,332448,325,434
34,3376.219607843137,3433.8176470588237,332840,332457,327,510
34,3341.382405745063,3453.152603231598,332841,332458,328,557
35,3326.895666131621,3277.454253611557,333187,332804,330,623
35,3281.1233082706767,3294.694736842105,333188,332805,331,665
35,3333.8977505112475,3320.2188139059303,333197,332814,332,489
35,3315.1122994652405,3354.066844919786,333198,332815,322,748
35,3285.1032258064515,3468.3225806451615,333205,332822,335,310
35,3293.2923076923075,3438.209230769231,333206,332823,336,325
35,3363.55205811138,3479.9007263922517,333209,332826,333,413
35,3339.7,3491.3,333210,332827,334,350
35,3365.9588551,3391.1824686940968,333213,332830,329,559
35,3316.011467889908,3440.612385321101,333214,332831,325,436
35,3377.012455516014,3432.4163701067614,333223,332840,327,562
35,3340.7979452054797,3452.946917808219,333224,332841,328,584
36,3327.529702970297,3278.442244224422,333570,333187,330,606
36,3281.2737920937043,3294.6603221083456,333571,333188,331,683
36,3331.5896907216493,3321.7319587628867,333580,333197,332,485
36,3315.458776595745,3354.99335106383,333581,333198,322,752
36,3284.3475783475783,3469.5868945868947,333588,333205,335,351
36,3294.484939759036,3438.8012048192772,333589,333206,336,332
36,3363.3015521064303,3479.7827050997785,333592,333209,333,451
36,3339.340694006309,3488.444794952681,333593,333210,334,317
36,3364.9535655058044,3391.7363184079604,333596,333213,329,603
36,3316.897494305239,3440.662870159453,333597,333214,325,439
36,3376.504780114723,3432.3059273422564,333606,333223,327,523
36,3340.3821292775665,3455.28897338403,333607,333224,328,526
37,3327.779487179487,3277.9880341880344,333953,333570,330,585
37,3282.09224012,3295.265007320644,333954,333571,331,683
37,3333.016563146998,3320.631469979296,333963,333580,332,483
37,3316.3478835978835,3354.708994708995,333964,333581,322,756
37,3282.53477218,3469.8585131894483,333971,333588,335,417
37,3289.72131147541,3438.4918032786886,333972,333589,336,366
37,3365.3478260869565,3481.4323671497586,333975,333592,333,414
37,3339.4511494252874,3492.5114942528735,333976,333593,334,348
37,3365.836956521739,3389.923913043478,333979,333596,329,552
37,3319.864915572233,3437.932457786116,333980,333597,325,533
37,3377,3433.2768670309656,333989,333606,327,549
37,3342.3978494623657,3457.8118279569894,333990,333607,328,558
38,3328.4010067114095,3276.038590604027,334319,333953,330,596
38,3281.4918759231905,3295.0118168389954,334320,333954,331,677
38,3329.9013806706116,3320.6153846153848,334329,333963,332,507
38,3314.981554677207,3353.383399209486,334330,333964,322,759
38,3283.570093457944,3469.1191588785045,334337,333971,335,428
38,3287.2035398230087,3437.0176991150443,334338,333972,336,339
38,3362.6470588235293,3481.5882352941176,334341,333975,333,425
38,3336.0810810810813,3488.6,334342,333976,334,370
38,3362.820168067227,3391.2302521008405,334345,333979,329,595
38,3319.940476190476,3435.777777777778,334346,333980,325,504
38,3376.056710775047,3433.9546313799624,334355,333989,327,529
38,3339.155109489051,3455.3211678832117,334356,333990,328,548
39,3329.4317406143346,3277.122866894198,334699,334319,330,586
39,3280.6847507331377,3293.7829912023462,334700,334320,331,682
39,3330.093023255814,3321.4263565891474,334709,334329,332,516
39,3314.4172099087355,3353.232073011734,334710,334330,322,767
39,3282.338129496403,3470.390887290168,334717,334337,335,417
39,3285.10447761,3438.316417910448,334718,334338,336,335
39,3361.119305856833,3480.9501084598696,334721,334341,333,461
39,3337.0437158469945,3491.497267759563,334722,334342,334,366
39,3363.565705128205,3392.2660256410254,334725,334345,329,624
39,3319.499001996008,3432.542914171657,334726,334346,325,501
39,3373.973880597015,3434.7873134328356,334735,334355,327,536
39,3337.44425087108,3455.9494773519164,334736,334356,328,574
40,3328.3204047217537,3277.298482293423,335079,334699,330,593
40,3281.780523255814,3296.265988372093,335080,334700,331,688
40,3329.470802919708,3321.080291970803,335089,334709,332,548
40,3314.650331125828,3354.245033112583,335090,334710,322,755
40,3281.7477064220184,3469.577981651376,335097,334717,335,436
40,3288.7456647398844,3435.849710982659,335098,334718,336,346
40,3359.80375782881,3483.4237995824633,335101,334721,333,479
40,3334.4679665738163,3496.1727019498608,335102,334722,334,359
40,3362.6416,3395.6112,335105,334725,329,625
40,3321.332688588008,3435.411992263056,335106,334726,325,517
40,3375.078895463511,3434.8816568047337,335115,334735,327,507
40,3338.704391891892,3460.1283783783783,335116,334736,328,592
41,3330.619298245614,3275.363157894737,335459,335079,330,570
41,3284.211678832117,3293.65401459854,335460,335080,331,685
41,3330.220640569395,3318.683274021352,335469,335089,332,562
41,3315.5303430079157,3353.1833773087073,335470,335090,322,758
41,3283.0861678004535,3466.501133786848,335477,335097,335,441
41,3288.1666666666665,3437.214285714286,335478,335098,336,336
41,3361.0438756855574,3479.431444241316,335481,335101,333,547
41,3337.4899497487436,3497.2010050251256,335482,335102,334,398
41,3362.618604651163,3395.187596899225,335485,335105,329,645
41,3320.0229445506693,3435.695984703633,335486,335106,325,523
41,3377.6984402079725,3431.741767764298,335495,335115,327,577
41,3341.1384364820847,3455.5570033,335496,335116,328,614
42,3329.8350168350166,3279.289562289562,335839,335459,330,594
42,3283.3656597774243,3293.5182829888713,335840,335460,331,629
42,3332.534516765286,3317.34516765286,335849,335469,332,507
42,3318.010484927916,3353.2726081258193,335850,335470,322,763
42,3281.7031963470317,3471.0639269406392,335857,335477,335,438
42,3287.5745341614906,3435.639751552795,335858,335478,336,322
42,3358.289855072464,3481.9316770186333,335861,335481,333,483
42,3338.330845771144,3499.1169154228855,335862,335482,334,402
42,3360.6094224924013,3397.323708206687,335865,335485,329,658
42,3321.0946196660484,3433.5194805194806,335866,335486,325,539
42,3378.3819188191883,3434.138376383764,335875,335495,327,542
42,3340.270226537217,3456.784789644013,335876,335496,328,618
43,3328.625816993464,3278.671568627451,336223,335839,330,612
43,3282.8002853067046,3293.355206847361,336224,335840,331,701
43,3330.518664047151,3317.475442,336233,335849,332,509
43,3315.11724137931,3351.9406896551723,336234,335850,322,725
43,3281.4947368421053,3470.9894736842107,336241,335857,335,475
43,3287.31092437,3437.81512605042,336242,335858,336,357
43,3357.699373695198,3479.9018789,336245,335861,333,479
43,3342.188888888889,3497.5555555555557,336246,335862,334,360
43,3358.309523809524,3399.5788690476193,336249,335865,329,672
43,3319.768953068592,3432.2111913357403,336250,335866,325,554
43,3376.0671641791046,3432.9272388059703,336259,335875,327,536
43,3338.6041308089502,3457.5955249569706,336260,335876,328,581
44,3327.727422003284,3276.75041051,336607,336223,330,609
44,3280.028358208955,3293.6313432835823,336608,336224,331,670
44,3330.160075329567,3316.491525423729,336617,336233,332,531
44,3315.21045751634,3353.3124183006535,336618,336234,322,765
44,3278.11377245509,3473.3353293413174,336625,336241,335,501
44,3283.43380282,3436.6901408450703,336626,336242,336,355
44,3357.515325670498,3478.5,336629,336245,333,522
44,3340.4749340369394,3495.6939313984167,336630,336246,334,379
44,3360.5462822,3397.8907435508345,336633,336249,329,659
44,3317.3471223021584,3432.404676258993,336634,336250,325,556
44,3380.572192513369,3431.1051693404634,336643,336259,327,561
44,3337.815457413249,3455.916403785489,336644,336260,328,634
45,3330.1702508960575,3275.8333333333335,336991,336607,330,558
45,3280.0414814814817,3293.094814814815,336992,336608,331,675
45,3327.442379182156,3317.03717472119,337001,336617,332,538
45,3311.104060913706,3351.1408629441626,337002,336618,322,788
45,3278.4733475479743,3471.7100213219614,337009,336625,335,469
45,3286.9047619,3433.973214285714,337010,336626,336,336
45,3355.4275092936805,3481.0780669144983,337013,336629,333,538
45,3340.492307692308,3498.7820512820513,337014,336630,334,390
45,3360.7347242921014,3398.1400894187777,337017,336633,329,671
45,3316.722719141324,3431.973166368515,337018,336634,325,559
45,3383.524680073126,3427.3967093235833,337027,336643,327,547
45,3336.390048154093,3456.247191011236,337028,336644,328,623
46,3329.250825082508,3277.3498349834986,337371,336991,330,606
46,3281.6011904761904,3293.6964285714284,337372,336992,331,672
46,3330.3410852713178,3315.9883720930234,337381,337001,332,516
46,3312.8367609254497,3351.1606683804625,337382,337002,322,778
46,3280.947895791583,3470.2745490981965,337389,337009,335,499
46,3286.5701492537314,3433.2149253731345,337390,337010,336,335
46,3355.763602251407,3478.9774859287054,337393,337013,333,533
46,3342.289002557545,3497.0409207161124,337394,337014,334,391
46,3361.6698717948716,3396.9375,337397,337017,329,624
46,3317.57326007326,3431.7326007326005,337398,337018,325,546
46,3383.2767402,3424.7402376910018,337407,337027,327,589
46,3337.1392,3455.9744,337408,337028,328,625
47,3326.0306451612905,3276.5629032258066,337751,337371,330,620
47,3279.15668202765,3292.9124423963135,337752,337372,331,651
47,3329.8289241622574,3313.5308641975307,337761,337381,332,567
47,3311.9821656050954,3352.8624203821655,337762,337382,322,785
47,3278.3910505836575,3471.817120622568,337769,337389,335,514
47,3286.779552715655,3435.664536741214,337770,337390,336,313
47,3353.9614678899084,3479.0366972477063,337773,337393,333,545
47,3344.7831325301204,3497.0602409638554,337774,337394,334,415
47,3361.1378737541527,3395.6760797342195,337777,337397,329,602
47,3315.897435897436,3431.8168498168498,337778,337398,325,546
47,3383.40554592721,3421.400346620451,337787,337407,327,577
47,3332.9611650485435,3457.6229773462783,337788,337408,328,618
48,3328.760726072607,3276.9191419141916,338131,337751,330,606
48,3281.561377245509,3293.4790419161677,338132,337752,331,668
48,3330.410909090909,3316.0327272727272,338141,337761,332,550
48,3312.8867684478373,3353.4338422391857,338142,337762,322,786
48,3278.782857142857,3472.500952380952,338149,337769,335,525
48,3286.0651465798046,3430.9185667752445,338150,337770,336,307
48,3356.4442413162706,3476.7586837294334,338153,337773,333,547
48,3347.888095238095,3495.8404761904762,338154,337774,334,420
48,3363.749077490775,3389.579335793358,338157,337777,329,271
48,3317.5714285714284,3431.764199655766,338158,337778,325,581
48,3386.5583756345177,3416.5313028764804,338167,337787,327,591
48,3332.936630602782,3457.7836166924267,338168,337788,328,647
49,3327.695222405272,3276.841845140033,338511,338131,330,607
49,3276.883642495784,3292.5615514333895,338512,338132,331,593
49,3330.866666666667,3313.828571428571,338521,338141,332,525
49,3314.207332490518,3353.4601769911505,338522,338142,322,791
49,3278.644787644788,3473.295366795367,338529,338149,335,518
49,3285.75932203,3430.081355932203,338530,338150,336,295
49,3356.5229202037353,3474.8726655348046,338533,338153,333,589
49,3348.658371040724,3494.8687783,338534,338154,334,442
49,3316.9930191972076,3430.952879581152,338538,338158,325,573
49,3375.443181818182,3378.590909090909,338540,338157,337,264
49,3364.3555555555554,3407.5851851851853,338541,338157,338,270
49,3386.8531952,3414.7443868739206,338547,338167,327,579
49,3328.7515151515154,3459.539393939394,338548,338168,328,660
50,3336.5053995680346,3272.671706263499,338891,338511,330,463
50,3277.4117647058824,3293.860962566845,338892,338512,331,374
50,3329.281195079086,3313.695957820738,338901,338521,332,569
50,3314.0825,3350.83625,338902,338522,322,800
50,3280.009633911368,3473.105973025048,338909,338529,335,519
50,3287.3478260869565,3431.321070234114,338910,338530,336,299
50,3358.3156089193826,3474.6312178,338913,338533,333,583
50,3349.65625,3495.167410714286,338914,338534,334,448
50,3318.1485809682804,3431.61101836394,338918,338538,325,599
50,3371.2788944723616,3382.9095477386936,338920,338540,337,398
50,3352.687150837989,3405.849162011173,338921,338541,338,358
50,3384.9268680445152,3415.027027027027,338927,338547,327,629
50,3329.464615384615,3461.3507692307694,338928,338548,328,650
51,3339.72131147541,3275.222482435597,339276,338891,330,427
51,3273.0173611111113,3303.090277777778,339278,338892,339,288
51,3281.707395498392,3279.3086816720256,339280,338892,340,311
51,3329.43216080402,3311.036850921273,339286,338901,332,597
51,3315.083120204604,3354.826086956522,339287,338902,322,782
51,3280.1338582677167,3474.484251968504,339294,338909,335,508
51,3287.03785488959,3433,339295,338910,336,317
51,3357.2820945945946,3473.927364864865,339298,338913,333,592
51,3346.7617021276596,3494.859574468085,339299,338914,334,470
51,3317.4027072758036,3433.2148900169204,339303,338918,325,591
51,3371.9188544152744,3382.704057279236,339305,338920,337,419
51,3350.4896551724137,3409.5471264367816,339306,338921,338,435
51,3382.071074380165,3417.745454545455,339312,338927,327,605
51,3326.488469601677,3465.0587002096436,339313,338928,328,477
52,3274.315112540193,3304.993569131833,339663,339278,339,311
52,3281.15838509,3279.0372670807456,339665,339280,340,322
52,3320.3851132686086,3259.401294498382,339667,,341,309
52,3341.328947368421,3283.8355263157896,339668,339276,330,304
52,3329.4847512038523,3308.247191011236,339671,339286,332,623
52,3315.774025974026,3353.1584415584416,339672,339287,322,770
52,3280.271119842829,3473.628683693517,339679,339294,335,509
52,3287.3427672955977,3428.672955974843,339680,339295,336,318
52,3356.7064846416383,3473.0460750853244,339683,339298,333,586
52,3346.1257731958763,3493.274226804124,339684,339299,334,485
52,3314.673076923077,3433.6608391608393,339688,339303,325,572
52,3371.177829099307,3384.242494226328,339690,339305,337,433
52,3347.7982646420824,3417.6789587852495,339691,339306,338,461
52,3381.2227342549922,3416.7219662058374,339697,339312,327,651
52,3332.057142857143,3453.957142857143,339700,339313,328,140
52,3310.7419354838707,3478.2129032258063,339701,,342,155
53,3273.3096446700506,3303.6370558375634,340048,339663,339,394
53,3278.84375,3280.3607954545455,340050,339665,340,352
53,3315.920127795527,3260.073482428115,340052,339667,341,313
53,3340.683673469388,3282.9149659863947,340053,339668,330,294
53,3329.3282828282827,3309.313131313131,340056,339671,332,594
53,3313.470223325062,3350.4032258064517,340057,339672,322,806
53,3277.272,3473.908,340064,339679,335,500
53,3286.9415584415583,3429.4935064935066,340065,339680,336,308
53,3355.6379928315414,3471.1218637992833,340068,339683,333,558
53,3347.2345679012346,3491.528806584362,340069,339684,334,486
53,3313.381205673759,3435.1418439716313,340073,339688,325,564
53,3372.485193621868,3382.3029612756263,340075,339690,337,439
53,3344.6021276595743,3421.304255319149,340076,339691,338,470
53,3378.2238095238095,3418.184126984127,340082,339697,327,630
53,3332.4204545454545,3460.844697,340085,339700,328,264
53,3307.5826446280994,3483.3677685950415,340086,339701,342,242
54,3271.844705882353,3300.595294117647,340428,340048,339,425
54,3284.443243243243,3285.237837837838,340430,340050,340,370
54,3318.6435986159167,3257.159169550173,340432,340052,341,289
54,3338.276397515528,3284.88198757764,340433,340053,330,322
54,3332.973076923077,3314.9596153846155,340436,340056,332,520
54,3314.1735218508998,3351.8804627249356,340437,340057,322,778
54,3280.2842105263157,3472.6105263157897,340444,340064,335,475
54,3288.768987341772,3430.6139240506327,340445,340065,336,316
54,3357.8297491039425,3471.1164874551973,340448,340068,333,558
54,3347.7495291902073,3492.1224105461392,340449,340069,334,531
54,3316.066326530612,3434.081632653061,340453,340073,325,588
54,3378.0063025210084,3385.59243697479,340455,340075,337,476
54,3348.9834024896263,3416.205394190871,340456,340076,338,482
54,3378.477638640429,3424.5295169946335,340462,340082,327,559
54,3334.7875,3461.43125,340465,340085,328,320
54,3306.6283783783783,3484.4797297297296,340466,340086,342,296
55,3270.997792494481,3301.4613686534217,340808,340428,339,453
55,3284.0227272727275,3286.918181818182,340810,340430,340,440
55,3320.9646302250803,3260.807073954984,340812,340432,341,311
55,3337.660056657224,3283.130311614731,340813,340433,330,353
55,3330.1610486891386,3312.0823970037454,340816,340436,332,534
55,3313.7096774193546,3350.2311827956987,340817,340437,322,744
55,3281.22653061,3470.24693877551,340824,340444,335,490
55,3291.1702127659573,3427.4650455927053,340825,340445,336,329
55,3357.890625,3470.5763888888887,340828,340448,333,576
55,3350.1297709923665,3491.8568702290077,340829,340449,334,524
55,3315.9236111111113,3433.230902777778,340833,340453,325,576
55,3387.9701834862385,3389.3784403669724,340835,340455,337,436
55,3355.661508704062,3410.2882011605416,340836,340456,338,517
55,3378.516129032258,3423.594470046083,340842,340462,327,217
55,3335.3506097560976,3459.8414634146343,340845,340465,328,328
55,3304.4518072289156,3483.6445783,340846,340466,342,332
56,3271.71235521,3301.515444015444,341188,340808,339,518
56,3285.9547413793102,3287.280172413793,341190,340810,340,464
56,3319.990291262136,3260.5728155339807,341192,340812,341,309
56,3339.906626506024,3281.72891566,341193,340813,330,332
56,3332.2621185,3312.861759425494,341196,340816,332,557
56,3311.4312320916906,3353.495702005731,341197,340817,322,698
56,3281.4386317907447,3466.7404426559356,341204,340824,335,497
56,3290.1070336391435,3427.400611620795,341205,340825,336,327
56,3357.296428571429,3470.192857142857,341208,340828,333,560
56,3349.609576427256,3491.366482504604,341209,340829,334,543
56,3315.4461538461537,3432.3333333333335,341213,340833,325,585
56,3387.401886792453,3384.554716981132,341215,340835,337,530
56,3357.5903165735567,3415.389199255121,341216,340836,338,537
56,3333.5925925925926,3457.777777777778,341225,340845,328,351
56,3302.9141274238227,3482.5983379501386,341226,340846,342,361
56,3386.9612068965516,3408.780172413793,341228,340842,343,232
56,3370.488151658768,3436.142180094787,341229,340842,344,211
57,3272.532,3303.152,341568,341188,339,500
57,3281.660173160173,3284.6731601731603,341570,341190,340,462
57,3321.7739938080495,3263.65944272,341572,341192,341,323
57,3341.5225988700563,3279.72316384,341573,341193,330,354
57,3334.0427631578946,3313.184210526316,341576,341196,332,608
57,3312.9078014184397,3358.472813238771,341577,341197,322,423
57,3281.087591240876,3465.418491484185,341584,341204,335,411
57,3288.6052631578946,3432.938596491228,341585,341205,336,342
57,3358.684210526316,3469.6701754385967,341588,341208,333,570
57,3348.611888111888,3491.8583916083917,341589,341209,334,572
57,3315.330985915493,3433.955985915493,341593,341213,325,568
57,3385.390374331551,3384.812834224599,341595,341215,337,561
57,3354.7274436090224,3414.7105263157896,341596,341216,338,532
57,3335.2542787286066,3455.9364303178486,341605,341225,328,409
57,3302.689189189189,3482.4756756756756,341606,341226,342,370
57,3388.5240384615386,3408.581730769231,341608,341228,343,208
57,3374.6689655172413,3434.5344827586205,341609,341229,344,290
58,3270.252354048964,3303.9114877589454,341948,341568,339,531
58,3281.5875486381324,3286.2140077821014,341950,341570,340,514
58,3323.577142857143,3266.2,341952,341572,341,350
58,3342.3447368421052,3279.18421053,341953,341573,330,380
58,3338.6003490401395,3319.6492146596856,341956,341576,332,573
58,3296.098039215686,3341.720588235294,341959,,345,204
58,3323.9950248756218,3359.935323383085,341961,341577,322,201
58,3277.8333333333335,3462.822751322751,341964,341584,335,378
58,3284.2916666666665,3430.2916666666665,341965,341585,336,336
58,3356.5794701986756,3469.6523178807947,341968,341588,333,604
58,3347.4091710758375,3491.7601410934744,341969,341589,334,567
58,3312.7090301003345,3435.764214046823,341973,341593,325,598
58,3390.3948339483395,3384.8025830258302,341975,341595,337,542
58,3356.223484848485,3411.369318181818,341976,341596,338,528
58,3334.7244444444445,3454.291111111111,341985,341605,328,450
58,3300.9111675126906,3481.7741116751267,341986,341606,342,394
58,3394.366533864542,3412.2509960159364,341988,341608,343,251
58,3373.6205673758864,3433.3652482269504,341989,341609,344,282
59,3270.7078651685392,3304.6629213483147,342328,341948,339,534
59,3277.697628458498,3284.6422924901185,342330,341950,340,506
59,3317.086387434555,3261.9659685863876,342332,341952,341,382
59,3347.1831683168316,3273.4331683168316,342333,341953,330,404
59,3337.618657937807,3320.6153846153848,342336,341956,332,611
59,3292.3032069970845,3347.737609329446,342339,341959,345,343
59,3323.6685236768803,3358.7632311977713,342341,341961,322,359
59,3278.4773269689736,3462.546539379475,342344,341964,335,419
59,3287.3061889250816,3430.00325732899,342345,341965,336,307
59,3358.051369863014,3469.849315068493,342348,341968,333,584
59,3347.3153456998316,3491.7133220910623,342349,341969,334,593
59,3314.2362344582593,3433.632326820604,342353,341973,325,563
59,3388.156474820144,3383.3039568345325,342355,341975,337,556
59,3355.058365758755,3404.535019455253,342356,341976,338,514
59,3335.391799544419,3453.382687927107,342365,341985,328,439
59,3301.503759398496,3481.122807017544,342366,341986,342,399
59,3392.983333333333,3411.8433333333332,342368,341988,343,300
59,3370.8064516129034,3435.6193548387096,342369,341989,344,310
60,3263.6419294990724,3302.5361781076067,342708,342328,339,539
60,3282.371769383698,3285.6679920477136,342710,342330,340,503
60,3314.507972665148,3261.9362186788153,342712,342332,341,439
60,3347.1005586592178,3270.6843575418993,342713,342333,330,358
60,3340.83676703645,3318.9080824088746,342716,342336,332,631
60,3293.5538847117796,3351.1203007518798,342719,342339,345,399
60,3325.1912832929784,3360.55205811138,342721,342341,322,413
60,3276.9187817258885,3463.241116751269,342724,342344,335,394
60,3288.0093457943926,3431.6230529595014,342725,342345,336,321
60,3357.9405594405594,3468.896853146853,342728,342348,333,572
60,3347.8076285240463,3490.49087893864,342729,342349,334,603
60,3311.825771324864,3435.7350272232306,342733,342353,325,551
60,3385.1436170212764,3384.54609929078,342735,342355,337,564
60,3352.662477558348,3402.5008976660683,342736,342356,338,557
60,3336.8615702479337,3446.9070247933882,342745,342365,328,484
60,3300.5724137931034,3482.574712643678,342746,342366,342,435
60,3394.9651162790697,3411.1773255813955,342748,342368,343,344
60,3369.622807017544,3436.0555555555557,342749,342369,344,342
61,3264.7072727272725,3301.2381818181816,343088,342708,339,550
61,3288.8418079096045,3283.244821092279,343090,342710,340,531
61,3320.086956521739,3257.5815217391305,343092,342712,341,368
61,3347.0870712401056,3271.0158311345645,343093,342713,330,379
61,3341.749235474006,3315.952599388379,343096,342716,332,654
61,3294.319612590799,3354.46004842615,343099,342719,345,413
61,3329.1622911694512,3361.6825775656325,343101,342721,322,419
61,3277.923076923077,3468.007957559682,343104,342724,335,377
61,3280.6439169139467,3433.3412462908013,343105,342725,336,337
61,3358.625806451613,3467.8129032258066,343108,342728,333,620
61,3349.8694915254237,3489.371186440678,343109,342729,334,590
61,3310.4007029876975,3436.0931458699474,343113,342733,325,569
61,3382.008347245409,3386.010016694491,343115,342735,337,599
61,3347.7137745974956,3404.026833631485,343116,342736,338,559
61,3340.682474226804,3446.7896907216495,343125,342745,328,485
61,3302.9590361445785,3481.1879518072287,343126,342746,342,415
61,3392.4588528678305,3409.5486284289277,343128,342748,343,401
61,3372.8523076923075,3436.1753846153847,343129,342749,344,325
62,3263.608013937282,3299.245644599303,343468,343088,339,574
62,3289.6501831501832,3281.5201465201467,343470,343090,340,546
62,3325.321533923304,3250.1297935103244,343472,343092,341,339
62,3341.435207823961,3269.6430317848412,343473,343093,330,409
62,3340.379104477612,3311.0268656716416,343476,343096,332,670
62,3295.2379958246347,3354.2588727,343479,343099,345,479
62,3330.680525164114,3356.3522975929977,343481,343101,322,457
62,3276.632754342432,3468.895781637717,343484,343104,335,403
62,3282.7193548387095,3432.5225806451613,343485,343105,336,310
62,3358.6678700361012,3466.01083032491,343488,343108,333,554
62,3348.0605042016805,3487.2285714285713,343489,343109,334,595
62,3310.5,3435.6666666666665,343493,343113,325,522
62,3380.605954465849,3380.0105078809106,343495,343115,337,571
62,3345.9351535836176,3406.0307167235496,343496,343116,338,586
62,3337.4156626506024,3450.9979919678717,343505,343125,328,498
62,3301.916461916462,3479.4299754299755,343506,343126,342,407
62,3389.2708860759494,3408.6455696202534,343508,343128,343,395
62,3370.693939393939,3436.642424242424,343509,343129,344,330
63,3264.510054844607,3298.65447898,343848,343468,339,547
63,3288.3417266187053,3279.88309352518,343850,343470,340,556
63,3330.9721448467967,3246.7465181058496,343852,343472,341,359
63,3340.141891891892,3270.5225225225226,343853,343473,330,444
63,3336.90977443609,3309.2015037593983,343856,343476,332,665
63,3297.0943396226417,3357.0859538784066,343859,343479,345,477
63,3330.6673640167364,3349.460251046025,343861,343481,322,478
63,3276.8197115384614,3468.6802884615386,343864,343484,335,416
63,3284.3548387096776,3430.835483870968,343865,343485,336,310
63,3356.3351851851853,3468.1703703703706,343868,343488,333,540
63,3354.744094488189,3486.897637795276,343869,343489,334,508
63,3313.5349716446126,3433.1285444234404,343873,343493,325,529
63,3381.563973063973,3381.0387205387206,343875,343495,337,594
63,3344.3946037099495,3402.2276559865095,343876,343496,338,593
63,3340.1876208897484,3450.557059961315,343885,343505,328,517
63,3303.2380952380954,3470.7683982683984,343886,343506,342,462
63,3387.2688442211056,3408.7236180904524,343888,343508,343,398
63,3373.6925373134327,3433.976119402985,343889,343509,344,335
64,3262.6593959731545,3295.6308724832215,344228,343848,339,596
64,3291.791150442478,3277.1982300884956,344230,343850,340,565
64,3332.221945137157,3244.6209476309227,344232,343852,341,401
64,3348.027932960894,3268.1899441340784,344233,343853,330,358
64,3336.8970149253732,3307.373134328358,344236,343856,332,670
64,3299.513292433538,3358.1370143149284,344239,343859,345,489
64,3327.132437619962,3346.1074856046066,344241,343861,322,521
64,3280.88918206,3473.9129287598944,344244,343864,335,379
64,3283.2835365853657,3430.2134146341464,344245,343865,336,328
64,3355.2089844,3468.5253906,344248,343868,333,512
64,3359.148535564854,3483.671548117155,344249,343869,334,478
64,3311.4849785407723,3435.5236051502147,344253,343873,325,233
64,3382.890410958904,3376.7636985999998,344255,343875,337,584
64,3342.697278911565,3401.7482993197277,344256,343876,338,588
64,3340.078028747433,3451.9034907597534,344265,343885,328,487
64,3306.58085106383,3460.304255319149,344266,343886,342,470
64,3385.640506329114,3405.5012658227847,344268,343888,343,395
64,3378.768996960486,3430.5440729483284,344269,343889,344,329
65,3262.4566666666665,3295.2283333333335,344616,344228,339,600
65,3291.8913412563666,3275.6706281833617,344618,344230,340,589
65,3319.1583578,3268.7184750733136,344620,,346,341
65,3343.322033898305,3261.271186440678,344621,344233,330,413
65,3337.295588235294,3309.25,344624,344236,332,680
65,3300.365269461078,3360.129740518962,344627,344239,345,501
65,3322.08818011257,3344.8499061913694,344629,344241,322,533
65,3280.5454545454545,3475.6519480519482,344632,344244,335,385
65,3283.4397590361446,3427.3373493975905,344633,344245,336,332
65,3355.463687150838,3468.3296089385476,344636,344248,333,537
65,3359.3841201716737,3484.1416309012875,344637,344249,334,466
65,3381.3931034482757,3376.3931034482757,344643,344255,337,580
65,3338.979661016949,3396.9610169491525,344644,344256,338,590
65,3298.9441340782123,3440.4189944134077,344646,344253,325,179
65,3313.1428571428573,3408.746543778802,344647,,347,217
65,3336.891489361702,3451.691489361702,344653,344265,328,470
65,3305.490909090909,3460.343434343434,344654,344266,342,495
65,3382.8770053475937,3403.938502673797,344656,344268,343,374
65,3376.1978319783198,3428.6720867208674,344657,344269,344,369
66,3262.643533123028,3293.865930599369,345004,344616,339,634
66,3287.273519163763,3278.677700348432,345006,344618,340,574
66,3318.506234413965,3271.3316708229427,345008,344620,346,401
66,3345.110552763819,3259.241206030151,345009,344621,330,398
66,3339.0374812593705,3311.2188905547227,345012,344624,332,667
66,3303.648,3362.996,345015,344627,345,500
66,3319.214920071048,3342.2042628774425,345017,344629,322,563
66,3281.473404255319,3476.497340425532,345020,344632,335,376
66,3282.969696969697,3426.808080808081,345021,344633,336,297
66,3357.3564547206165,3466.5799614643547,345024,344636,333,519
66,3360.162447257384,3482.805907172996,345025,344637,334,474
66,3383.242144177449,3374.641404805915,345031,344643,337,541
66,3339.1631944444443,3396.3975694444443,345032,344644,338,576
66,3300.5120967741937,3438.9314516129034,345034,344646,325,248
66,3312.910714285714,3412.425,345035,344647,347,280
66,3336.177777777778,3452.2747474747475,345041,344653,328,495
66,3304.951063829787,3465.0702127659574,345042,344654,342,470
66,3383.7433862433863,3402.746031746032,345044,344656,343,378
66,3375.5153846153844,3427.14358974359,345045,344657,344,390
67,3262.0183946488296,3294.3879598662206,345392,345004,339,598
67,3286.764705882353,3277.183391,345394,345006,340,578
67,3319.6518987341774,3273.559071729958,345396,345008,346,474
67,3346.905027932961,3265.6620111731845,345397,345009,330,358
67,3341.434074074074,3314.8133333333335,345400,345012,332,675
67,3303.2368932038835,3360.411650485437,345403,345015,345,515
67,3318.163732394366,3339.492957746479,345405,345017,322,568
67,3283.5689223057643,3480.1754385964914,345408,345020,335,399
67,3284.7443365695794,3425.6278317152105,345409,345021,336,309
67,3358.2164750957854,3465.5613026819924,345412,345024,333,522
67,3360.450431034483,3482.239224137931,345413,345025,334,464
67,3382.9592592592594,3374.687037037037,345419,345031,337,540
67,3338.526405451448,3397.9420783645655,345420,345032,338,587
67,3298.27607362,3444.3435582822085,345422,345034,325,326
67,3312.091503267974,3411.950980392157,345423,345035,347,306
67,3338.2262626262627,3451.741414141414,345429,345041,328,495
67,3306.987068965517,3468.310344827586,345430,345042,342,464
67,3384.8697916666665,3401.6510416666665,345432,345044,343,384
67,3371.8863049095607,3424.2894056847545,345433,345045,344,387
68,3261.5433070866143,3294.0992126,345779,345392,339,635
68,3286.5160202360876,3276.878583473862,345781,345394,340,593
68,3316.257692307692,3276.0538461538463,345783,345396,346,520
68,3341.1297709923665,3264.7379134860053,345784,345397,330,393
68,3340.355072463768,3315.3463768115944,345787,345400,332,690
68,3304.0801526717555,3361.8549618320612,345790,345403,345,524
68,3319.332669322709,3343.639442231076,345792,345405,322,502
68,3285.0579345088163,3480.559194,345795,345408,335,397
68,3286.69732938,3423.632047477745,345796,345409,336,337
68,3356.5546075085326,3465,345799,345412,333,586
68,3365.177966101695,3482.654237288136,345800,345413,334,590
68,3381.897435897436,3374.736263736264,345806,345419,337,546
68,3339.762152777778,3401.2204861111113,345807,345420,338,576
68,3293.111420612813,3443.8050139275765,345809,345422,325,359
68,3313.648414985591,3410.207492795389,345810,345423,347,347
68,3338.5686274509803,3449.448179271709,345816,345429,328,357
68,3308.7842741935483,3465.6068548387098,345817,345430,342,496
68,3397.4927113702624,3399.7259475218657,345819,345432,343,343
68,3371.233890214797,3422.2362768,345820,345433,344,419
69,3263.1900958466454,3293.776357827476,346166,345779,339,626
69,3288.40734557596,3275.746243739566,346168,345781,340,599
69,3314.185606060606,3277.0492424242425,346170,345783,346,528
69,3341.35593220339,3265.576271186441,346171,345784,330,413
69,3340.6822157434403,3316.349854227405,346174,345787,332,686
69,3290.01956522,3360.404347826087,346177,345790,345,460
69,3317.0912621359225,3343.6815533980584,346179,345792,322,515
69,3286.0075949367088,3480.721518987342,346182,345795,335,395
69,3284.327974276527,3425.418006430868,346183,345796,336,311
69,3355.8802488335923,3464.9595645412132,346186,345799,333,643
69,3368.629116117851,3481.0675909878682,346187,345800,334,577
69,3382.332703213611,3374.6767485822306,346193,345806,337,529
69,3339.51993067591,3397.951473136915,346194,345807,338,577
69,3292.68404908,3444.0184049079753,346196,345809,325,326
69,3312.0581039755352,3410.581039755352,346197,345810,347,327
69,3339.634328358209,3444.497512437811,346203,345816,328,402
69,3311.5127701375245,3465.4440078585462,346204,345817,342,509
69,3394.7918918918917,3397.7648648648646,346206,345819,343,370
69,3374.177033492823,3426.2942583732056,346207,345820,344,418
70,3262.322006472492,3294.2686084142397,346553,346166,339,618
70,3287.703642384106,3277.0496688741723,346555,346168,340,604
70,3311.5106382978724,3280.941489361702,346557,346170,346,564
70,3338.964509394572,3265.3528183716076,346558,346171,330,479
70,3339.9667149059333,3316.0318379160635,346561,346174,332,691
70,3281.007561436673,3369.132325141777,346564,346177,345,529
70,3316.277673545966,3344.5572232645404,346566,346179,322,533
70,3284.492307692308,3482.279487179487,346569,346182,335,390
70,3284.51410658,3424.6739811912225,346570,346183,336,319
70,3356.2319277108436,3465.359939759036,346573,346186,333,664
70,3369.49063032368,3481.7785349,346574,346187,334,587
70,3383.6486486486488,3375.69009009009,346580,346193,337,555
70,3335.652727272727,3400.9327272727273,346581,346194,338,550
70,3291.33426183844,3444.8523676880222,346583,346196,325,359
70,3309.1584415584416,3404.187013,346584,346197,347,385
70,3340.2568578553614,3439.216957605985,346590,346203,328,401
70,3311.7226563,3469.0449219,346591,346204,342,512
70,3395.4489311163898,3396.874109263658,346593,346206,343,421
70,3373.8450363196125,3424.3075060532688,346594,346207,344,413
71,3263.0870279146143,3293.246305418719,346940,346553,339,609
71,3288.5736040609136,3272.245346869712,346942,346555,340,591
71,3309.623076923077,3279.201923076923,346944,346557,346,520
71,3336.1694214876034,3264.4235537190084,346945,346558,330,484
71,3338.8975817923188,3316.1507823613088,346948,346561,332,703
71,3273.9576427255984,3370.6906077348067,346951,346564,345,543
71,3310.658490566038,3344.8867924528304,346953,346566,322,530
71,3284.7506112469437,3483.210268948655,346956,346569,335,409
71,3285.2283950617284,3425.6481481481483,346957,346570,336,324
71,3355.9522431259047,3464.0014471780028,346960,346573,333,691
71,3369.7272727272725,3481.0470779220777,346961,346574,334,616
71,3381.49203539823,3374.762831858407,346967,346580,337,565
71,3335.1288566243193,3398.7731397459165,346968,346581,338,551
71,3291.068376068376,3443.162393162393,346970,346583,325,351
71,3310.5720430107526,3399.5225806451613,346971,346584,347,465
71,3341.8655256723714,3430.5599022,346977,346590,328,409
71,3312.530612244898,3467.6586270871985,346978,346591,342,539
71,3394.956632653061,3393.872448979592,346980,346593,343,392
71,3376.3370535714284,3423.6004464285716,346981,346594,344,448
72,3266.450406504065,3294.6585365853657,347327,346940,339,615
72,3291.6459731543623,3271.5637583892617,347329,346942,340,596
72,3310.3576158940396,3281.679911699779,347331,346944,346,453
72,3338.0633946830267,3264.55623722,347332,346945,330,489
72,3339.3025936599424,3315.0172910662823,347335,346948,332,694
72,3270.7836363636366,3377.590909090909,347338,346951,345,550
72,3308.6486988847582,3342.1375464684015,347340,346953,322,538
72,3286.007462686567,3484.223880597015,347343,346956,335,402
72,3287.882716049383,3423.645061728395,347344,346957,336,324
72,3357.2906626506024,3464.98343373494,347347,346960,333,664
72,3372.7911908646,3481.0766721044047,347348,346961,334,613
72,3381.540834845735,3373.869328493648,347354,346967,337,551
72,3335.845117845118,3395.0185185185187,347355,346968,338,594
72,3291.1129943502824,3442.9209039548023,347357,346970,325,354
72,3309.3931623931626,3398.440170940171,347358,346971,347,468
72,3343.711409395973,3428.460850111857,347364,346977,328,447
72,3313.4466911764707,3467.8069852941176,347365,346978,342,544
72,3392.243718592965,3396,347367,346980,343,398
72,3374.74251497006,3425.925149700599,347368,346981,344,334
73,3264.9414556962024,3294.41139241,347714,347327,339,632
73,3290.196808510638,3271.3120567375886,347716,347329,340,564
73,3305.7440347071583,3286.232104121475,347718,347331,346,461
73,3332.361216730038,3265.0114068441067,347719,347332,330,526
73,3336.296402877698,3312.5726618705035,347722,347335,332,695
73,3267.573529411765,3377.7738970588234,347725,347338,345,544
73,3307.4442567567567,3338.9510135135133,347727,347340,322,592
73,3283.2118226600987,3483.3965517241377,347730,347343,335,406
73,3285.2052117263843,3424.2638436482084,347731,347344,336,307
73,3355.5414110429447,3464.0659509202455,347734,347347,333,652
73,3370.7924528301887,3480.0990566037735,347735,347348,334,636
73,3380.245704467354,3374.6219931271476,347741,347354,337,582
73,3333.4655737704916,3392.749180327869,347742,347355,338,610
73,3291.3055555555557,3441.847222222222,347744,347357,325,360
73,3304.737634408602,3398.4021505376345,347745,347358,347,465
73,3343.089156626506,3428.077108433735,347751,347364,328,415
73,3310.965714285714,3469.024761904762,347752,347365,342,525
73,3387.643203883495,3397.5412621359224,347754,347367,343,412
73,3372.1453634085215,3429.6065162907266,347755,347368,344,399
74,3267.367249602544,3293.4658187599366,348101,347714,339,629
74,3292.9774696707104,3267.3951473136917,348103,347716,340,577
74,3304.5235849056603,3287.367924528302,348105,347718,346,424
74,3334.3033268101763,3266.80821918,348106,347719,330,511
74,3337.1819484240687,3313.3782235,348109,347722,332,698
74,3264.030088495575,3378.145132743363,348112,347725,345,565
74,3307.0646853146854,3336.7325174825173,348114,347727,322,572
74,3283.0286396181386,3482.107398568019,348117,347730,335,419
74,3284.793442622951,3425.616393442623,348118,347731,336,305
74,3357.6079881656806,3462.4304733727813,348121,347734,333,676
74,3371.9769585253457,3480.8294930875577,348122,347735,334,651
74,3384.473043478261,3374.573913043478,348128,347741,337,575
74,3334.8918032786887,3387.4540983606557,348129,347742,338,610
74,3294.5054644808743,3441.117486338798,348131,347744,325,366
74,3306.3765432098767,3400.008230452675,348132,347745,347,486
74,3342.6353211009173,3427.302752293578,348138,347751,328,436
74,3313.433145009416,3469.276836158192,348139,347752,342,531
74,3385.0671641791046,3397.542288557214,348141,347754,343,402
74,3373.977375565611,3427.5791854999998,348142,347755,344,442
75,3268.2132231404958,3291.9537190082647,348488,348101,339,605
75,3293.64039408867,3266.538587848933,348490,348103,340,609
75,3305.3645320197043,3287.305418719212,348492,348105,346,406
75,3334.7543520309478,3265.145067698259,348493,348106,330,517
75,3337.7637906647806,3313.6166902404525,348496,348109,332,707
75,3262.30139373,3378.3118466898954,348499,348112,345,574
75,3305.2732142857144,3335.3928571428573,348501,348114,322,560
75,3283.2995169082124,3481.9830917874397,348504,348117,335,414
75,3286.7841945288756,3423.90273556231,348505,348118,336,329
75,3356.6077170418007,3463.5498392282957,348508,348121,333,622
75,3372.481818181818,3480.198484848485,348509,348122,334,660
75,3384.8434782608697,3373.0643478260868,348515,348128,337,575
75,3332.8063973063972,3384.5690235690236,348516,348129,338,594
75,3296.01222494,3441.7848410757947,348518,348131,325,409
75,3303.609375,3397.515625,348519,348132,347,512
75,3341.075055187638,3427.7417218543046,348525,348138,328,453
75,3313.1138059701493,3467.9850746268658,348526,348139,342,536
75,3381.59,3395.3425,348528,348141,343,400
75,3371.150357995227,3426.9379474940333,348529,348142,344,419
76,3268.65353038,3294.81280788,348875,348488,339,609
76,3294.3509316770187,3266.1506211180126,348877,348490,340,644
76,3307.870159453303,3290.7949886104784,348879,348492,346,439
76,3333.4812734082398,3265.5486891385767,348880,348493,330,534
76,3338.206847360913,3318.4479315263907,348883,348496,332,701
76,3262.125912408759,3384.7974452554745,348886,348499,345,548
76,3295.9174484052533,3334.493433395872,348888,348501,322,533
76,3282.3984575835475,3483.401028277635,348891,348504,335,389
76,3284.567741935484,3422.032258064516,348892,348505,336,310
76,3355.3978494623657,3466.400921658986,348895,348508,333,651
76,3371.946564885496,3481.960305343511,348896,348509,334,655
76,3383.580034423408,3374.5215146299483,348902,348515,337,581
76,3331.6868852459015,3386.198360655738,348903,348516,338,610
76,3295.9491916859124,3442.1362586605082,348905,348518,325,433
76,3300.9092627599243,3394.361058601134,348906,348519,347,529
76,3342.1405529953918,3428.336405529954,348912,348525,328,434
76,3312.5465949820787,3468.405017921147,348913,348526,342,558
76,3378.289855072464,3396.1207729468597,348915,348528,343,414
76,3370.4174311926604,3429.4954128440368,348916,348529,344,436
77,3269.2379562043798,3294.80145985,349262,348875,339,685
77,3295.0850722311397,3265.21990369,349264,348877,340,623
77,3308.0112107623318,3290.540358744395,349266,348879,346,446
77,3332.672967863894,3265.196597353497,349267,348880,330,529
77,3338.056439942113,3318.27496382055,349270,348883,332,691
77,3257.407272727273,3390.4763636363637,349273,348886,345,550
77,3289.3841807909603,3329.3596986817324,349275,348888,322,531
77,3281.712895377129,3482.323601,349278,348891,335,411
77,3284.440129449838,3423.537216828479,349279,348892,336,309
77,3356.4177852348994,3466.3640939597317,349282,348895,333,596
77,3372.080370942813,3481.4389489953633,349283,348896,334,647
77,3383.523396880416,3373.719237435009,349289,348902,337,577
77,3330.470588235294,3382.084775086505,349290,348903,338,578
77,3297.01735358,3441.8134490238613,349292,348905,325,461
77,3301.542342342342,3394.5891891891893,349293,348906,347,555
77,3341.5228758169933,3431.9934640522874,349299,348912,328,459
77,3311.9139194139193,3470.0018315018315,349300,348913,342,546
77,3378.125641025641,3393.976923076923,349302,348915,343,390
77,3370.453488372093,3427.155813953488,349303,348916,344,430
78,3270.023923444976,3294.5566188197768,349642,349262,339,627
78,3295.9921135646687,3264.758675078864,349644,349264,340,634
78,3309.7165532879817,3291.4557823129253,349646,349266,346,441
78,3333.534749034749,3263.5830115830117,349647,349267,330,518
78,3338.885057471264,3318.2916666666665,349650,349270,332,696
78,3253.7845601436265,3394.67684021544,349653,349273,345,557
78,3282.13909774,3328.5375939849623,349655,349275,322,532
78,3282.3047619,3482.192857142857,349658,349278,335,420
78,3283.9303797468356,3423.8259493670885,349659,349279,336,316
78,3362.2681660899652,3462.470588235294,349662,349282,333,578
78,3372.422188,3482.1294298921416,349663,349283,334,649
78,3384.2118055555557,3372.8298611111113,349669,349289,337,576
78,3329.108581436077,3380.9334500875657,349670,349290,338,571
78,3298.3525498891354,3441.0731707317073,349672,349292,325,451
78,3300.1022304832713,3394.3587360594797,349673,349293,347,538
78,3341.1912832929784,3433.583535108959,349679,349299,328,413
78,3312.7675675675678,3471.1153153153155,349680,349300,342,555
78,3377.7809278350514,3391.814432989691,349682,349302,343,388
78,3369.9296375266526,3426.8017057569296,349683,349303,344,469
79,3269.621745788668,3295.346094946401,350014,349642,339,653
79,3293.96875,3259.540625,350016,349644,340,640
79,3307.022123893805,3290.82079646,350018,349646,346,452
79,3332.4686274509804,3262.6313725490195,350019,349647,330,510
79,3339.1350954478708,3315.224669603524,350022,349650,332,681
79,3250.8879159369526,3397.4255691768826,350025,349653,345,571
79,3273.826003824092,3324.300191204589,350027,349655,322,523
79,3280.5724465558196,3480.524940617577,350030,349658,335,421
79,3283.3343848580444,3420.6624605678235,350031,349659,336,317
79,3364.5221843003415,3459.9778156996585,350034,349662,333,586
79,3370.7858243451465,3482.431432973806,350035,349663,334,649
79,3382.3231810490693,3372.849407783418,350041,349669,337,591
79,3326.9549248747912,3379.2954924874794,350042,349670,338,599
79,3297.271948608137,3441.0128479657387,350044,349672,325,467
79,3296.9454191033137,3393.358674463938,350045,349673,347,513
79,3339.695464362851,3430.7408207343415,350051,349679,328,463
79,3312.162062615101,3472.7053406998157,350052,349680,342,543
79,3374.695852534562,3393.7073732718895,350054,349682,343,434
79,3370.2651821862346,3428.821862348178,350055,349683,344,494
80,3269.82802548,3294.91242038,350386,350014,339,628
80,3293.8684627575276,3260.321711568938,350388,350016,340,631
80,3306.8747252747253,3290.7736263736265,350390,350018,346,455
80,3332.054307116105,3261.7247191,350391,350019,330,534
80,3338.725321888412,3315.505007153076,350394,350022,332,699
80,3247.386243386243,3403.3086419753085,350397,350025,345,567
80,3267.86862745,3321.225490196078,350399,350027,322,510
80,3279.6634615384614,3479.8485576923076,350402,350030,335,416
80,3282.7837837837837,3424.2972972972975,350403,350031,336,296
80,3367.1599353796446,3458.7867528271404,350406,350034,333,619
80,3370.03317535545,3483.6018957345973,350407,350035,334,633
80,3382.7964601769913,3373.5557522123895,350413,350041,337,565
80,3326.176895306859,3376.202166064982,350414,350042,338,554
80,3297.3333333333335,3440.4831223628694,350416,350044,325,474
80,3297.2289803220037,3391.8783542039355,350417,350045,347,559
80,3339.692468619247,3429.4853556485355,350423,350051,328,478
80,3311.9477477477476,3474.810810810811,350424,350052,342,555
80,3374.2488479262674,3392.9308755760367,350426,350054,343,434
80,3369.3777777777777,3428.731313131313,350427,350055,344,495
81,3270.2028301886794,3295.2264150943397,350758,350386,339,636
81,3294.30279503,3259.6257763975154,350760,350388,340,644
81,3306.6393805309735,3290.8384955752213,350762,350390,346,452
81,3333.3382899628255,3262.806691449814,350763,350391,330,538
81,3338.8367052023123,3317.166184971098,350766,350394,332,692
81,3245.505154639175,3406.676975945017,350769,350397,345,582
81,3261.6943907156674,3318.831721470019,350771,350399,322,517
81,3280.1258278145697,3482.189845474614,350774,350402,335,453
81,3282.0298013245033,3422.5231788079473,350775,350403,336,302
81,3369.727115716753,3458.585492227979,350778,350406,333,579
81,3370.0388802488337,3485.138413685848,350779,350407,334,643
81,3382.6230636833047,3373.8502581755592,350785,350413,337,581
81,3326.694885361552,3374.763668430335,350786,350414,338,567
81,3297.5173116089613,3440.953156822811,350788,350416,325,491
81,3297.5464098073553,3390.1751313485115,350789,350417,347,571
81,3339.580041580042,3427.4033264033264,350795,350423,328,481
81,3312.980108499096,3475.1211573,350796,350424,342,553
81,3374.9572072072074,3393.6644144144143,350798,350426,343,444
81,3371.771855010661,3429.8294243070363,350799,350427,344,469
82,3270.2805071315374,3296.797147385103,351130,350758,339,631
82,3293.2609375,3260.215625,351132,350760,340,640
82,3307.6933045356373,3290.974082073434,351134,350762,346,463
82,3331.876865671642,3263.5783582089553,351135,350763,330,536
82,3338.7815384615383,3316.9353846153845,351138,350766,332,650
82,3238.520458265139,3410.991816693944,351141,350769,345,611
82,3250.637867647059,3314.979779411765,351143,350771,322,544
82,3280.8268792710705,3483.73576309795,351146,350774,335,439
82,3281.1638225255974,3422.9044368600685,351147,350775,336,293
82,3370.9795918367345,3457.3061224489797,351150,350778,333,588
82,3370.1615384615384,3485.9261538461537,351151,350779,334,650
82,3382.604377104377,3373.459595959596,351157,350785,337,594
82,3322.1581818181817,3372.8927272727274,351158,350786,338,550
82,3296.4494845360823,3441.8762886597938,351160,350788,325,485
82,3295.597197898424,3388.07530647986,351161,350789,347,571
82,3339.472647702407,3428.8446389496717,351167,350795,328,457
82,3313.642599277978,3474.7111913357403,351168,350796,342,554
82,3375.112582781457,3393.673289183223,351170,350798,343,453
82,3369.5818540433925,3429.786982248521,351171,350799,344,507
83,3270.6127450980393,3295.3071895424837,351502,351130,339,612
83,3294.9397217928904,3260.003091190108,351504,351132,340,647
83,3309.4138655462184,3311.6134453781515,351506,,348,476
83,3332.256880733945,3264.5981651376146,351507,351135,330,545
83,3338.491354466859,3312.577809798271,351510,351138,332,694
83,3232.8295819935693,3415.5916398713825,351513,351141,345,622
83,3250.621818181818,3313.8927272727274,351515,351143,322,550
83,3282.995652173913,3483.6,351518,351146,335,460
83,3279.416938110749,3419.560260586319,351519,351147,336,307
83,3374.136439267887,3454.2429284525792,351522,351150,333,601
83,3371.2094488188977,3484.568503937008,351523,351151,334,635
83,3383.333904109589,3370,351529,351157,337,584
83,3324.1125198098257,3369.1521394611727,351530,351158,338,631
83,3294.7726358148893,3441.9517102615696,351532,351160,325,497
83,3295.848229342327,3386.0033726812817,351533,351161,347,593
83,3339.6972281449894,3429.993603411514,351539,351167,328,469
83,3314.253164556962,3474.227848101266,351540,351168,342,553
83,3377.76993166287,3389.751708428246,351542,351170,343,439
83,3368.9375,3428.171875,351543,351171,344,512
84,3270.4802631578946,3295.8338815789475,351874,351502,339,608
84,3292.4774494556764,3261.105754276827,351876,351504,340,643
84,3296.1776315789475,3335.527960526316,351878,,349,608
84,3330.7582417582416,3265.9871794871797,351879,351507,330,546
84,3339.640404040404,3317.0242424242424,351882,351510,332,495
84,3228.189792663477,3419.2535885167463,351885,351513,345,627
84,3252.4217081850534,3315.5462633451957,351887,351515,322,562
84,3281.878587196468,3487.3245033112585,351890,351518,335,453
84,3277.691029900332,3419.448504983389,351891,351519,336,301
84,3373.908474576271,3453.3677966101695,351894,351522,333,590
84,3369.681402439024,3485.2759146341464,351895,351523,334,656
84,3377.527731092437,3369.494117647059,351901,351529,337,595
84,3322.283531409168,3370.2597623089982,351902,351530,338,589
84,3292.0482897384304,3442.0221327967806,351904,351532,325,497
84,3293.796875,3385.9756944444443,351905,351533,347,576
84,3337.9633620689656,3430.262931034483,351911,351539,328,464
84,3313.410934744268,3475.084656084656,351912,351540,342,567
84,3377.2358079,3390.5676855895194,351914,351542,343,458
84,3366.2713755,3429.0185873605947,351915,351543,344,538
85,3272.4442595673877,3295.8535773710482,352246,351874,339,601
85,3293.8107692307694,3259.964615384615,352248,351876,340,650
85,3285.4926470588234,3355.1,352250,,350,680
85,3329.906810035842,3268.921146953405,352251,351879,330,558
85,3225.8051118210865,3422.052715654952,352257,351885,345,626
85,3258.9297012302286,3318.6133567662564,352259,351887,322,569
85,3281.90987124,3486.5150214592277,352262,351890,335,466
85,3276.918367346939,3419.5850340136053,352263,351891,336,294
85,3375.104918032787,3452.1409836065573,352266,351894,333,610
85,3369.7480680061826,3485.6352395672334,352267,351895,334,647
85,3375.63468013468,3368.621212121212,352273,351901,337,594
85,3319.6048780487804,3366.8959349593497,352274,351902,338,615
85,3291.972,3441.99,352276,351904,325,500
85,3290.1543739279587,3385.7993138936536,352277,351905,347,583
85,3336.6059999999998,3430.79,352283,351911,328,500
85,3312.6949458483755,3473.9115523465703,352284,351912,342,554
85,3379.7204081632653,3391.069387755102,352286,351914,343,490
85,3366.7926605504585,3429.5504587155965,352287,351915,344,545
85,3349.468926553672,3315.813559322034,352289,351882,332,177
85,3315.473988439306,3319.208092485549,352290,,351,173
86,3272.9839743589746,3296.2820512820513,352618,352246,339,624
86,3294.5613496932515,3260.4923312883434,352620,352248,340,652
86,3292.0268096514747,3362.563002680965,352622,352250,350,746
86,3331.0213903743315,3268.4188948306596,352623,352251,330,561
86,3225.1632,3423.4608,352629,352257,345,625
86,3256.723076923077,3318.131623931624,352631,352259,322,585
86,3283.680525164114,3487.0306345733043,352634,352262,335,457
86,3278.31325301,3418.9939759036142,352635,352263,336,332
86,3374.4612903225807,3453.1725806451614,352638,352266,333,620
86,3370.2003081664097,3485.4391371340525,352639,352267,334,649
86,3375.54,3368.84,352645,352273,337,600
86,3318.240983606557,3365.6393442622953,352646,352274,338,610
86,3292.551515151515,3443.088888888889,352648,352276,325,495
86,3290.492673992674,3388.1227106227107,352649,352277,347,546
86,3337.5461847389556,3431.6305220883532,352655,352283,328,498
86,3313.4534050179213,3474.4121863799282,352656,352284,342,558
86,3382.212981744422,3390.9898580121703,352658,352286,343,493
86,3367.7115384615386,3428.9108391608393,352659,352287,344,572
86,3347.2929688,3316.0078125,352661,352289,332,256
86,3314.1423611111113,3306.2430555555557,352662,352290,351,288
87,3273.0565428109853,3296.361873990307,353007,352618,339,619
87,3293.983231707317,3261.3506097560976,353009,352620,340,656
87,3301.474554707379,3361.4503816793895,353011,352622,350,786
87,3331.4723707664884,3268.0499108734402,353012,352623,330,561
87,3223.4789391575664,3424.6146645865833,353018,352629,345,641
87,3253.4558058925477,3314.485268630849,353020,352631,322,577
87,3284.3096234309623,3486.9623430962342,353023,352634,335,478
87,3276.598006644518,3420.6943521594685,353024,352635,336,301
87,3374.7895595,3453.1957585644373,353027,352638,333,613
87,3369.906584992343,3485.4640122511487,353028,352639,334,653
87,3375.3939899833053,3368.3756260434056,353034,352645,337,599
87,3321.2912087912086,3365.7747252747254,353035,352646,338,364
87,3292.542406311637,3443.5128205128203,353037,352648,325,507
87,3290.7274401473296,3387.403314917127,353038,352649,347,543
87,3336.6626506024095,3431.8594378,353044,352655,328,498
87,3314.053448275862,3474.4327586206896,353045,352656,342,580
87,3383.41928721174,3390.6121593291405,353047,352658,343,477
87,3366.220665499124,3428.9894921190894,353048,352659,344,571
87,3346.2673611111113,3314.3611111111113,353050,352661,332,288
87,3313.248520710059,3309.0325443786983,353051,352662,351,338
88,3268.0996677740864,3295.822259136213,353396,353007,339,602
88,3293.440909090909,3261.025757575758,353398,353009,340,660
88,3302.981581798483,3365.8223185265438,353400,353011,350,923
88,3331.487544483986,3268.693950177936,353401,353012,330,562
88,3221.937984496124,3426.460465116279,353407,353018,345,645
88,3246.7428087986464,3311.959390862944,353409,353020,322,591
88,3282.643298969072,3486.719587628866,353412,353023,335,485
88,3276.09009009009,3418.3993993993995,353413,353024,336,333
88,3376.048818897638,3451.503937007874,353416,353027,333,635
88,3369.264150943396,3485.7484277,353417,353028,334,636
88,3374.0065573770494,3368.173770491803,353423,353034,337,610
88,3319.64465408805,3365.462264150943,353424,353035,338,318
88,3291.261044176707,3445.8694779116468,353426,353037,325,498
88,3287.6766055045873,3387.105504587156,353427,353038,347,436
88,3336.017094017094,3431.6175213675215,353433,353044,328,468
88,3312.978761061947,3472.8053097345132,353434,353045,342,565
88,3382.274841437632,3392.7653276955602,353436,353047,343,473
88,3365.6254237288135,3429.501694915254,353437,353048,344,590
88,3346.8463768115944,3317.255072463768,353439,353050,332,345
88,3309.558536585366,3307.4853658536585,353440,353051,351,410
89,3268.6035398230088,3296.98584071,353785,353396,339,565
89,3294.1833590138676,3260.929121725732,353787,353398,340,649
89,3306.8431876606683,3362.2352185089976,353789,353400,352,778
89,3333.5793103448277,3266.094827586207,353790,353401,330,580
89,3219.7963525835867,3428.855623100304,353796,353407,345,658
89,3241.301854974705,3308.971332209106,353798,353409,322,593
89,3284.1991341991343,3486.625541125541,353801,353412,335,462
89,3277.551401869159,3420.8909657320874,353802,353413,336,321
89,3378.471138845554,3449.5741029641185,353805,353416,333,641
89,3369.804651162791,3484.694573643411,353806,353417,334,645
89,3375.3204508856684,3367.9291465378424,353812,353423,337,621
89,3311.4857142857145,3347.766666666667,353813,353400,353,210
89,3291.996031746032,3446.436507936508,353815,353426,325,504
89,3289.47792706334,3384.562380038388,353816,353427,347,521
89,3336.963906581741,3427.9957537154987,353822,353433,328,471
89,3315.5742397137747,3472.2397137745975,353823,353434,342,559
89,3384.159329140461,3391.937106918239,353825,353436,343,477
89,3364.4403973509934,3429.948675496689,353826,353437,344,604
89,3348.190243902439,3317.9756097560976,353828,353439,332,410
89,3308.395734597156,3309.071090047393,353829,353440,351,422
90,3267.5406301824214,3298.5605306799334,354174,353785,339,603
90,3295.46072508,3262.0181268882175,354176,353787,340,662
90,3288.976613657624,3344.7698783910196,354178,,354,1069
90,3335.678507992895,3261.5861456483126,354179,353790,330,563
90,3215.625187406297,3431.9715142428786,354185,353796,345,667
90,3234.7775974,3304.5876623376626,354187,353798,322,616
90,3284.80462185,3488.6911764705883,354190,353801,335,476
90,3275.0523255813955,3417.3837209302324,354191,353802,336,344
90,3379.142424242424,3448.6227272727274,354194,353805,333,660
90,3369.1483771251933,3485.3817619783617,354195,353806,334,647
90,3378.2596153846152,3368.709935897436,354201,353812,337,624
90,3311.5412667946257,3358.3953934740885,354202,353789,352,521
90,3291.0297619,3447.7103174603176,354204,353815,325,504
90,3287.55041322,3384.3702479338845,354205,353816,347,605
90,3335.7897959183674,3429.7673469387755,354211,353822,328,490
90,3314.702166064982,3473.4711191,354212,353823,342,554
90,3382.8141962421714,3392.830897703549,354214,353825,343,479
90,3362.464401294498,3431.2653721682846,354215,353826,344,618
90,3350.554565701559,3322.15144766147,354217,353828,332,449
90,3310.293388429752,3311.8471074380163,354218,353829,351,484
91,3266.9095477386936,3297.614740368509,354563,354174,339,597
91,3296.8995433789955,3260.03500761035,354565,354176,340,657
91,3294.186936936937,3356.115990990991,354567,354178,354,888
91,3336.2733686067018,3259.8818342151676,354568,354179,330,567
91,3214.560902255639,3434.0255639097745,354575,354185,345,665
91,3231.717741935484,3301.8322580645163,354576,354187,322,620
91,3288.619469026549,3490.8539823,354579,354190,335,452
91,3275.128205128205,3418.8429487179487,354580,354191,336,312
91,3380.1203703703704,3446.567901234568,354583,354194,333,648
91,3369.2136075949365,3485.85917721519,354584,354195,334,632
91,3379.671009771987,3369.1058631921824,354590,354201,337,614
91,3313.792828685259,3357.0916334661356,354591,354202,352,251
91,3290.812133072407,3448.205479452055,354593,354204,325,511
91,3284.0192644483363,3383.4553415061296,354594,354205,347,571
91,3334.504132231405,3427.2995867768595,354600,354211,328,484
91,3315.698729582577,3471.9745916515426,354601,354212,342,551
91,3383.1785714285716,3393.2043650793653,354603,354214,343,504
91,3363.1033333333335,3431.11,354604,354215,344,600
91,3351.157667386609,3320.6738660907126,354606,354217,332,463
91,3310.4103092783507,3313.8391752577318,354607,354218,351,485
0,3708.964343598055,3708.1004862236628,360076,,361,617
0,3728.9816513761466,3735.229357798165,360086,,362,545
0,3692.9450980392157,3853.6176470588234,360094,,363,510
0,3728.3742331288345,3858.7586912,360098,,364,489
0,3743.1946902654868,3817.2367256637167,360102,,365,452
0,3754.1855421686746,3839.2048192771085,360112,,366,415
1,3708.7487922705313,3708.376811594203,360442,360076,361,621
1,3728.5667938931297,3735.7080152671756,360452,360086,362,524
1,3693.8650190114067,3852.9410646387832,360460,360094,363,526
1,3728.990253411306,3859.3762183235867,360464,360098,364,513
1,3743.617475728155,3819.9320388349515,360468,360102,365,515
1,3758.1137440758293,3839.4170616113743,360478,360112,366,422
2,3708.4156626506024,3711.0135542168673,360808,360442,361,664
2,3728.1570093457944,3737.9028037383177,360818,360452,362,535
2,3692.865275142315,3853.2087286527512,360826,360460,363,527
2,3727.577821011673,3860.025291828794,360830,360464,364,514
2,3741.6378986866794,3822.5984990619136,360834,360468,365,533
2,3758.8108747044917,3840.1229314420802,360844,360478,366,423
3,3710.7360703812315,3712.0938416422287,361174,360808,361,682
3,3729.344122657581,3739.5706984667804,361184,360818,362,587
3,3692.9784560143626,3851.9982046678633,361192,360826,363,557
3,3727.6983240223462,3859.4040968342642,361196,360830,364,537
3,3743.5250463821894,3818.4935064935066,361200,360834,365,539
3,3759.086651053864,3838.032786885246,361210,360844,366,427
4,3710.675213675214,3713.112535612536,361540,361174,361,702
4,3731.0226086956523,3744.224347826087,361550,361184,362,575
4,3690.8998035363456,3849.0294695481334,361558,361192,363,509
4,3724.817543859649,3859.9122807017543,361562,361196,364,570
4,3743.936170212766,3818.7429078014184,361566,361200,365,564
4,3759.9357429718875,3836.4618473895584,361576,361210,366,498
5,3710.431154381085,3713.542420027816,361906,361540,361,719
5,3729.941712204007,3747.601092896175,361916,361550,362,549
5,3692.0506108202444,3848.696335078534,361924,361558,363,573
5,3728.440199335548,3856.2923588039866,361928,361562,364,602
5,3749.6557971014495,3814.4003623188405,361932,361566,365,552
5,3776.5,3825.546052631579,361944,361576,367,152
5,3750.3893805309735,3838.4867256637167,361945,361576,368,113
6,3708.516452074392,3711.8769670958513,362272,361906,361,699
6,3733.9483394833946,3748.463099630996,362282,361916,362,542
6,3696.10294118,3850.6388888888887,362290,361924,363,612
6,3731.1860036832413,3864.307550644567,362294,361928,364,543
6,3752.275471698113,3813.7226415094337,362298,361932,365,530
6,3775.707509881423,3826.6363636363635,362310,361944,367,253
6,3750.4308300395255,3842.826086956522,362311,361945,368,253
7,3711.2363387978144,3711.5,362638,362272,361,732
7,3731.0650684931506,3747.6181506849316,362648,362282,362,584
7,3694.450406504065,3850.377235772358,362656,362290,363,615
7,3729.9849749582636,3870.001669449082,362660,362294,364,599
7,3747.289048473968,3817.5385996409336,362664,362298,365,557
7,3776.7859531772574,3823.040133779264,362676,362310,367,299
7,3752.3,3845.735294117647,362677,362311,368,340
8,3709.1476063829787,3711.75,363004,362638,361,752
8,3733.4173622704507,3743.6777963,363014,362648,362,599
8,3695.8,3849.7015625,363022,362656,363,640
8,3730.2066772655007,3868.7138314785375,363026,362660,364,629
8,3760.0254237288136,3798.7118644067796,363032,,369,118
8,3734.3852459016393,3817.4836065573772,363033,362664,365,122
8,3774.9407407407407,3823.1925925925925,363042,362676,367,405
8,3750.637566137566,3842.436507936508,363043,362677,368,378
9,3706.907608695652,3711.5801630434785,363370,363004,361,736
9,3732.8888888888887,3742.2550860719875,363380,363014,362,639
9,3694.547904191617,3854.3562874251497,363388,363022,363,668
9,3733.1302325581396,3876.1596899224805,363392,363026,364,645
9,3755.6609686609686,3801.9173789173788,363398,363032,369,351
9,3732.0967741935483,3824.6693548387098,363399,363033,365,248
9,3777.286343612335,3821.3942731277534,363408,363042,367,454
9,3749.2265060240966,3847.0578313253013,363409,363043,368,415
10,3704.2427983539096,3709.0727023319614,363733,363370,361,729
10,3731.448529411765,3740.2132352941176,363743,363380,362,680
10,3694.7585185185185,3853.6740740740743,363751,363388,363,675
10,3735.93343419062,3877.68532526475,363755,363392,364,661
10,3756.7797927,3802.077720207254,363761,363398,369,386
10,3728.3148788927338,3829.3148788927338,363762,363399,365,289
10,3782.2362768,3816.7947494033415,363771,363408,367,419
10,3753.052401746725,3843.8209606986898,363772,363409,368,458
11,3704.7551299589604,3706.8659370725036,364107,363733,361,731
11,3730.2875175315567,3738.8373071528754,364117,363743,362,713
11,3695.9719626168226,3852.0155763239877,364125,363751,363,642
11,3737.0014836795253,3875.3961424332347,364129,363755,364,674
11,3759.6575,3801.81,364135,363761,369,400
11,3726.6063218390805,3833.7758620689656,364136,363762,365,348
11,3784.9099756691,3815.3576642335765,364145,363771,367,411
11,3751.914606741573,3838.3797752808987,364146,363772,368,445
12,3693.3494623655915,3708.1935483870966,364481,364107,361,558
12,3723.723374827109,3736.554633471646,364491,364117,362,723
12,3693.84122137,3852.6946564885498,364499,364125,363,655
12,3736.679640718563,3876.7050898203593,364503,364129,364,668
12,3758.609375,3800.8035714285716,364509,364135,369,448
12,3719.639037433155,3844.2272727272725,364510,364136,365,374
12,3785.9521640091116,3810.2915717539863,364519,364145,367,439
12,3752.0703624733474,3839.443496801706,364520,364146,368,469
13,3710.8325791855204,3701.9547511312217,364857,364481,370,221
13,3681.90410959,3702.178082191781,364858,364481,371,219
13,3722.143661971831,3737.311267605634,364865,364491,362,710
13,3694.945185185185,3852.3674074074074,364873,364499,363,675
13,3739.468656716418,3877.1820895522387,364877,364503,364,670
13,3756.9206349206347,3800.24716553288,364883,364509,369,441
13,3720.291005291005,3844.685185185185,364884,364510,365,378
13,3787.3716814159293,3808.0442477876104,364893,364519,367,452
13,3754.102766798419,3836.5375494071145,364894,364520,368,506
14,3712.839116719243,3693.7917981072555,365231,364857,370,317
14,3682.8590604026845,3700.6375838926174,365232,364858,371,298
14,3729.6473779385174,3751.5443037974683,365239,364865,362,553
14,3694.719298245614,3852.7587719298244,365247,364873,363,684
14,3740.578125,3879.258522727273,365251,364877,364,704
14,3755.60843373494,3800.477911646586,365257,364883,369,498
14,3719.30179028133,3848.7519181585676,365258,364884,365,391
14,3784.6961206896553,3809.780172413793,365267,364893,367,464
14,3751.6772277227724,3840.732673267327,365268,364894,368,505
15,3711.989247311828,3694.239247311828,365605,365231,370,372
15,3680.295652173913,3700.6608695652176,365606,365232,371,345
15,3715.6171003717473,3722.1598513011154,365615,,372,269
15,3734.153409090909,3746.7386363636365,365616,365239,362,352
15,3694.3478260869565,3853.0420757363254,365621,365247,363,713
15,3743.515994436718,3877.53685674548,365625,365251,364,719
15,3752.433198380567,3804.917004,365631,365257,369,494
15,3718.885922330097,3851.9271844660193,365632,365258,365,412
15,3785.4232456140353,3805.9013157894738,365641,365267,367,456
15,3752.0797546,3843.638036809816,365642,365268,368,489
16,3713.9274611398964,3695.484455958549,365971,365605,370,386
16,3682.1648648648647,3698.5891891891893,365972,365606,371,370
16,3720.4620462046205,3715.4191419141916,365981,365615,372,303
16,3735.36815920398,3749.241293532338,365982,365616,362,402
16,3696.1373937677054,3854.0240793201133,365987,365621,363,706
16,3743.8011363636365,3877.2485795454545,365991,365625,364,704
16,3753.3978723404257,3803.7148936170215,365997,365631,369,470
16,3720.7072072072074,3846.689189189189,365998,365632,365,444
16,3785.501075268817,3807.750537634409,366007,365641,367,465
16,3752.56512605042,3844.5063025210084,366008,365642,368,476
17,3713.4380530973453,3693.0884955752213,366337,365971,370,452
17,3684.85861183,3700.4498714652955,366338,365972,371,389
17,3721.970930232558,3713.686046511628,366347,365981,372,344
17,3735.0985576923076,3749.608173076923,366348,365982,362,416
17,3694.45844875,3854.371191135734,366353,365987,363,722
17,3742.8948824343015,3879.5325034578145,366357,365991,364,723
17,3757.5960698689955,3802.052401746725,366363,365997,369,458
17,3720.3196544276457,3846.194384449244,366364,365998,365,463
17,3783.1016597510375,3812.844398340249,366373,366007,367,482
17,3748.89485458613,3848.460850111857,366374,366008,368,447
18,3714.5496688741723,3691.1810154525388,366718,366337,370,453
18,3682.9302325581393,3698.0645994832043,366719,366338,371,387
18,3720.1917404129795,3711.3303834808257,366728,366347,372,339
18,3734.4419753,3749.3135802469137,366729,366348,362,405
18,3691.622462787551,3856.4776725304464,366734,366353,363,739
18,3744.0078226857886,3879.511082138201,366738,366357,364,767
18,3753.978540772532,3804.0858369098714,366744,366363,369,466
18,3718.3258928571427,3840.1272321428573,366745,366364,365,448
18,3781.700205338809,3809.0616016427107,366754,366373,367,487
18,3742.649667405765,3850.8558758314857,366755,366374,368,451
19,3722.950226244344,3690.552036199095,367093,366718,370,442
19,3686.109756097561,3698.307317073171,367094,366719,371,410
19,3720.535014005602,3711.8711484593837,367103,366728,372,357
19,3733.5668103448274,3745.239224137931,367104,366729,362,464
19,3693.1367292200002,3855.9678284182305,367109,366734,363,746
19,3744.732026143791,3880.5777777777776,367113,366738,364,765
19,3755.8571428571427,3799.7824175824176,367119,366744,369,455
19,3720.6773455377574,3839.0915331807782,367120,366745,365,437
19,3782.1071428571427,3808.436507936508,367129,366754,367,504
19,3745.028824833703,3852.441241685144,367130,366755,368,451
20,3720.714285714286,3690.6866359447004,367468,367093,370,434
20,3683.703791469194,3692.7890995260664,367469,367094,371,422
20,3717.231707317073,3710.4829268292683,367478,367103,372,410
20,3729.758318739054,3744.737302977233,367479,367104,362,571
20,3693.59403372,3855.3463035019454,367484,367109,363,771
20,3745.7984084880636,3880.8965517241377,367488,367113,364,754
20,3753.352808988764,3802.0247191011235,367494,367119,369,445
20,3718.368539325843,3842.6764045,367495,367120,365,445
20,3781.810707456979,3808.3862332695985,367504,367129,367,523
20,3743.015486725664,3852.1969026548672,367505,367130,368,452
21,3716.366729678639,3687.056710775047,367843,367468,370,529
21,3681.6556701030927,3693.7051546391754,367844,367469,371,485
21,3717.592750533049,3713.72921108742,367853,367478,372,469
21,3721.102564102564,3750.7124542124543,367854,367479,362,546
21,3693.375494071146,3852.409749670619,367859,367484,363,759
21,3744.5459387483356,3880.2902796271637,367863,367488,364,751
21,3756.870892018779,3797.823943661972,367869,367494,369,426
21,3717.534090909091,3842.359090909091,367870,367495,365,440
21,3779.4587737843553,3816.2727272727275,367879,367504,367,473
21,3743.1721854304637,3850.326710816777,367880,367505,368,453
22,3718.1486988847582,3691.328996282528,368218,367843,370,538
22,3680.730132450331,3693.387417218543,368219,367844,371,604
22,3724.747844827586,3722.9762931034484,368228,367853,372,464
22,3715.2737642585553,3758.7851711026615,368229,367854,362,526
22,3691.8834196891194,3852.979274611399,368234,367859,363,772
22,3746.232189973615,3880.353562005277,368238,367863,364,758
22,3757.6659436008676,3799.1301518438177,368244,367869,369,461
22,3715.75,3843.4322916666665,368245,367870,365,384
22,3780.2942386831273,3816.251028806584,368254,367879,367,486
22,3739.9265033407573,3850.5077951002227,368255,367880,368,449
23,3715.768946395564,3687.5526802218114,368593,368218,370,541
23,3674.66104553,3694.4198988195617,368594,368219,371,593
23,3732.4795918367345,3720.6285714285714,368603,368228,372,490
23,3715.678392,3756.9363484087103,368604,368229,362,597
23,3691.470879801735,3852.3023543990084,368609,368234,363,807
23,3746.3700887198984,3879.6451204055766,368613,368238,364,789
23,3762.335164835165,3803.388278388278,368619,368244,369,546
23,3714.051413881748,3846.8020565552697,368620,368245,365,389
23,3785.5866050808313,3817.323325635104,368629,368254,367,433
23,3740.3940042826553,3848.82869379015,368630,368255,368,467
24,3714.729537366548,3688.0409252669037,368975,368593,370,562
24,3674.813953488372,3694.6744186046512,368976,368594,371,602
24,3733.595387840671,3717.431865828092,368985,368603,372,477
24,3716.414976599064,3754.4227769110767,368986,368604,362,641
24,3693.5195460277428,3850.2395964691045,368991,368609,363,793
24,3748.807113543092,3881.454172366621,368995,368613,364,731
24,3761.5825242718447,3802.7805825242717,369001,368619,369,515
24,3715.273291925466,3847.1273291925468,369002,368620,365,322
24,3785.5040322580644,3817.1149193548385,369011,368629,367,496
24,3742.1974789915967,3847.4012605042017,369012,368630,368,476
25,3707.9,3688.7254237288134,369357,368975,370,590
25,3671.540133779264,3693.6521739130435,369358,368976,371,598
25,3732.233333333333,3718.529411764706,369367,368985,372,510
25,3711.6666666666665,3754.701834862385,369368,368986,362,654
25,3691.683804627249,3851.0938303341904,369373,368991,363,778
25,3747.9184210526314,3880.628947368421,369377,368995,364,760
25,3761.426,3803.266,369383,369001,369,500
25,3713.08253968254,3847.488888888889,369384,369002,365,315
25,3782.180527383367,3821.6409736308315,369393,369011,367,493
25,3739.3453093812377,3846.4730538922154,369394,369012,368,501
26,3708.6808905380335,3686.595547309833,369740,369357,370,539
26,3673.34925865,3696.4184514003296,369741,369358,371,607
26,3732.9823529411765,3715.850980392157,369750,369367,372,510
26,3711.826215022091,3755.558173784978,369751,369368,362,679
26,3692.240458015267,3851.998727735369,369756,369373,363,786
26,3747.9421487603304,3879.564738292011,369760,369377,364,726
26,3763.8827038,3797.9502982107356,369766,369383,369,503
26,3714.7166666666667,3844.5138888888887,369767,369384,365,360
26,3780.2013129102843,3826.770240700219,369776,369393,367,457
26,3739.6757813,3844.5449219,369777,369394,368,512
27,3715.657091561939,3687.3105924596052,370123,369740,370,557
27,3676.258116883117,3695.5113636363635,370124,369741,371,616
27,3735.056092843327,3717.191489361702,370133,369750,372,517
27,3712.5555555555557,3756.972972972973,370134,369751,362,666
27,3696.7421777221525,3849.823529411765,370139,369756,363,799
27,3747.151851851852,3878.7395061728394,370143,369760,364,810
27,3768.8278689,3793.9549180327867,370149,369766,369,488
27,3718.644699140401,3843.183381088825,370150,369767,365,349
27,3779.859470468432,3827.9490835,370159,369776,367,491
27,3743.037773359841,3844.0536779324057,370160,369777,368,503
28,3716.3044217687075,3683.052721088435,370506,370123,370,588
28,3674.39726027,3695.2414383561645,370507,370124,371,584
28,3737.751879699248,3715.308270676692,370516,370133,372,532
28,3712.217261904762,3756.3258928571427,370517,370134,362,672
28,3694.4942675159236,3849.067515923567,370522,370139,363,785
28,3746.914586070959,3881.337713534823,370526,370143,364,761
28,3765.7880085653105,3791.6188436830835,370532,370149,369,467
28,3716.9142091152817,3843.9034852546915,370533,370150,365,373
28,3778.1847826086955,3825.3659420289855,370542,370159,367,552
28,3741.3179190751443,3844.8574181117533,370543,370160,368,519
29,3715.71359223301,3674.205501618123,370889,370506,370,618
29,3676.0178571428573,3693.5844155844156,370890,370507,371,616
29,3738.5334685598377,3710.841784989858,370899,370516,372,493
29,3714.732474964235,3753.0529327610875,370900,370517,362,699
29,3694.24847001,3850.8776009791923,370905,370522,363,817
29,3747.196629213483,3882.046348314607,370909,370526,364,712
29,3761.9332096474955,3790.630797773655,370915,370532,369,539
29,3717.0877192982457,3844.3801169590643,370916,370533,365,342
29,3777.7842003853566,3826.082851637765,370925,370542,367,519
29,3741.7562862669247,3846.2147001934236,370926,370543,368,517
30,3719.0831973898858,3672.4502446982056,371272,370889,370,613
30,3676.928455284553,3693.42601626,371273,370890,371,615
30,3735.1441947565545,3711.6872659,371282,370899,372,534
30,3713.966527196653,3752.655509065551,371283,370900,362,717
30,3696.1622276029057,3851.4370460048426,371288,370905,363,826
30,3746.8424657534247,3881.2785388127854,371292,370909,364,438
30,3761.737793851718,3791.9330922242316,371298,370915,369,553
30,3719.8229508196723,3839.2098360655737,371299,370916,365,305
30,3777.8761384335153,3826.249544626594,371308,370925,367,549
30,3743.008791208791,3847.2021978021976,371309,370926,368,455
31,3722.156507413509,3674.8912685337727,371655,371272,370,607
31,3678.588957055215,3694.069018404908,371656,371273,371,652
31,3736.4950690335304,3716.3865877712033,371665,371282,372,507
31,3713.2771739130435,3752.673913043478,371666,371283,362,736
31,3693.62451108,3850.6245110821383,371671,371288,363,767
31,3761.194756554307,3881.0411985018727,371677,371292,373,267
31,3733.292490118577,3882.7628458498025,371678,371292,374,253
31,3760.891265597148,3792.5329768270944,371681,371298,369,561
31,3716.5317220543807,3842.6858006042294,371682,371299,365,331
31,3776.00518134715,3828.298791018998,371691,371308,367,579
31,3740.826883910387,3850.3808553971485,371692,371309,368,491
32,3724.51768488746,3675.927652733119,372038,371655,370,622
32,3679.8511278195488,3695.0676691729323,372039,371656,371,665
32,3734.8615071283098,3717.5865580448067,372048,371665,372,491
32,3712.5116279069766,3754.1805745554034,372049,371666,362,731
32,3690.8571428571427,3849.084126984127,372054,371671,363,630
32,3762.3056478405315,3885.750830564784,372060,371677,373,301
32,3737.8924731182797,3887.6164874551973,372061,371678,374,279
32,3761.149446494465,3792.39852398524,372064,371681,369,542
32,3717.778350515464,3840.3505154639174,372065,371682,365,388
32,3776.2238010657193,3830.7353463587924,372074,371691,367,563
32,3742.171206225681,3853.161478599222,372075,371692,368,514
33,3724.839527027027,3676.4560810810813,372421,372038,370,592
33,3679.6745913818722,3694.3863298662704,372422,372039,371,673
33,3735.1259842519685,3717.8740157480315,372431,372048,372,508
33,3713.6270718232045,3753.82182320442,372432,372049,362,724
33,3687.779270633397,3854.3608445297505,372437,372054,363,521
33,3761.6964285714284,3880.0535714285716,372443,372060,373,336
33,3737.267973856209,3889.09477124183,372444,372061,374,306
33,3761.664150943396,3790.115094339623,372447,372064,369,530
33,3715.4360730593608,3837.445205479452,372448,372065,365,438
33,3775.7088607594937,3831.3146473779384,372457,372074,367,553
33,3741.5659656,3853.0114722753347,372458,372075,368,523
34,3724.7723440134905,3676.794266441821,372804,372421,370,593
34,3678.2876923076924,3694.74769231,372805,372422,371,650
34,3733.7148936170215,3719.451063829787,372814,372431,372,470
34,3713.124833997344,3755.1181938911022,372815,372432,362,753
34,3683.44126984127,3872.1619047619047,372822,372437,375,315
34,3689.9302325581393,3840.607235142119,372823,372437,376,387
34,3762.9467005076144,3880.4619289340103,372826,372443,373,394
34,3737.6510067114095,3890.0436241610737,372827,372444,374,298
34,3763.931338028169,3790.7218309859154,372830,372447,369,568
34,3715.5529953917053,3840.4470046082947,372831,372448,365,434
34,3776.219607843137,3833.8176470588237,372840,372457,367,510
34,3741.382405745063,3853.152603231598,372841,372458,368,557
35,3726.895666131621,3677.454253611557,373187,372804,370,623
35,3681.1233082706767,3694.694736842105,373188,372805,371,665
35,3733.8977505112475,3720.2188139059303,373197,372814,372,489
35,3715.1122994652405,3754.066844919786,373198,372815,362,748
35,3685.1032258064515,3868.3225806451615,373205,372822,375,310
35,3693.2923076923075,3838.209230769231,373206,372823,376,325
35,3763.55205811138,3879.9007263922517,373209,372826,373,413
35,3739.7,3891.3,373210,372827,374,350
35,3765.9588551,3791.1824686940968,373213,372830,369,559
35,3716.011467889908,3840.612385321101,373214,372831,365,436
35,3777.012455516014,3832.4163701067614,373223,372840,367,562
35,3740.7979452054797,3852.946917808219,373224,372841,368,584
36,3727.529702970297,3678.442244224422,373570,373187,370,606
36,3681.2737920937043,3694.6603221083456,373571,373188,371,683
36,3731.5896907216493,3721.7319587628867,373580,373197,372,485
36,3715.458776595745,3754.99335106383,373581,373198,362,752
36,3684.3475783475783,3869.5868945868947,373588,373205,375,351
36,3694.484939759036,3838.8012048192772,373589,373206,376,332
36,3763.3015521064303,3879.7827050997785,373592,373209,373,451
36,3739.340694006309,3888.444794952681,373593,373210,374,317
36,3764.9535655058044,3791.7363184079604,373596,373213,369,603
36,3716.897494305239,3840.662870159453,373597,373214,365,439
36,3776.504780114723,3832.3059273422564,373606,373223,367,523
36,3740.3821292775665,3855.28897338403,373607,373224,368,526
37,3727.779487179487,3677.9880341880344,373953,373570,370,585
37,3682.09224012,3695.265007320644,373954,373571,371,683
37,3733.016563146998,3720.631469979296,373963,373580,372,483
37,3716.3478835978835,3754.708994708995,373964,373581,362,756
37,3682.53477218,3869.8585131894483,373971,373588,375,417
37,3689.72131147541,3838.4918032786886,373972,373589,376,366
37,3765.3478260869565,3881.4323671497586,373975,373592,373,414
37,3739.4511494252874,3892.5114942528735,373976,373593,374,348
37,3765.836956521739,3789.923913043478,373979,373596,369,552
37,3719.864915572233,3837.932457786116,373980,373597,365,533
37,3777,3833.2768670309656,373989,373606,367,549
37,3742.3978494623657,3857.8118279569894,373990,373607,368,558
38,3728.4010067114095,3676.038590604027,374319,373953,370,596
38,3681.4918759231905,3695.0118168389954,374320,373954,371,677
38,3729.9013806706116,3720.6153846153848,374329,373963,372,507
38,3714.981554677207,3753.383399209486,374330,373964,362,759
38,3683.570093457944,3869.1191588785045,374337,373971,375,428
38,3687.2035398230087,3837.0176991150443,374338,373972,376,339
38,3762.6470588235293,3881.5882352941176,374341,373975,373,425
38,3736.0810810810813,3888.6,374342,373976,374,370
38,3762.820168067227,3791.2302521008405,374345,373979,369,595
38,3719.940476190476,3835.777777777778,374346,373980,365,504
38,3776.056710775047,3833.9546313799624,374355,373989,367,529
38,3739.155109489051,3855.3211678832117,374356,373990,368,548
39,3729.4317406143346,3677.122866894198,374699,374319,370,586
39,3680.6847507331377,3693.7829912023462,374700,374320,371,682
39,3730.093023255814,3721.4263565891474,374709,374329,372,516
39,3714.4172099087355,3753.232073011734,374710,374330,362,767
39,3682.338129496403,3870.390887290168,374717,374337,375,417
39,3685.10447761,3838.316417910448,374718,374338,376,335
39,3761.119305856833,3880.9501084598696,374721,374341,373,461
39,3737.0437158469945,3891.497267759563,374722,374342,374,366
39,3763.565705128205,3792.2660256410254,374725,374345,369,624
39,3719.499001996008,3832.542914171657,374726,374346,365,501
39,3773.973880597015,3834.7873134328356,374735,374355,367,536
39,3737.44425087108,3855.9494773519164,374736,374356,368,574
40,3728.3204047217537,3677.298482293423,375079,374699,370,593
40,3681.780523255814,3696.265988372093,375080,374700,371,688
40,3729.470802919708,3721.080291970803,375089,374709,372,548
40,3714.650331125828,3754.245033112583,375090,374710,362,755
40,3681.7477064220184,3869.577981651376,375097,374717,375,436
40,3688.7456647398844,3835.849710982659,375098,374718,376,346
40,3759.80375782881,3883.4237995824633,375101,374721,373,479
40,3734.4679665738163,3896.1727019498608,375102,374722,374,359
40,3762.6416,3795.6112,375105,374725,369,625
40,3721.332688588008,3835.411992263056,375106,374726,365,517
40,3775.078895463511,3834.8816568047337,375115,374735,367,507
40,3738.704391891892,3860.1283783783783,375116,374736,368,592
41,3730.619298245614,3675.363157894737,375459,375079,370,570
41,3684.211678832117,3693.65401459854,375460,375080,371,685
41,3730.220640569395,3718.683274021352,375469,375089,372,562
41,3715.5303430079157,3753.1833773087073,375470,375090,362,758
41,3683.0861678004535,3866.501133786848,375477,375097,375,441
41,3688.1666666666665,3837.214285714286,375478,375098,376,336
41,3761.0438756855574,3879.431444241316,375481,375101,373,547
41,3737.4899497487436,3897.2010050251256,375482,375102,374,398
41,3762.618604651163,3795.187596899225,375485,375105,369,645
41,3720.0229445506693,3835.695984703633,375486,375106,365,523
41,3777.6984402079725,3831.741767764298,375495,375115,367,577
41,3741.1384364820847,3855.5570033,375496,375116,368,614
42,3729.8350168350166,3679.289562289562,375839,375459,370,594
42,3683.3656597774243,3693.5182829888713,375840,375460,371,629
42,3732.534516765286,3717.34516765286,375849,375469,372,507
42,3718.010484927916,3753.2726081258193,375850,375470,362,763
42,3681.7031963470317,3871.0639269406392,375857,375477,375,438
42,3687.5745341614906,3835.639751552795,375858,375478,376,322
42,3758.289855072464,3881.9316770186333,375861,375481,373,483
42,3738.330845771144,3899.1169154228855,375862,375482,374,402
42,3760.6094224924013,3797.323708206687,375865,375485,369,658
42,3721.0946196660484,3833.5194805194806,375866,375486,365,539
42,3778.3819188191883,3834.138376383764,375875,375495,367,542
42,3740.270226537217,3856.784789644013,375876,375496,368,618
43,3728.625816993464,3678.671568627451,376223,375839,370,612
43,3682.8002853067046,3693.355206847361,376224,375840,371,701
43,3730.518664047151,3717.475442,376233,375849,372,509
43,3715.11724137931,3751.9406896551723,376234,375850,362,725
43,3681.4947368421053,3870.9894736842107,376241,375857,375,475
43,3687.31092437,3837.81512605042,376242,375858,376,357
43,3757.699373695198,3879.9018789,376245,375861,373,479
43,3742.188888888889,3897.5555555555557,376246,375862,374,360
43,3758.309523809524,3799.5788690476193,376249,375865,369,672
43,3719.768953068592,3832.2111913357403,376250,375866,365,554
43,3776.0671641791046,3832.9272388059703,376259,375875,367,536
43,3738.6041308089502,3857.5955249569706,376260,375876,368,581
44,3727.727422003284,3676.75041051,376607,376223,370,609
44,3680.028358208955,3693.6313432835823,376608,376224,371,670
44,3730.160075329567,3716.491525423729,376617,376233,372,531
44,3715.21045751634,3753.3124183006535,376618,376234,362,765
44,3678.11377245509,3873.3353293413174,376625,376241,375,501
44,3683.43380282,3836.6901408450703,376626,376242,376,355
44,3757.515325670498,3878.5,376629,376245,373,522
44,3740.4749340369394,3895.6939313984167,376630,376246,374,379
44,3760.5462822,3797.8907435508345,376633,376249,369,659
44,3717.3471223021584,3832.404676258993,376634,376250,365,556
44,3780.572192513369,3831.1051693404634,376643,376259,367,561
44,3737.815457413249,3855.916403785489,376644,376260,368,634
45,3730.1702508960575,3675.8333333333335,376991,376607,370,558
45,3680.0414814814817,3693.094814814815,376992,376608,371,675
45,3727.442379182156,3717.03717472119,377001,376617,372,538
45,3711.104060913706,3751.1408629441626,377002,376618,362,788
45,3678.4733475479743,3871.7100213219614,377009,376625,375,469
45,3686.9047619,3833.973214285714,377010,376626,376,336
45,3755.4275092936805,3881.0780669144983,377013,376629,373,538
45,3740.492307692308,3898.7820512820513,377014,376630,374,390
45,3760.7347242921014,3798.1400894187777,377017,376633,369,671
45,3716.722719141324,3831.973166368515,377018,376634,365,559
45,3783.524680073126,3827.3967093235833,377027,376643,367,547
45,3736.390048154093,3856.247191011236,377028,376644,368,623
46,3729.250825082508,3677.3498349834986,377371,376991,370,606
46,3681.6011904761904,3693.6964285714284,377372,376992,371,672
46,3730.3410852713178,3715.9883720930234,377381,377001,372,516
46,3712.8367609254497,3751.1606683804625,377382,377002,362,778
46,3680.947895791583,3870.2745490981965,377389,377009,375,499
46,3686.5701492537314,3833.2149253731345,377390,377010,376,335
46,3755.763602251407,3878.9774859287054,377393,377013,373,533
46,3742.289002557545,3897.0409207161124,377394,377014,374,391
46,3761.6698717948716,3796.9375,377397,377017,369,624
46,3717.57326007326,3831.7326007326005,377398,377018,365,546
46,3783.2767402,3824.7402376910018,377407,377027,367,589
46,3737.1392,3855.9744,377408,377028,368,625
47,3726.0306451612905,3676.5629032258066,377751,377371,370,620
47,3679.15668202765,3692.9124423963135,377752,377372,371,651
47,3729.8289241622574,3713.5308641975307,377761,377381,372,567
47,3711.9821656050954,3752.8624203821655,377762,377382,362,785
47,3678.3910505836575,3871.817120622568,377769,377389,375,514
47,3686.779552715655,3835.664536741214,377770,377390,376,313
47,3753.9614678899084,3879.0366972477063,377773,377393,373,545
47,3744.7831325301204,3897.0602409638554,377774,377394,374,415
47,3761.1378737541527,3795.6760797342195,377777,377397,369,602
47,3715.897435897436,3831.8168498168498,377778,377398,365,546
47,3783.40554592721,3821.400346620451,377787,377407,367,577
47,3732.9611650485435,3857.6229773462783,377788,377408,368,618
48,3728.760726072607,3676.9191419141916,378131,377751,370,606
48,3681.561377245509,3693.4790419161677,378132,377752,371,668
48,3730.410909090909,3716.0327272727272,378141,377761,372,550
48,3712.8867684478373,3753.4338422391857,378142,377762,362,786
48,3678.782857142857,3872.500952380952,378149,377769,375,525
48,3686.0651465798046,3830.9185667752445,378150,377770,376,307
48,3756.4442413162706,3876.7586837294334,378153,377773,373,547
48,3747.888095238095,3895.8404761904762,378154,377774,374,420
48,3763.749077490775,3789.579335793358,378157,377777,369,271
48,3717.5714285714284,3831.764199655766,378158,377778,365,581
48,3786.5583756345177,3816.5313028764804,378167,377787,367,591
48,3732.936630602782,3857.7836166924267,378168,377788,368,647
49,3727.695222405272,3676.841845140033,378511,378131,370,607
49,3676.883642495784,3692.5615514333895,378512,378132,371,593
49,3730.866666666667,3713.828571428571,378521,378141,372,525
49,3714.207332490518,3753.4601769911505,378522,378142,362,791
49,3678.644787644788,3873.295366795367,378529,378149,375,518
49,3685.75932203,3830.081355932203,378530,378150,376,295
49,3756.5229202037353,3874.8726655348046,378533,378153,373,589
49,3748.658371040724,3894.8687783,378534,378154,374,442
49,3716.9930191972076,3830.952879581152,378538,378158,365,573
49,3775.443181818182,3778.590909090909,378540,378157,377,264
49,3764.3555555555554,3807.5851851851853,378541,378157,378,270
49,3786.8531952,3814.7443868739206,378547,378167,367,579
49,3728.7515151515154,3859.539393939394,378548,378168,368,660
50,3736.5053995680346,3672.671706263499,378891,378511,370,463
50,3677.4117647058824,3693.860962566845,378892,378512,371,374
50,3729.281195079086,3713.695957820738,378901,378521,372,569
50,3714.0825,3750.83625,378902,378522,362,800
50,3680.009633911368,3873.105973025048,378909,378529,375,519
50,3687.3478260869565,3831.321070234114,378910,378530,376,299
50,3758.3156089193826,3874.6312178,378913,378533,373,583
50,3749.65625,3895.167410714286,378914,378534,374,448
50,3718.1485809682804,3831.61101836394,378918,378538,365,599
50,3771.2788944723616,3782.9095477386936,378920,378540,377,398
50,3752.687150837989,3805.849162011173,378921,378541,378,358
50,3784.9268680445152,3815.027027027027,378927,378547,367,629
50,3729.464615384615,3861.3507692307694,378928,378548,368,650
51,3739.72131147541,3675.222482435597,379276,378891,370,427
51,3673.0173611111113,3703.090277777778,379278,378892,379,288
51,3681.707395498392,3679.3086816720256,379280,378892,380,311
51,3729.43216080402,3711.036850921273,379286,378901,372,597
51,3715.083120204604,3754.826086956522,379287,378902,362,782
51,3680.1338582677167,3874.484251968504,379294,378909,375,508
51,3687.03785488959,3833,379295,378910,376,317
51,3757.2820945945946,3873.927364864865,379298,378913,373,592
51,3746.7617021276596,3894.859574468085,379299,378914,374,470
51,3717.4027072758036,3833.2148900169204,379303,378918,365,591
51,3771.9188544152744,3782.704057279236,379305,378920,377,419
51,3750.4896551724137,3809.5471264367816,379306,378921,378,435
51,3782.071074380165,3817.745454545455,379312,378927,367,605
51,3726.488469601677,3865.0587002096436,379313,378928,368,477
52,3674.315112540193,3704.993569131833,379663,379278,379,311
52,3681.15838509,3679.0372670807456,379665,379280,380,322
52,3720.3851132686086,3659.401294498382,379667,,381,309
52,3741.328947368421,3683.8355263157896,379668,379276,370,304
52,3729.4847512038523,3708.247191011236,379671,379286,372,623
52,3715.774025974026,3753.1584415584416,379672,379287,362,770
52,3680.271119842829,3873.628683693517,379679,379294,375,509
52,3687.3427672955977,3828.672955974843,379680,379295,376,318
52,3756.7064846416383,3873.0460750853244,379683,379298,373,586
52,3746.1257731958763,3893.274226804124,379684,379299,374,485
52,3714.673076923077,3833.6608391608393,379688,379303,365,572
52,3771.177829099307,3784.242494226328,379690,379305,377,433
52,3747.7982646420824,3817.6789587852495,379691,379306,378,461
52,3781.2227342549922,3816.7219662058374,379697,379312,367,651
52,3732.057142857143,3853.957142857143,379700,379313,368,140
52,3710.7419354838707,3878.2129032258063,379701,,382,155
53,3673.3096446700506,3703.6370558375634,380048,379663,379,394
53,3678.84375,3680.3607954545455,380050,379665,380,352
53,3715.920127795527,3660.073482428115,380052,379667,381,313
53,3740.683673469388,3682.9149659863947,380053,379668,370,294
53,3729.3282828282827,3709.313131313131,380056,379671,372,594
53,3713.470223325062,3750.4032258064517,380057,379672,362,806
53,3677.272,3873.908,380064,379679,375,500
53,3686.9415584415583,3829.4935064935066,380065,379680,376,308
53,3755.6379928315414,3871.1218637992833,380068,379683,373,558
53,3747.2345679012346,3891.528806584362,380069,379684,374,486
53,3713.381205673759,3835.1418439716313,380073,379688,365,564
53,3772.485193621868,3782.3029612756263,380075,379690,377,439
53,3744.6021276595743,3821.304255319149,380076,379691,378,470
53,3778.2238095238095,3818.184126984127,380082,379697,367,630
53,3732.4204545454545,3860.844697,380085,379700,368,264
53,3707.5826446280994,3883.3677685950415,380086,379701,382,242
54,3671.844705882353,3700.595294117647,380428,380048,379,425
54,3684.443243243243,3685.237837837838,380430,380050,380,370
54,3718.6435986159167,3657.159169550173,380432,380052,381,289
54,3738.276397515528,3684.88198757764,380433,380053,370,322
54,3732.973076923077,3714.9596153846155,380436,380056,372,520
54,3714.1735218508998,3751.8804627249356,380437,380057,362,778
54,3680.2842105263157,3872.6105263157897,380444,380064,375,475
54,3688.768987341772,3830.6139240506327,380445,380065,376,316
54,3757.8297491039425,3871.1164874551973,380448,380068,373,558
54,3747.7495291902073,3892.1224105461392,380449,380069,374,531
54,3716.066326530612,3834.081632653061,380453,380073,365,588
54,3778.0063025210084,3785.59243697479,380455,380075,377,476
54,3748.9834024896263,3816.205394190871,380456,380076,378,482
54,3778.477638640429,3824.5295169946335,380462,380082,367,559
54,3734.7875,3861.43125,380465,380085,368,320
54,3706.6283783783783,3884.4797297297296,380466,380086,382,296
55,3670.997792494481,3701.4613686534217,380808,380428,379,453
55,3684.0227272727275,3686.918181818182,380810,380430,380,440
55,3720.9646302250803,3660.807073954984,380812,380432,381,311
55,3737.660056657224,3683.130311614731,380813,380433,370,353
55,3730.1610486891386,3712.0823970037454,380816,380436,372,534
55,3713.7096774193546,3750.2311827956987,380817,380437,362,744
55,3681.22653061,3870.24693877551,380824,380444,375,490
55,3691.1702127659573,3827.4650455927053,380825,380445,376,329
55,3757.890625,3870.5763888888887,380828,380448,373,576
55,3750.1297709923665,3891.8568702290077,380829,380449,374,524
55,3715.9236111111113,3833.230902777778,380833,380453,365,576
55,3787.9701834862385,3789.3784403669724,380835,380455,377,436
55,3755.661508704062,3810.2882011605416,380836,380456,378,517
55,3778.516129032258,3823.594470046083,380842,380462,367,217
55,3735.3506097560976,3859.8414634146343,380845,380465,368,328
55,3704.4518072289156,3883.6445783,380846,380466,382,332
56,3671.71235521,3701.515444015444,381188,380808,379,518
56,3685.9547413793102,3687.280172413793,381190,380810,380,464
56,3719.990291262136,3660.5728155339807,381192,380812,381,309
56,3739.906626506024,3681.72891566,381193,380813,370,332
56,3732.2621185,3712.861759425494,381196,380816,372,557
56,3711.4312320916906,3753.495702005731,381197,380817,362,698
56,3681.4386317907447,3866.7404426559356,381204,380824,375,497
56,3690.1070336391435,3827.400611620795,381205,380825,376,327
56,3757.296428571429,3870.192857142857,381208,380828,373,560
56,3749.609576427256,3891.366482504604,381209,380829,374,543
56,3715.4461538461537,3832.3333333333335,381213,380833,365,585
56,3787.401886792453,3784.554716981132,381215,380835,377,530
56,3757.5903165735567,3815.389199255121,381216,380836,378,537
56,3733.5925925925926,3857.777777777778,381225,380845,368,351
56,3702.9141274238227,3882.5983379501386,381226,380846,382,361
56,3786.9612068965516,3808.780172413793,381228,380842,383,232
56,3770.488151658768,3836.142180094787,381229,380842,384,211
57,3672.532,3703.152,381568,381188,379,500
57,3681.660173160173,3684.6731601731603,381570,381190,380,462
57,3721.7739938080495,3663.65944272,381572,381192,381,323
57,3741.5225988700563,3679.72316384,381573,381193,370,354
57,3734.0427631578946,3713.184210526316,381576,381196,372,608
57,3712.9078014184397,3758.472813238771,381577,381197,362,423
57,3681.087591240876,3865.418491484185,381584,381204,375,411
57,3688.6052631578946,3832.938596491228,381585,381205,376,342
57,3758.684210526316,3869.6701754385967,381588,381208,373,570
57,3748.611888111888,3891.8583916083917,381589,381209,374,572
57,3715.330985915493,3833.955985915493,381593,381213,365,568
57,3785.390374331551,3784.812834224599,381595,381215,377,561
57,3754.7274436090224,3814.7105263157896,381596,381216,378,532
57,3735.2542787286066,3855.9364303178486,381605,381225,368,409
57,3702.689189189189,3882.4756756756756,381606,381226,382,370
57,3788.5240384615386,3808.581730769231,381608,381228,383,208
57,3774.6689655172413,3834.5344827586205,381609,381229,384,290
58,3670.252354048964,3703.9114877589454,381948,381568,379,531
58,3681.5875486381324,3686.2140077821014,381950,381570,380,514
58,3723.577142857143,3666.2,381952,381572,381,350
58,3742.3447368421052,3679.18421053,381953,381573,370,380
58,3738.6003490401395,3719.6492146596856,381956,381576,372,573
58,3696.098039215686,3741.720588235294,381959,,385,204
58,3723.9950248756218,3759.935323383085,381961,381577,362,201
58,3677.8333333333335,3862.822751322751,381964,381584,375,378
58,3684.2916666666665,3830.2916666666665,381965,381585,376,336
58,3756.5794701986756,3869.6523178807947,381968,381588,373,604
58,3747.4091710758375,3891.7601410934744,381969,381589,374,567
58,3712.7090301003345,3835.764214046823,381973,381593,365,598
58,3790.3948339483395,3784.8025830258302,381975,381595,377,542
58,3756.223484848485,3811.369318181818,381976,381596,378,528
58,3734.7244444444445,3854.291111111111,381985,381605,368,450
58,3700.9111675126906,3881.7741116751267,381986,381606,382,394
58,3794.366533864542,3812.2509960159364,381988,381608,383,251
58,3773.6205673758864,3833.3652482269504,381989,381609,384,282
59,3670.7078651685392,3704.6629213483147,382328,381948,379,534
59,3677.697628458498,3684.6422924901185,382330,381950,380,506
59,3717.086387434555,3661.9659685863876,382332,381952,381,382
59,3747.1831683168316,3673.4331683168316,382333,381953,370,404
59,3737.618657937807,3720.6153846153848,382336,381956,372,611
59,3692.3032069970845,3747.737609329446,382339,381959,385,343
59,3723.6685236768803,3758.7632311977713,382341,381961,362,359
59,3678.4773269689736,3862.546539379475,382344,381964,375,419
59,3687.3061889250816,3830.00325732899,382345,381965,376,307
59,3758.051369863014,3869.849315068493,382348,381968,373,584
59,3747.3153456998316,3891.7133220910623,382349,381969,374,593
59,3714.2362344582593,3833.632326820604,382353,381973,365,563
59,3788.156474820144,3783.3039568345325,382355,381975,377,556
59,3755.058365758755,3804.535019455253,382356,381976,378,514
59,3735.391799544419,3853.382687927107,382365,381985,368,439
59,3701.503759398496,3881.122807017544,382366,381986,382,399
59,3792.983333333333,3811.8433333333332,382368,381988,383,300
59,3770.8064516129034,3835.6193548387096,382369,381989,384,310
60,3663.6419294990724,3702.5361781076067,382708,382328,379,539
60,3682.371769383698,3685.6679920477136,382710,382330,380,503
60,3714.507972665148,3661.9362186788153,382712,382332,381,439
60,3747.1005586592178,3670.6843575418993,382713,382333,370,358
60,3740.83676703645,3718.9080824088746,382716,382336,372,631
60,3693.5538847117796,3751.1203007518798,382719,382339,385,399
60,3725.1912832929784,3760.55205811138,382721,382341,362,413
60,3676.9187817258885,3863.241116751269,382724,382344,375,394
60,3688.0093457943926,3831.6230529595014,382725,382345,376,321
60,3757.9405594405594,3868.896853146853,382728,382348,373,572
60,3747.8076285240463,3890.49087893864,382729,382349,374,603
60,3711.825771324864,3835.7350272232306,382733,382353,365,551
60,3785.1436170212764,3784.54609929078,382735,382355,377,564
60,3752.662477558348,3802.5008976660683,382736,382356,378,557
60,3736.8615702479337,3846.9070247933882,382745,382365,368,484
60,3700.5724137931034,3882.574712643678,382746,382366,382,435
60,3794.9651162790697,3811.1773255813955,382748,382368,383,344
60,3769.622807017544,3836.0555555555557,382749,382369,384,342
61,3664.7072727272725,3701.2381818181816,383088,382708,379,550
61,3688.8418079096045,3683.244821092279,383090,382710,380,531
61,3720.086956521739,3657.5815217391305,383092,382712,381,368
61,3747.0870712401056,3671.0158311345645,383093,382713,370,379
61,3741.749235474006,3715.952599388379,383096,382716,372,654
61,3694.319612590799,3754.46004842615,383099,382719,385,413
61,3729.1622911694512,3761.6825775656325,383101,382721,362,419
61,3677.923076923077,3868.007957559682,383104,382724,375,377
61,3680.6439169139467,3833.3412462908013,383105,382725,376,337
61,3758.625806451613,3867.8129032258066,383108,382728,373,620
61,3749.8694915254237,3889.371186440678,383109,382729,374,590
61,3710.4007029876975,3836.0931458699474,383113,382733,365,569
61,3782.008347245409,3786.010016694491,383115,382735,377,599
61,3747.7137745974956,3804.026833631485,383116,382736,378,559
61,3740.682474226804,3846.7896907216495,383125,382745,368,485
61,3702.9590361445785,3881.1879518072287,383126,382746,382,415
61,3792.4588528678305,3809.5486284289277,383128,382748,383,401
61,3772.8523076923075,3836.1753846153847,383129,382749,384,325
62,3663.608013937282,3699.245644599303,383468,383088,379,574
62,3689.6501831501832,3681.5201465201467,383470,383090,380,546
62,3725.321533923304,3650.1297935103244,383472,383092,381,339
62,3741.435207823961,3669.6430317848412,383473,383093,370,409
62,3740.379104477612,3711.0268656716416,383476,383096,372,670
62,3695.2379958246347,3754.2588727,383479,383099,385,479
62,3730.680525164114,3756.3522975929977,383481,383101,362,457
62,3676.632754342432,3868.895781637717,383484,383104,375,403
62,3682.7193548387095,3832.5225806451613,383485,383105,376,310
62,3758.6678700361012,3866.01083032491,383488,383108,373,554
62,3748.0605042016805,3887.2285714285713,383489,383109,374,595
62,3710.5,3835.6666666666665,383493,383113,365,522
62,3780.605954465849,3780.0105078809106,383495,383115,377,571
62,3745.9351535836176,3806.0307167235496,383496,383116,378,586
62,3737.4156626506024,3850.9979919678717,383505,383125,368,498
62,3701.916461916462,3879.4299754299755,383506,383126,382,407
62,3789.2708860759494,3808.6455696202534,383508,383128,383,395
62,3770.693939393939,3836.642424242424,383509,383129,384,330
63,3664.510054844607,3698.65447898,383848,383468,379,547
63,3688.3417266187053,3679.88309352518,383850,383470,380,556
63,3730.9721448467967,3646.7465181058496,383852,383472,381,359
63,3740.141891891892,3670.5225225225226,383853,383473,370,444
63,3736.90977443609,3709.2015037593983,383856,383476,372,665
63,3697.0943396226417,3757.0859538784066,383859,383479,385,477
63,3730.6673640167364,3749.460251046025,383861,383481,362,478
63,3676.8197115384614,3868.6802884615386,383864,383484,375,416
63,3684.3548387096776,3830.835483870968,383865,383485,376,310
63,3756.3351851851853,3868.1703703703706,383868,383488,373,540
63,3754.744094488189,3886.897637795276,383869,383489,374,508
63,3713.5349716446126,3833.1285444234404,383873,383493,365,529
63,3781.563973063973,3781.0387205387206,383875,383495,377,594
63,3744.3946037099495,3802.2276559865095,383876,383496,378,593
63,3740.1876208897484,3850.557059961315,383885,383505,368,517
63,3703.2380952380954,3870.7683982683984,383886,383506,382,462
63,3787.2688442211056,3808.7236180904524,383888,383508,383,398
63,3773.6925373134327,3833.976119402985,383889,383509,384,335
64,3662.6593959731545,3695.6308724832215,384228,383848,379,596
64,3691.791150442478,3677.1982300884956,384230,383850,380,565
64,3732.221945137157,3644.6209476309227,384232,383852,381,401
64,3748.027932960894,3668.1899441340784,384233,383853,370,358
64,3736.8970149253732,3707.373134328358,384236,383856,372,670
64,3699.513292433538,3758.1370143149284,384239,383859,385,489
64,3727.132437619962,3746.1074856046066,384241,383861,362,521
64,3680.88918206,3873.9129287598944,384244,383864,375,379
64,3683.2835365853657,3830.2134146341464,384245,383865,376,328
64,3755.2089844,3868.5253906,384248,383868,373,512
64,3759.148535564854,3883.671548117155,384249,383869,374,478
64,3711.4849785407723,3835.5236051502147,384253,383873,365,233
64,3782.890410958904,3776.7636985999998,384255,383875,377,584
64,3742.697278911565,3801.7482993197277,384256,383876,378,588
64,3740.078028747433,3851.9034907597534,384265,383885,368,487
64,3706.58085106383,3860.304255319149,384266,383886,382,470
64,3785.640506329114,3805.5012658227847,384268,383888,383,395
64,3778.768996960486,3830.5440729483284,384269,383889,384,329
65,3662.4566666666665,3695.2283333333335,384616,384228,379,600
65,3691.8913412563666,3675.6706281833617,384618,384230,380,589
65,3719.1583578,3668.7184750733136,384620,,386,341
65,3743.322033898305,3661.271186440678,384621,384233,370,413
65,3737.295588235294,3709.25,384624,384236,372,680
65,3700.365269461078,3760.129740518962,384627,384239,385,501
65,3722.08818011257,3744.8499061913694,384629,384241,362,533
65,3680.5454545454545,3875.6519480519482,384632,384244,375,385
65,3683.4397590361446,3827.3373493975905,384633,384245,376,332
65,3755.463687150838,3868.3296089385476,384636,384248,373,537
65,3759.3841201716737,3884.1416309012875,384637,384249,374,466
65,3781.3931034482757,3776.3931034482757,384643,384255,377,580
65,3738.979661016949,3796.9610169491525,384644,384256,378,590
65,3698.9441340782123,3840.4189944134077,384646,384253,365,179
65,3713.1428571428573,3808.746543778802,384647,,387,217
65,3736.891489361702,3851.691489361702,384653,384265,368,470
65,3705.490909090909,3860.343434343434,384654,384266,382,495
65,3782.8770053475937,3803.938502673797,384656,384268,383,374
65,3776.1978319783198,3828.6720867208674,384657,384269,384,369
66,3662.643533123028,3693.865930599369,385004,384616,379,634
66,3687.273519163763,3678.677700348432,385006,384618,380,574
66,3718.506234413965,3671.3316708229427,385008,384620,386,401
66,3745.110552763819,3659.241206030151,385009,384621,370,398
66,3739.0374812593705,3711.2188905547227,385012,384624,372,667
66,3703.648,3762.996,385015,384627,385,500
66,3719.214920071048,3742.2042628774425,385017,384629,362,563
66,3681.473404255319,3876.497340425532,385020,384632,375,376
66,3682.969696969697,3826.808080808081,385021,384633,376,297
66,3757.3564547206165,3866.5799614643547,385024,384636,373,519
66,3760.162447257384,3882.805907172996,385025,384637,374,474
66,3783.242144177449,3774.641404805915,385031,384643,377,541
66,3739.1631944444443,3796.3975694444443,385032,384644,378,576
66,3700.5120967741937,3838.9314516129034,385034,384646,365,248
66,3712.910714285714,3812.425,385035,384647,387,280
66,3736.177777777778,3852.2747474747475,385041,384653,368,495
66,3704.951063829787,3865.0702127659574,385042,384654,382,470
66,3783.7433862433863,3802.746031746032,385044,384656,383,378
66,3775.5153846153844,3827.14358974359,385045,384657,384,390
67,3662.0183946488296,3694.3879598662206,385392,385004,379,598
67,3686.764705882353,3677.183391,385394,385006,380,578
67,3719.6518987341774,3673.559071729958,385396,385008,386,474
67,3746.905027932961,3665.6620111731845,385397,385009,370,358
67,3741.434074074074,3714.8133333333335,385400,385012,372,675
67,3703.2368932038835,3760.411650485437,385403,385015,385,515
67,3718.163732394366,3739.492957746479,385405,385017,362,568
67,3683.5689223057643,3880.1754385964914,385408,385020,375,399
67,3684.7443365695794,3825.6278317152105,385409,385021,376,309
67,3758.2164750957854,3865.5613026819924,385412,385024,373,522
67,3760.450431034483,3882.239224137931,385413,385025,374,464
67,3782.9592592592594,3774.687037037037,385419,385031,377,540
67,3738.526405451448,3797.9420783645655,385420,385032,378,587
67,3698.27607362,3844.3435582822085,385422,385034,365,326
67,3712.091503267974,3811.950980392157,385423,385035,387,306
67,3738.2262626262627,3851.741414141414,385429,385041,368,495
67,3706.987068965517,3868.310344827586,385430,385042,382,464
67,3784.8697916666665,3801.6510416666665,385432,385044,383,384
67,3771.8863049095607,3824.2894056847545,385433,385045,384,387
68,3661.5433070866143,3694.0992126,385779,385392,379,635
68,3686.5160202360876,3676.878583473862,385781,385394,380,593
68,3716.257692307692,3676.0538461538463,385783,385396,386,520
68,3741.1297709923665,3664.7379134860053,385784,385397,370,393
68,3740.355072463768,3715.3463768115944,385787,385400,372,690
68,3704.0801526717555,3761.8549618320612,385790,385403,385,524
68,3719.332669322709,3743.639442231076,385792,385405,362,502
68,3685.0579345088163,3880.559194,385795,385408,375,397
68,3686.69732938,3823.632047477745,385796,385409,376,337
68,3756.5546075085326,3865,385799,385412,373,586
68,3765.177966101695,3882.654237288136,385800,385413,374,590
68,3781.897435897436,3774.736263736264,385806,385419,377,546
68,3739.762152777778,3801.2204861111113,385807,385420,378,576
68,3693.111420612813,3843.8050139275765,385809,385422,365,359
68,3713.648414985591,3810.207492795389,385810,385423,387,347
68,3738.5686274509803,3849.448179271709,385816,385429,368,357
68,3708.7842741935483,3865.6068548387098,385817,385430,382,496
68,3797.4927113702624,3799.7259475218657,385819,385432,383,343
68,3771.233890214797,3822.2362768,385820,385433,384,419
69,3663.1900958466454,3693.776357827476,386166,385779,379,626
69,3688.40734557596,3675.746243739566,386168,385781,380,599
69,3714.185606060606,3677.0492424242425,386170,385783,386,528
69,3741.35593220339,3665.576271186441,386171,385784,370,413
69,3740.6822157434403,3716.349854227405,386174,385787,372,686
69,3690.01956522,3760.404347826087,386177,385790,385,460
69,3717.0912621359225,3743.6815533980584,386179,385792,362,515
69,3686.0075949367088,3880.721518987342,386182,385795,375,395
69,3684.327974276527,3825.418006430868,386183,385796,376,311
69,3755.8802488335923,3864.9595645412132,386186,385799,373,643
69,3768.629116117851,3881.0675909878682,386187,385800,374,577
69,3782.332703213611,3774.6767485822306,386193,385806,377,529
69,3739.51993067591,3797.951473136915,386194,385807,378,577
69,3692.68404908,3844.0184049079753,386196,385809,365,326
69,3712.0581039755352,3810.581039755352,386197,385810,387,327
69,3739.634328358209,3844.497512437811,386203,385816,368,402
69,3711.5127701375245,3865.4440078585462,386204,385817,382,509
69,3794.7918918918917,3797.7648648648646,386206,385819,383,370
69,3774.177033492823,3826.2942583732056,386207,385820,384,418
70,3662.322006472492,3694.2686084142397,386553,386166,379,618
70,3687.703642384106,3677.0496688741723,386555,386168,380,604
70,3711.5106382978724,3680.941489361702,386557,386170,386,564
70,3738.964509394572,3665.3528183716076,386558,386171,370,479
70,3739.9667149059333,3716.0318379160635,386561,386174,372,691
70,3681.007561436673,3769.132325141777,386564,386177,385,529
70,3716.277673545966,3744.5572232645404,386566,386179,362,533
70,3684.492307692308,3882.279487179487,386569,386182,375,390
70,3684.51410658,3824.6739811912225,386570,386183,376,319
70,3756.2319277108436,3865.359939759036,386573,386186,373,664
70,3769.49063032368,3881.7785349,386574,386187,374,587
70,3783.6486486486488,3775.69009009009,386580,386193,377,555
70,3735.652727272727,3800.9327272727273,386581,386194,378,550
70,3691.33426183844,3844.8523676880222,386583,386196,365,359
70,3709.1584415584416,3804.187013,386584,386197,387,385
70,3740.2568578553614,3839.216957605985,386590,386203,368,401
70,3711.7226563,3869.0449219,386591,386204,382,512
70,3795.4489311163898,3796.874109263658,386593,386206,383,421
70,3773.8450363196125,3824.3075060532688,386594,386207,384,413
71,3663.0870279146143,3693.246305418719,386940,386553,379,609
71,3688.5736040609136,3672.245346869712,386942,386555,380,591
71,3709.623076923077,3679.201923076923,386944,386557,386,520
71,3736.1694214876034,3664.4235537190084,386945,386558,370,484
71,3738.8975817923188,3716.1507823613088,386948,386561,372,703
71,3673.9576427255984,3770.6906077348067,386951,386564,385,543
71,3710.658490566038,3744.8867924528304,386953,386566,362,530
71,3684.7506112469437,3883.210268948655,386956,386569,375,409
71,3685.2283950617284,3825.6481481481483,386957,386570,376,324
71,3755.9522431259047,3864.0014471780028,386960,386573,373,691
71,3769.7272727272725,3881.0470779220777,386961,386574,374,616
71,3781.49203539823,3774.762831858407,386967,386580,377,565
71,3735.1288566243193,3798.7731397459165,386968,386581,378,551
71,3691.068376068376,3843.162393162393,386970,386583,365,351
71,3710.5720430107526,3799.5225806451613,386971,386584,387,465
71,3741.8655256723714,3830.5599022,386977,386590,368,409
71,3712.530612244898,3867.6586270871985,386978,386591,382,539
71,3794.956632653061,3793.872448979592,386980,386593,383,392
71,3776.3370535714284,3823.6004464285716,386981,386594,384,448
72,3666.450406504065,3694.6585365853657,387327,386940,379,615
72,3691.6459731543623,3671.5637583892617,387329,386942,380,596
72,3710.3576158940396,3681.679911699779,387331,386944,386,453
72,3738.0633946830267,3664.55623722,387332,386945,370,489
72,3739.3025936599424,3715.0172910662823,387335,386948,372,694
72,3670.7836363636366,3777.590909090909,387338,386951,385,550
72,3708.6486988847582,3742.1375464684015,387340,386953,362,538
72,3686.007462686567,3884.223880597015,387343,386956,375,402
72,3687.882716049383,3823.645061728395,387344,386957,376,324
72,3757.2906626506024,3864.98343373494,387347,386960,373,664
72,3772.7911908646,3881.0766721044047,387348,386961,374,613
72,3781.540834845735,3773.869328493648,387354,386967,377,551
72,3735.845117845118,3795.0185185185187,387355,386968,378,594
72,3691.1129943502824,3842.9209039548023,387357,386970,365,354
72,3709.3931623931626,3798.440170940171,387358,386971,387,468
72,3743.711409395973,3828.460850111857,387364,386977,368,447
72,3713.4466911764707,3867.8069852941176,387365,386978,382,544
72,3792.243718592965,3796,387367,386980,383,398
72,3774.74251497006,3825.925149700599,387368,386981,384,334
73,3664.9414556962024,3694.41139241,387714,387327,379,632
73,3690.196808510638,3671.3120567375886,387716,387329,380,564
73,3705.7440347071583,3686.232104121475,387718,387331,386,461
73,3732.361216730038,3665.0114068441067,387719,387332,370,526
73,3736.296402877698,3712.5726618705035,387722,387335,372,695
73,3667.573529411765,3777.7738970588234,387725,387338,385,544
73,3707.4442567567567,3738.9510135135133,387727,387340,362,592
73,3683.2118226600987,3883.3965517241377,387730,387343,375,406
73,3685.2052117263843,3824.2638436482084,387731,387344,376,307
73,3755.5414110429447,3864.0659509202455,387734,387347,373,652
73,3770.7924528301887,3880.0990566037735,387735,387348,374,636
73,3780.245704467354,3774.6219931271476,387741,387354,377,582
73,3733.4655737704916,3792.749180327869,387742,387355,378,610
73,3691.3055555555557,3841.847222222222,387744,387357,365,360
73,3704.737634408602,3798.4021505376345,387745,387358,387,465
73,3743.089156626506,3828.077108433735,387751,387364,368,415
73,3710.965714285714,3869.024761904762,387752,387365,382,525
73,3787.643203883495,3797.5412621359224,387754,387367,383,412
73,3772.1453634085215,3829.6065162907266,387755,387368,384,399
74,3667.367249602544,3693.4658187599366,388101,387714,379,629
74,3692.9774696707104,3667.3951473136917,388103,387716,380,577
74,3704.5235849056603,3687.367924528302,388105,387718,386,424
74,3734.3033268101763,3666.80821918,388106,387719,370,511
74,3737.1819484240687,3713.3782235,388109,387722,372,698
74,3664.030088495575,3778.145132743363,388112,387725,385,565
74,3707.0646853146854,3736.7325174825173,388114,387727,362,572
74,3683.0286396181386,3882.107398568019,388117,387730,375,419
74,3684.793442622951,3825.616393442623,388118,387731,376,305
74,3757.6079881656806,3862.4304733727813,388121,387734,373,676
74,3771.9769585253457,3880.8294930875577,388122,387735,374,651
74,3784.473043478261,3774.573913043478,388128,387741,377,575
74,3734.8918032786887,3787.4540983606557,388129,387742,378,610
74,3694.5054644808743,3841.117486338798,388131,387744,365,366
74,3706.3765432098767,3800.008230452675,388132,387745,387,486
74,3742.6353211009173,3827.302752293578,388138,387751,368,436
74,3713.433145009416,3869.276836158192,388139,387752,382,531
74,3785.0671641791046,3797.542288557214,388141,387754,383,402
74,3773.977375565611,3827.5791854999998,388142,387755,384,442
75,3668.2132231404958,3691.9537190082647,388488,388101,379,605
75,3693.64039408867,3666.538587848933,388490,388103,380,609
75,3705.3645320197043,3687.305418719212,388492,388105,386,406
75,3734.7543520309478,3665.145067698259,388493,388106,370,517
75,3737.7637906647806,3713.6166902404525,388496,388109,372,707
75,3662.30139373,3778.3118466898954,388499,388112,385,574
75,3705.2732142857144,3735.3928571428573,388501,388114,362,560
75,3683.2995169082124,3881.9830917874397,388504,388117,375,414
75,3686.7841945288756,3823.90273556231,388505,388118,376,329
75,3756.6077170418007,3863.5498392282957,388508,388121,373,622
75,3772.481818181818,3880.198484848485,388509,388122,374,660
75,3784.8434782608697,3773.0643478260868,388515,388128,377,575
75,3732.8063973063972,3784.5690235690236,388516,388129,378,594
75,3696.01222494,3841.7848410757947,388518,388131,365,409
75,3703.609375,3797.515625,388519,388132,387,512
75,3741.075055187638,3827.7417218543046,388525,388138,368,453
75,3713.1138059701493,3867.9850746268658,388526,388139,382,536
75,3781.59,3795.3425,388528,388141,383,400
75,3771.150357995227,3826.9379474940333,388529,388142,384,419
76,3668.65353038,3694.81280788,388875,388488,379,609
76,3694.3509316770187,3666.1506211180126,388877,388490,380,644
76,3707.870159453303,3690.7949886104784,388879,388492,386,439
76,3733.4812734082398,3665.5486891385767,388880,388493,370,534
76,3738.206847360913,3718.4479315263907,388883,388496,372,701
76,3662.125912408759,3784.7974452554745,388886,388499,385,548
76,3695.9174484052533,3734.493433395872,388888,388501,362,533
76,3682.3984575835475,3883.401028277635,388891,388504,375,389
76,3684.567741935484,3822.032258064516,388892,388505,376,310
76,3755.3978494623657,3866.400921658986,388895,388508,373,651
76,3771.946564885496,3881.960305343511,388896,388509,374,655
76,3783.580034423408,3774.5215146299483,388902,388515,377,581
76,3731.6868852459015,3786.198360655738,388903,388516,378,610
76,3695.9491916859124,3842.1362586605082,388905,388518,365,433
76,3700.9092627599243,3794.361058601134,388906,388519,387,529
76,3742.1405529953918,3828.336405529954,388912,388525,368,434
76,3712.5465949820787,3868.405017921147,388913,388526,382,558
76,3778.289855072464,3796.1207729468597,388915,388528,383,414
76,3770.4174311926604,3829.4954128440368,388916,388529,384,436
77,3669.2379562043798,3694.80145985,389262,388875,379,685
77,3695.0850722311397,3665.21990369,389264,388877,380,623
77,3708.0112107623318,3690.540358744395,389266,388879,386,446
77,3732.672967863894,3665.196597353497,389267,388880,370,529
77,3738.056439942113,3718.27496382055,389270,388883,372,691
77,3657.407272727273,3790.4763636363637,389273,388886,385,550
77,3689.3841807909603,3729.3596986817324,389275,388888,362,531
77,3681.712895377129,3882.323601,389278,388891,375,411
77,3684.440129449838,3823.537216828479,389279,388892,376,309
77,3756.4177852348994,3866.3640939597317,389282,388895,373,596
77,3772.080370942813,3881.4389489953633,389283,388896,374,647
77,3783.523396880416,3773.719237435009,389289,388902,377,577
77,3730.470588235294,3782.084775086505,389290,388903,378,578
77,3697.01735358,3841.8134490238613,389292,388905,365,461
77,3701.542342342342,3794.5891891891893,389293,388906,387,555
77,3741.5228758169933,3831.9934640522874,389299,388912,368,459
77,3711.9139194139193,3870.0018315018315,389300,388913,382,546
77,3778.125641025641,3793.976923076923,389302,388915,383,390
77,3770.453488372093,3827.155813953488,389303,388916,384,430
78,3670.023923444976,3694.5566188197768,389642,389262,379,627
78,3695.9921135646687,3664.758675078864,389644,389264,380,634
78,3709.7165532879817,3691.4557823129253,389646,389266,386,441
78,3733.534749034749,3663.5830115830117,389647,389267,370,518
78,3738.885057471264,3718.2916666666665,389650,389270,372,696
78,3653.7845601436265,3794.67684021544,389653,389273,385,557
78,3682.13909774,3728.5375939849623,389655,389275,362,532
78,3682.3047619,3882.192857142857,389658,389278,375,420
78,3683.9303797468356,3823.8259493670885,389659,389279,376,316
78,3762.2681660899652,3862.470588235294,389662,389282,373,578
78,3772.422188,3882.1294298921416,389663,389283,374,649
78,3784.2118055555557,3772.8298611111113,389669,389289,377,576
78,3729.108581436077,3780.9334500875657,389670,389290,378,571
78,3698.3525498891354,3841.0731707317073,389672,389292,365,451
78,3700.1022304832713,3794.3587360594797,389673,389293,387,538
78,3741.1912832929784,3833.583535108959,389679,389299,368,413
78,3712.7675675675678,3871.1153153153155,389680,389300,382,555
78,3777.7809278350514,3791.814432989691,389682,389302,383,388
78,3769.9296375266526,3826.8017057569296,389683,389303,384,469
79,3669.621745788668,3695.346094946401,390014,389642,379,653
79,3693.96875,3659.540625,390016,389644,380,640
79,3707.022123893805,3690.82079646,390018,389646,386,452
79,3732.4686274509804,3662.6313725490195,390019,389647,370,510
79,3739.1350954478708,3715.224669603524,390022,389650,372,681
79,3650.8879159369526,3797.4255691768826,390025,389653,385,571
79,3673.826003824092,3724.300191204589,390027,389655,362,523
79,3680.5724465558196,3880.524940617577,390030,389658,375,421
79,3683.3343848580444,3820.6624605678235,390031,389659,376,317
79,3764.5221843003415,3859.9778156996585,390034,389662,373,586
79,3770.7858243451465,3882.431432973806,390035,389663,374,649
79,3782.3231810490693,3772.849407783418,390041,389669,377,591
79,3726.9549248747912,3779.2954924874794,390042,389670,378,599
79,3697.271948608137,3841.0128479657387,390044,389672,365,467
79,3696.9454191033137,3793.358674463938,390045,389673,387,513
79,3739.695464362851,3830.7408207343415,390051,389679,368,463
79,3712.162062615101,3872.7053406998157,390052,389680,382,543
79,3774.695852534562,3793.7073732718895,390054,389682,383,434
79,3770.2651821862346,3828.821862348178,390055,389683,384,494
80,3669.82802548,3694.91242038,390386,390014,379,628
80,3693.8684627575276,3660.321711568938,390388,390016,380,631
80,3706.8747252747253,3690.7736263736265,390390,390018,386,455
80,3732.054307116105,3661.7247191,390391,390019,370,534
80,3738.725321888412,3715.505007153076,390394,390022,372,699
80,3647.386243386243,3803.3086419753085,390397,390025,385,567
80,3667.86862745,3721.225490196078,390399,390027,362,510
80,3679.6634615384614,3879.8485576923076,390402,390030,375,416
80,3682.7837837837837,3824.2972972972975,390403,390031,376,296
80,3767.1599353796446,3858.7867528271404,390406,390034,373,619
80,3770.03317535545,3883.6018957345973,390407,390035,374,633
80,3782.7964601769913,3773.5557522123895,390413,390041,377,565
80,3726.176895306859,3776.202166064982,390414,390042,378,554
80,3697.3333333333335,3840.4831223628694,390416,390044,365,474
80,3697.2289803220037,3791.8783542039355,390417,390045,387,559
80,3739.692468619247,3829.4853556485355,390423,390051,368,478
80,3711.9477477477476,3874.810810810811,390424,390052,382,555
80,3774.2488479262674,3792.9308755760367,390426,390054,383,434
80,3769.3777777777777,3828.731313131313,390427,390055,384,495
81,3670.2028301886794,3695.2264150943397,390758,390386,379,636
81,3694.30279503,3659.6257763975154,390760,390388,380,644
81,3706.6393805309735,3690.8384955752213,390762,390390,386,452
81,3733.3382899628255,3662.806691449814,390763,390391,370,538
81,3738.8367052023123,3717.166184971098,390766,390394,372,692
81,3645.505154639175,3806.676975945017,390769,390397,385,582
81,3661.6943907156674,3718.831721470019,390771,390399,362,517
81,3680.1258278145697,3882.189845474614,390774,390402,375,453
81,3682.0298013245033,3822.5231788079473,390775,390403,376,302
81,3769.727115716753,3858.585492227979,390778,390406,373,579
81,3770.0388802488337,3885.138413685848,390779,390407,374,643
81,3782.6230636833047,3773.8502581755592,390785,390413,377,581
81,3726.694885361552,3774.763668430335,390786,390414,378,567
81,3697.5173116089613,3840.953156822811,390788,390416,365,491
81,3697.5464098073553,3790.1751313485115,390789,390417,387,571
81,3739.580041580042,3827.4033264033264,390795,390423,368,481
81,3712.980108499096,3875.1211573,390796,390424,382,553
81,3774.9572072072074,3793.6644144144143,390798,390426,383,444
81,3771.771855010661,3829.8294243070363,390799,390427,384,469
82,3670.2805071315374,3696.797147385103,391130,390758,379,631
82,3693.2609375,3660.215625,391132,390760,380,640
82,3707.6933045356373,3690.974082073434,391134,390762,386,463
82,3731.876865671642,3663.5783582089553,391135,390763,370,536
82,3738.7815384615383,3716.9353846153845,391138,390766,372,650
82,3638.520458265139,3810.991816693944,391141,390769,385,611
82,3650.637867647059,3714.979779411765,391143,390771,362,544
82,3680.8268792710705,3883.73576309795,391146,390774,375,439
82,3681.1638225255974,3822.9044368600685,391147,390775,376,293
82,3770.9795918367345,3857.3061224489797,391150,390778,373,588
82,3770.1615384615384,3885.9261538461537,391151,390779,374,650
82,3782.604377104377,3773.459595959596,391157,390785,377,594
82,3722.1581818181817,3772.8927272727274,391158,390786,378,550
82,3696.4494845360823,3841.8762886597938,391160,390788,365,485
82,3695.597197898424,3788.07530647986,391161,390789,387,571
82,3739.472647702407,3828.8446389496717,391167,390795,368,457
82,3713.642599277978,3874.7111913357403,391168,390796,382,554
82,3775.112582781457,3793.673289183223,391170,390798,383,453
82,3769.5818540433925,3829.786982248521,391171,390799,384,507
83,3670.6127450980393,3695.3071895424837,391502,391130,379,612
83,3694.9397217928904,3660.003091190108,391504,391132,380,647
83,3709.4138655462184,3711.6134453781515,391506,,388,476
83,3732.256880733945,3664.5981651376146,391507,391135,370,545
83,3738.491354466859,3712.577809798271,391510,391138,372,694
83,3632.8295819935693,3815.5916398713825,391513,391141,385,622
83,3650.621818181818,3713.8927272727274,391515,391143,362,550
83,3682.995652173913,3883.6,391518,391146,375,460
83,3679.416938110749,3819.560260586319,391519,391147,376,307
83,3774.136439267887,3854.2429284525792,391522,391150,373,601
83,3771.2094488188977,3884.568503937008,391523,391151,374,635
83,3783.333904109589,3770,391529,391157,377,584
83,3724.1125198098257,3769.1521394611727,391530,391158,378,631
83,3694.7726358148893,3841.9517102615696,391532,391160,365,497
83,3695.848229342327,3786.0033726812817,391533,391161,387,593
83,3739.6972281449894,3829.993603411514,391539,391167,368,469
83,3714.253164556962,3874.227848101266,391540,391168,382,553
83,3777.76993166287,3789.751708428246,391542,391170,383,439
83,3768.9375,3828.171875,391543,391171,384,512
84,3670.4802631578946,3695.8338815789475,391874,391502,379,608
84,3692.4774494556764,3661.105754276827,391876,391504,380,643
84,3696.1776315789475,3735.527960526316,391878,,389,608
84,3730.7582417582416,3665.9871794871797,391879,391507,370,546
84,3739.640404040404,3717.0242424242424,391882,391510,372,495
84,3628.189792663477,3819.2535885167463,391885,391513,385,627
84,3652.4217081850534,3715.5462633451957,391887,391515,362,562
84,3681.878587196468,3887.3245033112585,391890,391518,375,453
84,3677.691029900332,3819.448504983389,391891,391519,376,301
84,3773.908474576271,3853.3677966101695,391894,391522,373,590
84,3769.681402439024,3885.2759146341464,391895,391523,374,656
84,3777.527731092437,3769.494117647059,391901,391529,377,595
84,3722.283531409168,3770.2597623089982,391902,391530,378,589
84,3692.0482897384304,3842.0221327967806,391904,391532,365,497
84,3693.796875,3785.9756944444443,391905,391533,387,576
84,3737.9633620689656,3830.262931034483,391911,391539,368,464
84,3713.410934744268,3875.084656084656,391912,391540,382,567
84,3777.2358079,3790.5676855895194,391914,391542,383,458
84,3766.2713755,3829.0185873605947,391915,391543,384,538
85,3672.4442595673877,3695.8535773710482,392246,391874,379,601
85,3693.8107692307694,3659.964615384615,392248,391876,380,650
85,3685.4926470588234,3755.1,392250,,390,680
85,3729.906810035842,3668.921146953405,392251,391879,370,558
85,3625.8051118210865,3822.052715654952,392257,391885,385,626
85,3658.9297012302286,3718.6133567662564,392259,391887,362,569
85,3681.90987124,3886.5150214592277,392262,391890,375,466
85,3676.918367346939,3819.5850340136053,392263,391891,376,294
85,3775.104918032787,3852.1409836065573,392266,391894,373,610
85,3769.7480680061826,3885.6352395672334,392267,391895,374,647
85,3775.63468013468,3768.621212121212,392273,391901,377,594
85,3719.6048780487804,3766.8959349593497,392274,391902,378,615
85,3691.972,3841.99,392276,391904,365,500
85,3690.1543739279587,3785.7993138936536,392277,391905,387,583
85,3736.6059999999998,3830.79,392283,391911,368,500
85,3712.6949458483755,3873.9115523465703,392284,391912,382,554
85,3779.7204081632653,3791.069387755102,392286,391914,383,490
85,3766.7926605504585,3829.5504587155965,392287,391915,384,545
85,3749.468926553672,3715.813559322034,392289,391882,372,177
85,3715.473988439306,3719.208092485549,392290,,391,173
86,3672.9839743589746,3696.2820512820513,392618,392246,379,624
86,3694.5613496932515,3660.4923312883434,392620,392248,380,652
86,3692.0268096514747,3762.563002680965,392622,392250,390,746
86,3731.0213903743315,3668.4188948306596,392623,392251,370,561
86,3625.1632,3823.4608,392629,392257,385,625
86,3656.723076923077,3718.131623931624,392631,392259,362,585
86,3683.680525164114,3887.0306345733043,392634,392262,375,457
86,3678.31325301,3818.9939759036142,392635,392263,376,332
86,3774.4612903225807,3853.1725806451614,392638,392266,373,620
86,3770.2003081664097,3885.4391371340525,392639,392267,374,649
86,3775.54,3768.84,392645,392273,377,600
86,3718.240983606557,3765.6393442622953,392646,392274,378,610
86,3692.551515151515,3843.088888888889,392648,392276,365,495
86,3690.492673992674,3788.1227106227107,392649,392277,387,546
86,3737.5461847389556,3831.6305220883532,392655,392283,368,498
86,3713.4534050179213,3874.4121863799282,392656,392284,382,558
86,3782.212981744422,3790.9898580121703,392658,392286,383,493
86,3767.7115384615386,3828.9108391608393,392659,392287,384,572
86,3747.2929688,3716.0078125,392661,392289,372,256
86,3714.1423611111113,3706.2430555555557,392662,392290,391,288
87,3673.0565428109853,3696.361873990307,393007,392618,379,619
87,3693.983231707317,3661.3506097560976,393009,392620,380,656
87,3701.474554707379,3761.4503816793895,393011,392622,390,786
87,3731.4723707664884,3668.0499108734402,393012,392623,370,561
87,3623.4789391575664,3824.6146645865833,393018,392629,385,641
87,3653.4558058925477,3714.485268630849,393020,392631,362,577
87,3684.3096234309623,3886.9623430962342,393023,392634,375,478
87,3676.598006644518,3820.6943521594685,393024,392635,376,301
87,3774.7895595,3853.1957585644373,393027,392638,373,613
87,3769.906584992343,3885.4640122511487,393028,392639,374,653
87,3775.3939899833053,3768.3756260434056,393034,392645,377,599
87,3721.2912087912086,3765.7747252747254,393035,392646,378,364
87,3692.542406311637,3843.5128205128203,393037,392648,365,507
87,3690.7274401473296,3787.403314917127,393038,392649,387,543
87,3736.6626506024095,3831.8594378,393044,392655,368,498
87,3714.053448275862,3874.4327586206896,393045,392656,382,580
87,3783.41928721174,3790.6121593291405,393047,392658,383,477
87,3766.220665499124,3828.9894921190894,393048,392659,384,571
87,3746.2673611111113,3714.3611111111113,393050,392661,372,288
87,3713.248520710059,3709.0325443786983,393051,392662,391,338
88,3668.0996677740864,3695.822259136213,393396,393007,379,602
88,3693.440909090909,3661.025757575758,393398,393009,380,660
88,3702.981581798483,3765.8223185265438,393400,393011,390,923
88,3731.487544483986,3668.693950177936,393401,393012,370,562
88,3621.937984496124,3826.460465116279,393407,393018,385,645
88,3646.7428087986464,3711.959390862944,393409,393020,362,591
88,3682.643298969072,3886.719587628866,393412,393023,375,485
88,3676.09009009009,3818.3993993993995,393413,393024,376,333
88,3776.048818897638,3851.503937007874,393416,393027,373,635
88,3769.264150943396,3885.7484277,393417,393028,374,636
88,3774.0065573770494,3768.173770491803,393423,393034,377,610
88,3719.64465408805,3765.462264150943,393424,393035,378,318
88,3691.261044176707,3845.8694779116468,393426,393037,365,498
88,3687.6766055045873,3787.105504587156,393427,393038,387,436
88,3736.017094017094,3831.6175213675215,393433,393044,368,468
88,3712.978761061947,3872.8053097345132,393434,393045,382,565
88,3782.274841437632,3792.7653276955602,393436,393047,383,473
88,3765.6254237288135,3829.501694915254,393437,393048,384,590
88,3746.8463768115944,3717.255072463768,393439,393050,372,345
88,3709.558536585366,3707.4853658536585,393440,393051,391,410
89,3668.6035398230088,3696.98584071,393785,393396,379,565
89,3694.1833590138676,3660.929121725732,393787,393398,380,649
89,3706.8431876606683,3762.2352185089976,393789,393400,392,778
89,3733.5793103448277,3666.094827586207,393790,393401,370,580
89,3619.7963525835867,3828.855623100304,393796,393407,385,658
89,3641.301854974705,3708.971332209106,393798,393409,362,593
89,3684.1991341991343,3886.625541125541,393801,393412,375,462
89,3677.551401869159,3820.8909657320874,393802,393413,376,321
89,3778.471138845554,3849.5741029641185,393805,393416,373,641
89,3769.804651162791,3884.694573643411,393806,393417,374,645
89,3775.3204508856684,3767.9291465378424,393812,393423,377,621
89,3711.4857142857145,3747.766666666667,393813,393400,393,210
89,3691.996031746032,3846.436507936508,393815,393426,365,504
89,3689.47792706334,3784.562380038388,393816,393427,387,521
89,3736.963906581741,3827.9957537154987,393822,393433,368,471
89,3715.5742397137747,3872.2397137745975,393823,393434,382,559
89,3784.159329140461,3791.937106918239,393825,393436,383,477
89,3764.4403973509934,3829.948675496689,393826,393437,384,604
89,3748.190243902439,3717.9756097560976,393828,393439,372,410
89,3708.395734597156,3709.071090047393,393829,393440,391,422
90,3667.5406301824214,3698.5605306799334,394174,393785,379,603
90,3695.46072508,3662.0181268882175,394176,393787,380,662
90,3688.976613657624,3744.7698783910196,394178,,394,1069
90,3735.678507992895,3661.5861456483126,394179,393790,370,563
90,3615.625187406297,3831.9715142428786,394185,393796,385,667
90,3634.7775974,3704.5876623376626,394187,393798,362,616
90,3684.80462185,3888.6911764705883,394190,393801,375,476
90,3675.0523255813955,3817.3837209302324,394191,393802,376,344
90,3779.142424242424,3848.6227272727274,394194,393805,373,660
90,3769.1483771251933,3885.3817619783617,394195,393806,374,647
90,3778.2596153846152,3768.709935897436,394201,393812,377,624
90,3711.5412667946257,3758.3953934740885,394202,393789,392,521
90,3691.0297619,3847.7103174603176,394204,393815,365,504
90,3687.55041322,3784.3702479338845,394205,393816,387,605
90,3735.7897959183674,3829.7673469387755,394211,393822,368,490
90,3714.702166064982,3873.4711191,394212,393823,382,554
90,3782.8141962421714,3792.830897703549,394214,393825,383,479
90,3762.464401294498,3831.2653721682846,394215,393826,384,618
90,3750.554565701559,3722.15144766147,394217,393828,372,449
90,3710.293388429752,3711.8471074380163,394218,393829,391,484
91,3666.9095477386936,3697.614740368509,394563,394174,379,597
91,3696.8995433789955,3660.03500761035,394565,394176,380,657
91,3694.186936936937,3756.115990990991,394567,394178,394,888
91,3736.2733686067018,3659.8818342151676,394568,394179,370,567
91,3614.560902255639,3834.0255639097745,394575,394185,385,665
91,3631.717741935484,3701.8322580645163,394576,394187,362,620
91,3688.619469026549,3890.8539823,394579,394190,375,452
91,3675.128205128205,3818.8429487179487,394580,394191,376,312
91,3780.1203703703704,3846.567901234568,394583,394194,373,648
91,3769.2136075949365,3885.85917721519,394584,394195,374,632
91,3779.671009771987,3769.1058631921824,394590,394201,377,614
91,3713.792828685259,3757.0916334661356,394591,394202,392,251
91,3690.812133072407,3848.205479452055,394593,394204,365,511
91,3684.0192644483363,3783.4553415061296,394594,394205,387,571
91,3734.504132231405,3827.2995867768595,394600,394211,368,484
91,3715.698729582577,3871.9745916515426,394601,394212,382,551
91,3783.1785714285716,3793.2043650793653,394603,394214,383,504
91,3763.1033333333335,3831.11,394604,394215,384,600
91,3751.157667386609,3720.6738660907126,394606,394217,372,463
91,3710.4103092783507,3713.8391752577318,394607,394218,391,485
0,4108.964343598055,4108.100486223663,400076,,401,617
0,4128.981651376147,4135.229357798165,400086,,402,545
0,4092.9450980392157,4253.617647058823,400094,,403,510
0,4128.374233128834,4258.7586912,400098,,404,489
0,4143.194690265486,4217.236725663717,400102,,405,452
0,4154.185542168675,4239.204819277108,400112,,406,415
1,4108.748792270531,4108.376811594203,400442,400076,401,621
1,4128.56679389313,4135.708015267175,400452,400086,402,524
1,4093.8650190114067,4252.941064638783,400460,400094,403,526
1,4128.990253411306,4259.376218323587,400464,400098,404,513
1,4143.617475728155,4219.9320388349515,400468,400102,405,515
1,4158.113744075829,4239.417061611374,400478,400112,406,422
2,4108.415662650603,4111.013554216867,400808,400442,401,664
2,4128.157009345794,4137.902803738318,400818,400452,402,535
2,4092.865275142315,4253.208728652751,400826,400460,403,527
2,4127.577821011673,4260.025291828793,400830,400464,404,514
2,4141.637898686679,4222.598499061914,400834,400468,405,533
2,4158.810874704492,4240.122931442081,400844,400478,406,423
3,4110.736070381232,4112.093841642229,401174,400808,401,682
3,4129.344122657581,4139.57069846678,401184,400818,402,587
3,4092.9784560143626,4251.998204667863,401192,400826,403,557
3,4127.698324022346,4259.404096834264,401196,400830,404,537
3,4143.525046382189,4218.493506493506,401200,400834,405,539
3,4159.086651053864,4238.0327868852455,401210,400844,406,427
4,4110.675213675214,4113.112535612536,401540,401174,401,702
4,4131.022608695652,4144.224347826087,401550,401184,402,575
4,4090.8998035363456,4249.029469548133,401558,401192,403,509
4,4124.817543859649,4259.912280701755,401562,401196,404,570
4,4143.936170212766,4218.742907801418,401566,401200,405,564
4,4159.9357429718875,4236.461847389558,401576,401210,406,498
5,4110.4311543810845,4113.542420027817,401906,401540,401,719
5,4129.941712204008,4147.601092896175,401916,401550,402,549
5,4092.0506108202444,4248.696335078534,401924,401558,403,573
5,4128.440199335548,4256.292358803987,401928,401562,404,602
5,4149.655797101449,4214.400362318841,401932,401566,405,552
5,4176.5,4225.546052631579,401944,401576,407,152
5,4150.3893805309735,4238.486725663717,401945,401576,408,113
6,4108.516452074392,4111.876967095851,402272,401906,401,699
6,4133.948339483395,4148.463099630996,402282,401916,402,542
6,4096.10294118,4250.638888888889,402290,401924,403,612
6,4131.186003683241,4264.3075506445675,402294,401928,404,543
6,4152.2754716981135,4213.722641509434,402298,401932,405,530
6,4175.707509881423,4226.636363636364,402310,401944,407,253
6,4150.430830039526,4242.826086956522,402311,401945,408,253
7,4111.236338797814,4111.5,402638,402272,401,732
7,4131.065068493151,4147.618150684932,402648,402282,402,584
7,4094.450406504065,4250.377235772357,402656,402290,403,615
7,4129.984974958264,4270.001669449081,402660,402294,404,599
7,4147.289048473967,4217.538599640933,402664,402298,405,557
7,4176.785953177257,4223.040133779265,402676,402310,407,299
7,4152.3,4245.735294117647,402677,402311,408,340
8,4109.147606382979,4111.75,403004,402638,401,752
8,4133.417362270451,4143.6777963,403014,402648,402,599
8,4095.8,4249.7015625,403022,402656,403,640
8,4130.206677265501,4268.713831478537,403026,402660,404,629
8,4160.025423728814,4198.71186440678,403032,,409,118
8,4134.38524590164,4217.483606557377,403033,402664,405,122
8,4174.940740740741,4223.1925925925925,403042,402676,407,405
8,4150.637566137566,4242.436507936508,403043,402677,408,378
9,4106.907608695652,4111.580163043478,403370,403004,401,736
9,4132.888888888889,4142.2550860719875,403380,403014,402,639
9,4094.547904191617,4254.356287425149,403388,403022,403,668
9,4133.130232558139,4276.1596899224805,403392,403026,404,645
9,4155.660968660969,4201.917378917379,403398,403032,409,351
9,4132.096774193548,4224.669354838709,403399,403033,405,248
9,4177.286343612335,4221.394273127753,403408,403042,407,454
9,4149.226506024096,4247.057831325301,403409,403043,408,415
10,4104.242798353909,4109.072702331961,403733,403370,401,729
10,4131.448529411765,4140.213235294118,403743,403380,402,680
10,4094.7585185185185,4253.674074074074,403751,403388,403,675
10,4135.933434190621,4277.685325264751,403755,403392,404,661
10,4156.7797927,4202.077720207254,403761,403398,409,386
10,4128.314878892734,4229.314878892734,403762,403399,405,289
10,4182.2362768,4216.7947494033415,403771,403408,407,419
10,4153.052401746725,4243.82096069869,403772,403409,408,458
11,4104.75512995896,4106.865937072504,404107,403733,401,731
11,4130.287517531557,4138.837307152875,404117,403743,402,713
11,4095.9719626168226,4252.015576323987,404125,403751,403,642
11,4137.001483679525,4275.396142433235,404129,403755,404,674
11,4159.6575,4201.81,404135,403761,409,400
11,4126.606321839081,4233.775862068966,404136,403762,405,348
11,4184.909975669099,4215.3576642335765,404145,403771,407,411
11,4151.914606741573,4238.379775280899,404146,403772,408,445
12,4093.3494623655915,4108.193548387097,404481,404107,401,558
12,4123.723374827109,4136.5546334716455,404491,404117,402,723
12,4093.84122137,4252.694656488549,404499,404125,403,655
12,4136.679640718563,4276.70508982036,404503,404129,404,668
12,4158.609375,4200.803571428572,404509,404135,409,448
12,4119.639037433155,4244.227272727273,404510,404136,405,374
12,4185.952164009112,4210.291571753986,404519,404145,407,439
12,4152.070362473348,4239.443496801706,404520,404146,408,469
13,4110.83257918552,4101.954751131222,404857,404481,410,221
13,4081.90410959,4102.178082191781,404858,404481,411,219
13,4122.143661971831,4137.3112676056335,404865,404491,402,710
13,4094.945185185185,4252.367407407407,404873,404499,403,675
13,4139.468656716418,4277.182089552239,404877,404503,404,670
13,4156.920634920635,4200.24716553288,404883,404509,409,441
13,4120.291005291006,4244.685185185185,404884,404510,405,378
13,4187.371681415929,4208.04424778761,404893,404519,407,452
13,4154.102766798419,4236.537549407115,404894,404520,408,506
14,4112.839116719243,4093.7917981072555,405231,404857,410,317
14,4082.8590604026845,4100.637583892618,405232,404858,411,298
14,4129.647377938517,4151.544303797468,405239,404865,402,553
14,4094.719298245614,4252.758771929824,405247,404873,403,684
14,4140.578125,4279.258522727273,405251,404877,404,704
14,4155.608433734939,4200.477911646586,405257,404883,409,498
14,4119.30179028133,4248.751918158568,405258,404884,405,391
14,4184.696120689655,4209.7801724137935,405267,404893,407,464
14,4151.677227722772,4240.732673267326,405268,404894,408,505
15,4111.989247311828,4094.239247311828,405605,405231,410,372
15,4080.295652173913,4100.660869565218,405606,405232,411,345
15,4115.617100371747,4122.159851301115,405615,,412,269
15,4134.153409090909,4146.738636363636,405616,405239,402,352
15,4094.3478260869565,4253.042075736325,405621,405247,403,713
15,4143.515994436718,4277.53685674548,405625,405251,404,719
15,4152.433198380567,4204.917004,405631,405257,409,494
15,4118.885922330097,4251.92718446602,405632,405258,405,412
15,4185.423245614035,4205.901315789473,405641,405267,407,456
15,4152.0797546,4243.638036809816,405642,405268,408,489
16,4113.927461139896,4095.484455958549,405971,405605,410,386
16,4082.1648648648647,4098.589189189189,405972,405606,411,370
16,4120.4620462046205,4115.419141914192,405981,405615,412,303
16,4135.36815920398,4149.241293532338,405982,405616,402,402
16,4096.137393767705,4254.024079320114,405987,405621,403,706
16,4143.801136363636,4277.248579545455,405991,405625,404,704
16,4153.397872340425,4203.7148936170215,405997,405631,409,470
16,4120.707207207207,4246.689189189189,405998,405632,405,444
16,4185.501075268818,4207.750537634409,406007,405641,407,465
16,4152.56512605042,4244.506302521008,406008,405642,408,476
17,4113.438053097345,4093.0884955752213,406337,405971,410,452
17,4084.85861183,4100.4498714652955,406338,405972,411,389
17,4121.970930232558,4113.686046511628,406347,405981,412,344
17,4135.098557692308,4149.608173076923,406348,405982,402,416
17,4094.45844875,4254.371191135734,406353,405987,403,722
17,4142.8948824343015,4279.5325034578145,406357,405991,404,723
17,4157.596069868996,4202.052401746725,406363,405997,409,458
17,4120.319654427646,4246.194384449244,406364,405998,405,463
17,4183.101659751037,4212.8443983402485,406373,406007,407,482
17,4148.894854586129,4248.460850111856,406374,406008,408,447
18,4114.549668874172,4091.1810154525388,406718,406337,410,453
18,4082.9302325581393,4098.064599483204,406719,406338,411,387
18,4120.191740412979,4111.330383480826,406728,406347,412,339
18,4134.4419753,4149.313580246913,406729,406348,402,405
18,4091.622462787551,4256.477672530446,406734,406353,403,739
18,4144.007822685789,4279.5110821382,406738,406357,404,767
18,4153.978540772532,4204.085836909871,406744,406363,409,466
18,4118.325892857143,4240.127232142857,406745,406364,405,448
18,4181.700205338809,4209.06160164271,406754,406373,407,487
18,4142.649667405765,4250.855875831486,406755,406374,408,451
19,4122.950226244344,4090.552036199095,407093,406718,410,442
19,4086.109756097561,4098.30731707317,407094,406719,411,410
19,4120.5350140056025,4111.871148459384,407103,406728,412,357
19,4133.566810344828,4145.239224137931,407104,406729,402,464
19,4093.1367292200002,4255.967828418231,407109,406734,403,746
19,4144.732026143791,4280.577777777778,407113,406738,404,765
19,4155.857142857143,4199.782417582418,407119,406744,409,455
19,4120.677345537757,4239.091533180778,407120,406745,405,437
19,4182.107142857143,4208.436507936508,407129,406754,407,504
19,4145.028824833703,4252.441241685144,407130,406755,408,451
20,4120.714285714285,4090.6866359447004,407468,407093,410,434
20,4083.703791469194,4092.7890995260664,407469,407094,411,422
20,4117.231707317073,4110.482926829268,407478,407103,412,410
20,4129.758318739055,4144.7373029772325,407479,407104,402,571
20,4093.59403372,4255.346303501946,407484,407109,403,771
20,4145.798408488064,4280.896551724138,407488,407113,404,754
20,4153.352808988764,4202.024719101124,407494,407119,409,445
20,4118.368539325843,4242.6764045,407495,407120,405,445
20,4181.810707456979,4208.386233269598,407504,407129,407,523
20,4143.015486725663,4252.196902654867,407505,407130,408,452
21,4116.366729678639,4087.056710775047,407843,407468,410,529
21,4081.6556701030927,4093.7051546391754,407844,407469,411,485
21,4117.592750533049,4113.7292110874205,407853,407478,412,469
21,4121.102564102564,4150.712454212454,407854,407479,402,546
21,4093.375494071146,4252.409749670619,407859,407484,403,759
21,4144.545938748335,4280.290279627164,407863,407488,404,751
21,4156.870892018779,4197.8239436619715,407869,407494,409,426
21,4117.534090909091,4242.359090909091,407870,407495,405,440
21,4179.458773784355,4216.272727272727,407879,407504,407,473
21,4143.172185430463,4250.326710816777,407880,407505,408,453
22,4118.148698884758,4091.328996282528,408218,407843,410,538
22,4080.730132450331,4093.387417218543,408219,407844,411,604
22,4124.747844827586,4122.976293103448,408228,407853,412,464
22,4115.273764258555,4158.7851711026615,408229,407854,402,526
22,4091.8834196891194,4252.979274611399,408234,407859,403,772
22,4146.232189973614,4280.353562005277,408238,407863,404,758
22,4157.665943600868,4199.130151843818,408244,407869,409,461
22,4115.75,4243.432291666667,408245,407870,405,384
22,4180.294238683127,4216.251028806584,408254,407879,407,486
22,4139.926503340757,4250.507795100223,408255,407880,408,449
23,4115.768946395564,4087.5526802218114,408593,408218,410,541
23,4074.66104553,4094.4198988195617,408594,408219,411,593
23,4132.4795918367345,4120.628571428571,408603,408228,412,490
23,4115.678392,4156.93634840871,408604,408229,402,597
23,4091.470879801735,4252.302354399008,408609,408234,403,807
23,4146.370088719898,4279.645120405577,408613,408238,404,789
23,4162.3351648351645,4203.388278388278,408619,408244,409,546
23,4114.051413881748,4246.80205655527,408620,408245,405,389
23,4185.586605080832,4217.323325635104,408629,408254,407,433
23,4140.394004282655,4248.82869379015,408630,408255,408,467
24,4114.729537366548,4088.0409252669037,408975,408593,410,562
24,4074.813953488372,4094.6744186046512,408976,408594,411,602
24,4133.595387840671,4117.431865828093,408985,408603,412,477
24,4116.414976599064,4154.422776911077,408986,408604,402,641
24,4093.5195460277428,4250.239596469105,408991,408609,403,793
24,4148.807113543092,4281.454172366621,408995,408613,404,731
24,4161.582524271845,4202.780582524272,409001,408619,409,515
24,4115.273291925466,4247.127329192546,409002,408620,405,322
24,4185.504032258064,4217.114919354839,409011,408629,407,496
24,4142.197478991597,4247.401260504202,409012,408630,408,476
25,4107.9,4088.7254237288134,409357,408975,410,590
25,4071.540133779264,4093.6521739130435,409358,408976,411,598
25,4132.233333333334,4118.529411764706,409367,408985,412,510
25,4111.666666666667,4154.701834862385,409368,408986,402,654
25,4091.683804627249,4251.09383033419,409373,408991,403,778
25,4147.918421052632,4280.628947368421,409377,408995,404,760
25,4161.426,4203.266,409383,409001,409,500
25,4113.082539682539,4247.488888888889,409384,409002,405,315
25,4182.180527383367,4221.6409736308315,409393,409011,407,493
25,4139.345309381238,4246.473053892216,409394,409012,408,501
26,4108.680890538033,4086.595547309833,409740,409357,410,539
26,4073.34925865,4096.418451400329,409741,409358,411,607
26,4132.982352941176,4115.850980392157,409750,409367,412,510
26,4111.826215022092,4155.558173784978,409751,409368,402,679
26,4092.240458015267,4251.998727735369,409756,409373,403,786
26,4147.94214876033,4279.564738292011,409760,409377,404,726
26,4163.8827038,4197.950298210735,409766,409383,409,503
26,4114.716666666666,4244.513888888889,409767,409384,405,360
26,4180.201312910284,4226.770240700219,409776,409393,407,457
26,4139.6757813,4244.5449219,409777,409394,408,512
27,4115.657091561939,4087.3105924596052,410123,409740,410,557
27,4076.258116883117,4095.5113636363635,410124,409741,411,616
27,4135.056092843327,4117.191489361702,410133,409750,412,517
27,4112.555555555556,4156.972972972973,410134,409751,402,666
27,4096.7421777221525,4249.823529411765,410139,409756,403,799
27,4147.1518518518515,4278.739506172839,410143,409760,404,810
27,4168.8278689,4193.954918032787,410149,409766,409,488
27,4118.644699140401,4243.183381088826,410150,409767,405,349
27,4179.859470468432,4227.9490835,410159,409776,407,491
27,4143.037773359841,4244.053677932406,410160,409777,408,503
28,4116.3044217687075,4083.052721088435,410506,410123,410,588
28,4074.39726027,4095.2414383561645,410507,410124,411,584
28,4137.751879699248,4115.308270676692,410516,410133,412,532
28,4112.2172619047615,4156.325892857143,410517,410134,402,672
28,4094.4942675159236,4249.067515923567,410522,410139,403,785
28,4146.91458607096,4281.337713534823,410526,410143,404,761
28,4165.7880085653105,4191.6188436830835,410532,410149,409,467
28,4116.914209115282,4243.903485254692,410533,410150,405,373
28,4178.184782608696,4225.365942028986,410542,410159,407,552
28,4141.317919075144,4244.857418111754,410543,410160,408,519
29,4115.71359223301,4074.205501618123,410889,410506,410,618
29,4076.0178571428573,4093.5844155844156,410890,410507,411,616
29,4138.533468559837,4110.841784989858,410899,410516,412,493
29,4114.732474964235,4153.0529327610875,410900,410517,402,699
29,4094.24847001,4250.877600979192,410905,410522,403,817
29,4147.196629213483,4282.046348314607,410909,410526,404,712
29,4161.9332096474955,4190.630797773655,410915,410532,409,539
29,4117.087719298245,4244.380116959064,410916,410533,405,342
29,4177.784200385357,4226.082851637765,410925,410542,407,519
29,4141.756286266925,4246.214700193424,410926,410543,408,517
30,4119.083197389886,4072.4502446982056,411272,410889,410,613
30,4076.928455284553,4093.42601626,411273,410890,411,615
30,4135.1441947565545,4111.6872659,411282,410899,412,534
30,4113.966527196652,4152.655509065551,411283,410900,402,717
30,4096.162227602906,4251.437046004843,411288,410905,403,826
30,4146.842465753424,4281.278538812785,411292,410909,404,438
30,4161.7377938517175,4191.933092224232,411298,410915,409,553
30,4119.822950819672,4239.209836065574,411299,410916,405,305
30,4177.876138433516,4226.249544626594,411308,410925,407,549
30,4143.008791208791,4247.202197802198,411309,410926,408,455
31,4122.156507413509,4074.8912685337727,411655,411272,410,607
31,4078.588957055215,4094.069018404908,411656,411273,411,652
31,4136.495069033531,4116.386587771203,411665,411282,412,507
31,4113.277173913043,4152.673913043478,411666,411283,402,736
31,4093.62451108,4250.624511082138,411671,411288,403,767
31,4161.194756554307,4281.041198501873,411677,411292,413,267
31,4133.292490118577,4282.762845849802,411678,411292,414,253
31,4160.891265597148,4192.532976827095,411681,411298,409,561
31,4116.53172205438,4242.685800604229,411682,411299,405,331
31,4176.00518134715,4228.298791018999,411691,411308,407,579
31,4140.826883910387,4250.3808553971485,411692,411309,408,491
32,4124.51768488746,4075.927652733119,412038,411655,410,622
32,4079.8511278195488,4095.0676691729323,412039,411656,411,665
32,4134.861507128309,4117.586558044806,412048,411665,412,491
32,4112.511627906977,4154.180574555404,412049,411666,402,731
32,4090.8571428571427,4249.084126984127,412054,411671,403,630
32,4162.3056478405315,4285.750830564784,412060,411677,413,301
32,4137.89247311828,4287.616487455197,412061,411678,414,279
32,4161.149446494465,4192.39852398524,412064,411681,409,542
32,4117.778350515464,4240.350515463918,412065,411682,405,388
32,4176.223801065719,4230.735346358792,412074,411691,407,563
32,4142.171206225681,4253.1614785992215,412075,411692,408,514
33,4124.839527027027,4076.4560810810813,412421,412038,410,592
33,4079.6745913818722,4094.3863298662704,412422,412039,411,673
33,4135.1259842519685,4117.8740157480315,412431,412048,412,508
33,4113.6270718232045,4153.82182320442,412432,412049,402,724
33,4087.779270633397,4254.3608445297505,412437,412054,403,521
33,4161.696428571428,4280.053571428572,412443,412060,413,336
33,4137.267973856209,4289.09477124183,412444,412061,414,306
33,4161.664150943397,4190.115094339622,412447,412064,409,530
33,4115.436073059361,4237.445205479452,412448,412065,405,438
33,4175.708860759493,4231.314647377939,412457,412074,407,553
33,4141.5659656,4253.011472275334,412458,412075,408,523
34,4124.7723440134905,4076.794266441821,412804,412421,410,593
34,4078.2876923076924,4094.74769231,412805,412422,411,650
34,4133.7148936170215,4119.451063829787,412814,412431,412,470
34,4113.124833997344,4155.118193891102,412815,412432,402,753
34,4083.44126984127,4272.161904761905,412822,412437,415,315
34,4089.9302325581393,4240.607235142119,412823,412437,416,387
34,4162.946700507614,4280.46192893401,412826,412443,413,394
34,4137.6510067114095,4290.043624161074,412827,412444,414,298
34,4163.931338028169,4190.721830985915,412830,412447,409,568
34,4115.552995391705,4240.447004608295,412831,412448,405,434
34,4176.219607843137,4233.817647058823,412840,412457,407,510
34,4141.382405745063,4253.152603231598,412841,412458,408,557
35,4126.8956661316215,4077.454253611557,413187,412804,410,623
35,4081.1233082706767,4094.694736842105,413188,412805,411,665
35,4133.897750511247,4120.218813905931,413197,412814,412,489
35,4115.1122994652405,4154.0668449197865,413198,412815,402,748
35,4085.1032258064515,4268.322580645161,413205,412822,415,310
35,4093.2923076923075,4238.209230769231,413206,412823,416,325
35,4163.552058111381,4279.900726392252,413209,412826,413,413
35,4139.7,4291.3,413210,412827,414,350
35,4165.9588551,4191.182468694096,413213,412830,409,559
35,4116.011467889908,4240.612385321101,413214,412831,405,436
35,4177.012455516015,4232.416370106762,413223,412840,407,562
35,4140.79794520548,4252.946917808219,413224,412841,408,584
36,4127.529702970297,4078.442244224422,413570,413187,410,606
36,4081.2737920937043,4094.6603221083456,413571,413188,411,683
36,4131.589690721649,4121.731958762886,413580,413197,412,485
36,4115.458776595745,4154.993351063829,413581,413198,402,752
36,4084.3475783475783,4269.586894586894,413588,413205,415,351
36,4094.484939759036,4238.801204819277,413589,413206,416,332
36,4163.30155210643,4279.7827050997785,413592,413209,413,451
36,4139.340694006309,4288.444794952681,413593,413210,414,317
36,4164.953565505804,4191.73631840796,413596,413213,409,603
36,4116.897494305239,4240.662870159454,413597,413214,405,439
36,4176.504780114723,4232.305927342256,413606,413223,407,523
36,4140.3821292775665,4255.28897338403,413607,413224,408,526
37,4127.779487179487,4077.9880341880344,413953,413570,410,585
37,4082.09224012,4095.265007320644,413954,413571,411,683
37,4133.016563146998,4120.6314699792965,413963,413580,412,483
37,4116.347883597884,4154.708994708994,413964,413581,402,756
37,4082.53477218,4269.858513189449,413971,413588,415,417
37,4089.72131147541,4238.491803278688,413972,413589,416,366
37,4165.347826086957,4281.432367149759,413975,413592,413,414
37,4139.451149425287,4292.5114942528735,413976,413593,414,348
37,4165.836956521739,4189.923913043478,413979,413596,409,552
37,4119.864915572232,4237.932457786116,413980,413597,405,533
37,4177,4233.276867030965,413989,413606,407,549
37,4142.397849462365,4257.811827956989,413990,413607,408,558
38,4128.4010067114095,4076.038590604027,414319,413953,410,596
38,4081.4918759231905,4095.0118168389954,414320,413954,411,677
38,4129.901380670612,4120.615384615385,414329,413963,412,507
38,4114.981554677207,4153.383399209486,414330,413964,402,759
38,4083.570093457944,4269.119158878505,414337,413971,415,428
38,4087.2035398230087,4237.017699115044,414338,413972,416,339
38,4162.64705882353,4281.588235294118,414341,413975,413,425
38,4136.081081081081,4288.6,414342,413976,414,370
38,4162.820168067227,4191.2302521008405,414345,413979,409,595
38,4119.940476190476,4235.777777777777,414346,413980,405,504
38,4176.056710775048,4233.954631379962,414355,413989,407,529
38,4139.155109489051,4255.321167883211,414356,413990,408,548
39,4129.431740614335,4077.122866894198,414699,414319,410,586
39,4080.6847507331377,4093.7829912023462,414700,414320,411,682
39,4130.093023255814,4121.426356589147,414709,414329,412,516
39,4114.4172099087355,4153.232073011734,414710,414330,402,767
39,4082.338129496403,4270.3908872901675,414717,414337,415,417
39,4085.10447761,4238.316417910448,414718,414338,416,335
39,4161.119305856833,4280.95010845987,414721,414341,413,461
39,4137.043715846995,4291.497267759562,414722,414342,414,366
39,4163.565705128205,4192.266025641025,414725,414345,409,624
39,4119.499001996008,4232.542914171657,414726,414346,405,501
39,4173.973880597015,4234.787313432836,414735,414355,407,536
39,4137.44425087108,4255.949477351916,414736,414356,408,574
40,4128.320404721754,4077.298482293423,415079,414699,410,593
40,4081.780523255814,4096.265988372093,415080,414700,411,688
40,4129.470802919708,4121.080291970803,415089,414709,412,548
40,4114.6503311258275,4154.245033112583,415090,414710,402,755
40,4081.7477064220184,4269.577981651376,415097,414717,415,436
40,4088.7456647398844,4235.8497109826585,415098,414718,416,346
40,4159.80375782881,4283.423799582463,415101,414721,413,479
40,4134.467966573816,4296.17270194986,415102,414722,414,359
40,4162.6416,4195.6112,415105,414725,409,625
40,4121.332688588008,4235.411992263056,415106,414726,405,517
40,4175.078895463511,4234.881656804734,415115,414735,407,507
40,4138.704391891892,4260.128378378378,415116,414736,408,592
41,4130.619298245614,4075.363157894737,415459,415079,410,570
41,4084.211678832117,4093.65401459854,415460,415080,411,685
41,4130.220640569395,4118.683274021352,415469,415089,412,562
41,4115.530343007916,4153.183377308707,415470,415090,402,758
41,4083.0861678004535,4266.501133786848,415477,415097,415,441
41,4088.1666666666665,4237.214285714285,415478,415098,416,336
41,4161.043875685557,4279.431444241316,415481,415101,413,547
41,4137.489949748744,4297.201005025126,415482,415102,414,398
41,4162.618604651163,4195.187596899224,415485,415105,409,645
41,4120.022944550669,4235.695984703633,415486,415106,405,523
41,4177.698440207972,4231.741767764298,415495,415115,407,577
41,4141.138436482085,4255.5570033,415496,415116,408,614
42,4129.835016835017,4079.289562289562,415839,415459,410,594
42,4083.3656597774243,4093.5182829888713,415840,415460,411,629
42,4132.534516765286,4117.34516765286,415849,415469,412,507
42,4118.010484927916,4153.272608125819,415850,415470,402,763
42,4081.7031963470317,4271.063926940639,415857,415477,415,438
42,4087.5745341614906,4235.639751552795,415858,415478,416,322
42,4158.289855072464,4281.931677018633,415861,415481,413,483
42,4138.330845771145,4299.1169154228855,415862,415482,414,402
42,4160.609422492401,4197.323708206687,415865,415485,409,658
42,4121.094619666048,4233.519480519481,415866,415486,405,539
42,4178.381918819188,4234.138376383764,415875,415495,407,542
42,4140.270226537217,4256.784789644013,415876,415496,408,618
43,4128.6258169934645,4078.671568627451,416223,415839,410,612
43,4082.8002853067046,4093.355206847361,416224,415840,411,701
43,4130.518664047151,4117.475442,416233,415849,412,509
43,4115.11724137931,4151.940689655173,416234,415850,402,725
43,4081.4947368421053,4270.989473684211,416241,415857,415,475
43,4087.31092437,4237.81512605042,416242,415858,416,357
43,4157.699373695198,4279.9018789,416245,415861,413,479
43,4142.188888888889,4297.555555555556,416246,415862,414,360
43,4158.309523809524,4199.578869047619,416249,415865,409,672
43,4119.768953068592,4232.21119133574,416250,415866,405,554
43,4176.067164179104,4232.92723880597,416259,415875,407,536
43,4138.60413080895,4257.595524956971,416260,415876,408,581
44,4127.727422003284,4076.75041051,416607,416223,410,609
44,4080.028358208955,4093.6313432835823,416608,416224,411,670
44,4130.160075329567,4116.4915254237285,416617,416233,412,531
44,4115.21045751634,4153.312418300654,416618,416234,402,765
44,4078.11377245509,4273.335329341317,416625,416241,415,501
44,4083.43380282,4236.69014084507,416626,416242,416,355
44,4157.515325670498,4278.5,416629,416245,413,522
44,4140.474934036939,4295.693931398417,416630,416246,414,379
44,4160.5462822,4197.8907435508345,416633,416249,409,659
44,4117.347122302158,4232.404676258992,416634,416250,405,556
44,4180.572192513369,4231.105169340463,416643,416259,407,561
44,4137.8154574132495,4255.916403785489,416644,416260,408,634
45,4130.170250896057,4075.8333333333335,416991,416607,410,558
45,4080.0414814814817,4093.094814814815,416992,416608,411,675
45,4127.442379182156,4117.037174721189,417001,416617,412,538
45,4111.104060913705,4151.140862944162,417002,416618,402,788
45,4078.4733475479743,4271.710021321962,417009,416625,415,469
45,4086.9047619,4233.973214285715,417010,416626,416,336
45,4155.4275092936805,4281.078066914498,417013,416629,413,538
45,4140.492307692308,4298.782051282051,417014,416630,414,390
45,4160.734724292101,4198.140089418778,417017,416633,409,671
45,4116.722719141324,4231.973166368515,417018,416634,405,559
45,4183.524680073127,4227.396709323583,417027,416643,407,547
45,4136.390048154093,4256.247191011236,417028,416644,408,623
46,4129.2508250825085,4077.3498349834986,417371,416991,410,606
46,4081.6011904761904,4093.6964285714284,417372,416992,411,672
46,4130.341085271318,4115.988372093023,417381,417001,412,516
46,4112.83676092545,4151.160668380463,417382,417002,402,778
46,4080.947895791583,4270.274549098196,417389,417009,415,499
46,4086.5701492537314,4233.214925373134,417390,417010,416,335
46,4155.763602251407,4278.977485928705,417393,417013,413,533
46,4142.289002557544,4297.040920716113,417394,417014,414,391
46,4161.669871794872,4196.9375,417397,417017,409,624
46,4117.57326007326,4231.732600732601,417398,417018,405,546
46,4183.2767402,4224.740237691001,417407,417027,407,589
46,4137.1392,4255.9744,417408,417028,408,625
47,4126.0306451612905,4076.5629032258066,417751,417371,410,620
47,4079.15668202765,4092.9124423963135,417752,417372,411,651
47,4129.828924162258,4113.530864197531,417761,417381,412,567
47,4111.982165605095,4152.8624203821655,417762,417382,402,785
47,4078.3910505836575,4271.817120622568,417769,417389,415,514
47,4086.779552715655,4235.664536741214,417770,417390,416,313
47,4153.961467889908,4279.036697247707,417773,417393,413,545
47,4144.78313253012,4297.060240963856,417774,417394,414,415
47,4161.137873754153,4195.6760797342195,417777,417397,409,602
47,4115.897435897436,4231.81684981685,417778,417398,405,546
47,4183.4055459272095,4221.40034662045,417787,417407,407,577
47,4132.961165048544,4257.622977346278,417788,417408,408,618
48,4128.760726072607,4076.9191419141916,418131,417751,410,606
48,4081.561377245509,4093.4790419161677,418132,417752,411,668
48,4130.410909090909,4116.032727272727,418141,417761,412,550
48,4112.886768447837,4153.433842239186,418142,417762,402,786
48,4078.782857142857,4272.500952380952,418149,417769,415,525
48,4086.0651465798046,4230.9185667752445,418150,417770,416,307
48,4156.444241316271,4276.758683729433,418153,417773,413,547
48,4147.888095238095,4295.840476190476,418154,417774,414,420
48,4163.749077490775,4189.579335793358,418157,417777,409,271
48,4117.571428571428,4231.764199655766,418158,417778,405,581
48,4186.558375634518,4216.53130287648,418167,417787,407,591
48,4132.936630602782,4257.783616692426,418168,417788,408,647
49,4127.695222405272,4076.841845140033,418511,418131,410,607
49,4076.883642495784,4092.5615514333895,418512,418132,411,593
49,4130.866666666667,4113.828571428571,418521,418141,412,525
49,4114.207332490519,4153.460176991151,418522,418142,402,791
49,4078.644787644788,4273.295366795367,418529,418149,415,518
49,4085.75932203,4230.081355932203,418530,418150,416,295
49,4156.522920203735,4274.872665534805,418533,418153,413,589
49,4148.658371040724,4294.8687783,418534,418154,414,442
49,4116.993019197208,4230.952879581152,418538,418158,405,573
49,4175.443181818182,4178.590909090909,418540,418157,417,264
49,4164.355555555556,4207.585185185185,418541,418157,418,270
49,4186.8531952,4214.74438687392,418547,418167,407,579
49,4128.751515151515,4259.539393939394,418548,418168,408,660
50,4136.505399568035,4072.671706263499,418891,418511,410,463
50,4077.4117647058824,4093.860962566845,418892,418512,411,374
50,4129.2811950790865,4113.695957820738,418901,418521,412,569
50,4114.0825,4150.83625,418902,418522,402,800
50,4080.009633911368,4273.105973025048,418909,418529,415,519
50,4087.3478260869565,4231.321070234114,418910,418530,416,299
50,4158.315608919383,4274.6312178,418913,418533,413,583
50,4149.65625,4295.167410714285,418914,418534,414,448
50,4118.148580968281,4231.61101836394,418918,418538,405,599
50,4171.278894472362,4182.909547738694,418920,418540,417,398
50,4152.687150837989,4205.849162011174,418921,418541,418,358
50,4184.926868044515,4215.027027027027,418927,418547,407,629
50,4129.464615384615,4261.350769230769,418928,418548,408,650
51,4139.7213114754095,4075.222482435597,419276,418891,410,427
51,4073.0173611111113,4103.090277777777,419278,418892,419,288
51,4081.707395498392,4079.3086816720256,419280,418892,420,311
51,4129.43216080402,4111.036850921273,419286,418901,412,597
51,4115.083120204604,4154.826086956522,419287,418902,402,782
51,4080.1338582677167,4274.484251968504,419294,418909,415,508
51,4087.03785488959,4233,419295,418910,416,317
51,4157.282094594595,4273.927364864865,419298,418913,413,592
51,4146.761702127659,4294.859574468085,419299,418914,414,470
51,4117.402707275804,4233.21489001692,419303,418918,405,591
51,4171.918854415275,4182.704057279237,419305,418920,417,419
51,4150.489655172414,4209.547126436782,419306,418921,418,435
51,4182.071074380166,4217.745454545455,419312,418927,407,605
51,4126.488469601677,4265.058700209644,419313,418928,408,477
52,4074.315112540193,4104.993569131832,419663,419278,419,311
52,4081.15838509,4079.0372670807456,419665,419280,420,322
52,4120.385113268609,4059.401294498382,419667,,421,309
52,4141.328947368421,4083.8355263157896,419668,419276,410,304
52,4129.484751203852,4108.247191011236,419671,419286,412,623
52,4115.774025974026,4153.158441558441,419672,419287,402,770
52,4080.271119842829,4273.628683693517,419679,419294,415,509
52,4087.3427672955977,4228.672955974843,419680,419295,416,318
52,4156.706484641638,4273.046075085324,419683,419298,413,586
52,4146.125773195877,4293.274226804124,419684,419299,414,485
52,4114.673076923077,4233.660839160839,419688,419303,405,572
52,4171.177829099307,4184.242494226328,419690,419305,417,433
52,4147.798264642082,4217.678958785249,419691,419306,418,461
52,4181.222734254992,4216.721966205837,419697,419312,407,651
52,4132.057142857143,4253.957142857143,419700,419313,408,140
52,4110.741935483871,4278.212903225806,419701,,422,155
53,4073.3096446700506,4103.637055837564,420048,419663,419,394
53,4078.84375,4080.3607954545455,420050,419665,420,352
53,4115.920127795527,4060.073482428115,420052,419667,421,313
53,4140.683673469388,4082.9149659863947,420053,419668,410,294
53,4129.328282828283,4109.313131313132,420056,419671,412,594
53,4113.470223325062,4150.403225806452,420057,419672,402,806
53,4077.272,4273.908,420064,419679,415,500
53,4086.9415584415583,4229.493506493506,420065,419680,416,308
53,4155.637992831541,4271.121863799283,420068,419683,413,558
53,4147.234567901234,4291.528806584362,420069,419684,414,486
53,4113.381205673759,4235.141843971631,420073,419688,405,564
53,4172.485193621867,4182.302961275626,420075,419690,417,439
53,4144.602127659575,4221.304255319149,420076,419691,418,470
53,4178.22380952381,4218.184126984127,420082,419697,407,630
53,4132.420454545455,4260.844697,420085,419700,408,264
53,4107.582644628099,4283.3677685950415,420086,419701,422,242
54,4071.844705882353,4100.595294117647,420428,420048,419,425
54,4084.443243243243,4085.237837837838,420430,420050,420,370
54,4118.643598615917,4057.159169550173,420432,420052,421,289
54,4138.276397515528,4084.88198757764,420433,420053,410,322
54,4132.973076923077,4114.959615384615,420436,420056,412,520
54,4114.173521850899,4151.880462724936,420437,420057,402,778
54,4080.2842105263157,4272.61052631579,420444,420064,415,475
54,4088.768987341772,4230.613924050633,420445,420065,416,316
54,4157.829749103943,4271.116487455197,420448,420068,413,558
54,4147.749529190207,4292.12241054614,420449,420069,414,531
54,4116.066326530612,4234.081632653061,420453,420073,405,588
54,4178.006302521008,4185.59243697479,420455,420075,417,476
54,4148.983402489626,4216.205394190872,420456,420076,418,482
54,4178.477638640429,4224.529516994633,420462,420082,407,559
54,4134.7875,4261.43125,420465,420085,408,320
54,4106.628378378378,4284.47972972973,420466,420086,422,296
55,4070.997792494481,4101.461368653421,420808,420428,419,453
55,4084.0227272727275,4086.918181818182,420810,420430,420,440
55,4120.96463022508,4060.807073954984,420812,420432,421,311
55,4137.660056657224,4083.130311614731,420813,420433,410,353
55,4130.161048689139,4112.082397003745,420816,420436,412,534
55,4113.709677419355,4150.231182795699,420817,420437,402,744
55,4081.22653061,4270.24693877551,420824,420444,415,490
55,4091.1702127659573,4227.465045592705,420825,420445,416,329
55,4157.890625,4270.576388888889,420828,420448,413,576
55,4150.1297709923665,4291.856870229008,420829,420449,414,524
55,4115.923611111111,4233.230902777777,420833,420453,405,576
55,4187.970183486239,4189.378440366972,420835,420455,417,436
55,4155.661508704062,4210.288201160542,420836,420456,418,517
55,4178.5161290322585,4223.594470046083,420842,420462,407,217
55,4135.350609756098,4259.841463414634,420845,420465,408,328
55,4104.451807228916,4283.6445783,420846,420466,422,332
56,4071.71235521,4101.515444015444,421188,420808,419,518
56,4085.9547413793102,4087.280172413793,421190,420810,420,464
56,4119.9902912621355,4060.5728155339807,421192,420812,421,309
56,4139.906626506024,4081.72891566,421193,420813,410,332
56,4132.2621185,4112.861759425494,421196,420816,412,557
56,4111.431232091691,4153.495702005731,421197,420817,402,698
56,4081.4386317907447,4266.740442655936,421204,420824,415,497
56,4090.1070336391435,4227.400611620795,421205,420825,416,327
56,4157.296428571429,4270.192857142857,421208,420828,413,560
56,4149.609576427256,4291.366482504604,421209,420829,414,543
56,4115.446153846154,4232.333333333333,421213,420833,405,585
56,4187.401886792453,4184.5547169811325,421215,420835,417,530
56,4157.590316573557,4215.389199255121,421216,420836,418,537
56,4133.592592592592,4257.777777777777,421225,420845,408,351
56,4102.914127423823,4282.598337950139,421226,420846,422,361
56,4186.961206896552,4208.7801724137935,421228,420842,423,232
56,4170.4881516587675,4236.142180094786,421229,420842,424,211
57,4072.532,4103.152,421568,421188,419,500
57,4081.660173160173,4084.6731601731603,421570,421190,420,462
57,4121.773993808049,4063.65944272,421572,421192,421,323
57,4141.522598870057,4079.72316384,421573,421193,410,354
57,4134.042763157895,4113.184210526316,421576,421196,412,608
57,4112.90780141844,4158.472813238771,421577,421197,402,423
57,4081.087591240876,4265.418491484185,421584,421204,415,411
57,4088.6052631578946,4232.938596491228,421585,421205,416,342
57,4158.684210526316,4269.670175438597,421588,421208,413,570
57,4148.611888111888,4291.858391608392,421589,421209,414,572
57,4115.330985915493,4233.955985915493,421593,421213,405,568
57,4185.39037433155,4184.812834224599,421595,421215,417,561
57,4154.727443609023,4214.710526315789,421596,421216,418,532
57,4135.254278728607,4255.936430317848,421605,421225,408,409
57,4102.689189189189,4282.475675675676,421606,421226,422,370
57,4188.524038461538,4208.5817307692305,421608,421228,423,208
57,4174.668965517241,4234.5344827586205,421609,421229,424,290
58,4070.252354048964,4103.911487758945,421948,421568,419,531
58,4081.5875486381324,4086.2140077821014,421950,421570,420,514
58,4123.5771428571425,4066.2,421952,421572,421,350
58,4142.344736842106,4079.18421053,421953,421573,410,380
58,4138.60034904014,4119.649214659686,421956,421576,412,573
58,4096.098039215686,4141.720588235294,421959,,425,204
58,4123.995024875622,4159.935323383084,421961,421577,402,201
58,4077.8333333333335,4262.822751322751,421964,421584,415,378
58,4084.2916666666665,4230.291666666667,421965,421585,416,336
58,4156.579470198675,4269.652317880795,421968,421588,413,604
58,4147.409171075838,4291.760141093475,421969,421589,414,567
58,4112.7090301003345,4235.764214046822,421973,421593,405,598
58,4190.3948339483395,4184.80258302583,421975,421595,417,542
58,4156.223484848485,4211.369318181818,421976,421596,418,528
58,4134.724444444444,4254.291111111111,421985,421605,408,450
58,4100.911167512691,4281.774111675127,421986,421606,422,394
58,4194.366533864541,4212.250996015936,421988,421608,423,251
58,4173.620567375887,4233.36524822695,421989,421609,424,282
59,4070.7078651685392,4104.662921348315,422328,421948,419,534
59,4077.697628458498,4084.6422924901185,422330,421950,420,506
59,4117.086387434555,4061.9659685863876,422332,421952,421,382
59,4147.183168316832,4073.4331683168316,422333,421953,410,404
59,4137.618657937807,4120.615384615385,422336,421956,412,611
59,4092.3032069970845,4147.737609329446,422339,421959,425,343
59,4123.66852367688,4158.763231197771,422341,421961,402,359
59,4078.4773269689736,4262.546539379475,422344,421964,415,419
59,4087.3061889250816,4230.00325732899,422345,421965,416,307
59,4158.051369863014,4269.8493150684935,422348,421968,413,584
59,4147.315345699832,4291.713322091063,422349,421969,414,593
59,4114.236234458259,4233.632326820604,422353,421973,405,563
59,4188.156474820144,4183.303956834532,422355,421975,417,556
59,4155.058365758755,4204.535019455253,422356,421976,418,514
59,4135.391799544419,4253.382687927107,422365,421985,408,439
59,4101.503759398496,4281.122807017544,422366,421986,422,399
59,4192.983333333334,4211.843333333333,422368,421988,423,300
59,4170.806451612903,4235.61935483871,422369,421989,424,310
60,4063.6419294990724,4102.536178107606,422708,422328,419,539
60,4082.371769383698,4085.6679920477136,422710,422330,420,503
60,4114.507972665148,4061.9362186788153,422712,422332,421,439
60,4147.100558659218,4070.6843575418993,422713,422333,410,358
60,4140.8367670364505,4118.908082408875,422716,422336,412,631
60,4093.5538847117796,4151.12030075188,422719,422339,425,399
60,4125.191283292978,4160.552058111381,422721,422341,402,413
60,4076.9187817258885,4263.241116751269,422724,422344,415,394
60,4088.0093457943926,4231.623052959501,422725,422345,416,321
60,4157.94055944056,4268.896853146854,422728,422348,413,572
60,4147.807628524047,4290.49087893864,422729,422349,414,603
60,4111.825771324864,4235.735027223231,422733,422353,405,551
60,4185.143617021276,4184.54609929078,422735,422355,417,564
60,4152.662477558349,4202.500897666068,422736,422356,418,557
60,4136.861570247934,4246.907024793389,422745,422365,408,484
60,4100.572413793104,4282.574712643678,422746,422366,422,435
60,4194.96511627907,4211.177325581395,422748,422368,423,344
60,4169.622807017544,4236.055555555556,422749,422369,424,342
61,4064.7072727272725,4101.238181818182,423088,422708,419,550
61,4088.8418079096045,4083.244821092279,423090,422710,420,531
61,4120.086956521739,4057.5815217391305,423092,422712,421,368
61,4147.087071240106,4071.0158311345645,423093,422713,410,379
61,4141.749235474006,4115.952599388379,423096,422716,412,654
61,4094.319612590799,4154.46004842615,423099,422719,425,413
61,4129.162291169451,4161.6825775656325,423101,422721,402,419
61,4077.923076923077,4268.007957559682,423104,422724,415,377
61,4080.6439169139467,4233.341246290801,423105,422725,416,337
61,4158.625806451613,4267.812903225807,423108,422728,413,620
61,4149.869491525424,4289.371186440678,423109,422729,414,590
61,4110.4007029876975,4236.093145869947,423113,422733,405,569
61,4182.008347245409,4186.010016694491,423115,422735,417,599
61,4147.713774597495,4204.026833631485,423116,422736,418,559
61,4140.6824742268045,4246.789690721649,423125,422745,408,485
61,4102.959036144578,4281.187951807229,423126,422746,422,415
61,4192.4588528678305,4209.548628428927,423128,422748,423,401
61,4172.8523076923075,4236.175384615384,423129,422749,424,325
62,4063.608013937282,4099.245644599303,423468,423088,419,574
62,4089.6501831501832,4081.5201465201467,423470,423090,420,546
62,4125.321533923304,4050.1297935103244,423472,423092,421,339
62,4141.435207823961,4069.6430317848412,423473,423093,410,409
62,4140.379104477612,4111.026865671642,423476,423096,412,670
62,4095.2379958246347,4154.2588727,423479,423099,425,479
62,4130.6805251641135,4156.352297592998,423481,423101,402,457
62,4076.632754342432,4268.895781637717,423484,423104,415,403
62,4082.7193548387095,4232.522580645162,423485,423105,416,310
62,4158.667870036101,4266.01083032491,423488,423108,413,554
62,4148.0605042016805,4287.228571428572,423489,423109,414,595
62,4110.5,4235.666666666667,423493,423113,405,522
62,4180.605954465849,4180.010507880911,423495,423115,417,571
62,4145.935153583618,4206.03071672355,423496,423116,418,586
62,4137.415662650603,4250.997991967872,423505,423125,408,498
62,4101.916461916462,4279.4299754299755,423506,423126,422,407
62,4189.270886075949,4208.645569620253,423508,423128,423,395
62,4170.693939393939,4236.642424242425,423509,423129,424,330
63,4064.510054844607,4098.65447898,423848,423468,419,547
63,4088.3417266187053,4079.88309352518,423850,423470,420,556
63,4130.972144846796,4046.7465181058496,423852,423472,421,359
63,4140.141891891892,4070.5225225225226,423853,423473,410,444
63,4136.909774436091,4109.201503759398,423856,423476,412,665
63,4097.094339622641,4157.085953878407,423859,423479,425,477
63,4130.667364016736,4149.460251046025,423861,423481,402,478
63,4076.8197115384614,4268.680288461538,423864,423484,415,416
63,4084.3548387096776,4230.835483870967,423865,423485,416,310
63,4156.335185185185,4268.170370370371,423868,423488,413,540
63,4154.744094488189,4286.897637795276,423869,423489,414,508
63,4113.534971644613,4233.128544423441,423873,423493,405,529
63,4181.563973063973,4181.038720538721,423875,423495,417,594
63,4144.3946037099495,4202.2276559865095,423876,423496,418,593
63,4140.187620889748,4250.557059961316,423885,423505,408,517
63,4103.238095238095,4270.768398268398,423886,423506,422,462
63,4187.268844221106,4208.723618090452,423888,423508,423,398
63,4173.692537313433,4233.976119402985,423889,423509,424,335
64,4062.6593959731545,4095.6308724832215,424228,423848,419,596
64,4091.791150442478,4077.1982300884956,424230,423850,420,565
64,4132.2219451371575,4044.6209476309227,424232,423852,421,401
64,4148.027932960894,4068.1899441340784,424233,423853,410,358
64,4136.897014925373,4107.373134328358,424236,423856,412,670
64,4099.513292433538,4158.137014314929,424239,423859,425,489
64,4127.132437619962,4146.107485604606,424241,423861,402,521
64,4080.88918206,4273.912928759894,424244,423864,415,379
64,4083.2835365853657,4230.213414634146,424245,423865,416,328
64,4155.2089844,4268.5253906,424248,423868,413,512
64,4159.148535564854,4283.671548117155,424249,423869,414,478
64,4111.484978540772,4235.523605150214,424253,423873,405,233
64,4182.890410958904,4176.7636986,424255,423875,417,584
64,4142.697278911564,4201.748299319728,424256,423876,418,588
64,4140.078028747434,4251.903490759753,424265,423885,408,487
64,4106.58085106383,4260.304255319149,424266,423886,422,470
64,4185.640506329114,4205.501265822785,424268,423888,423,395
64,4178.768996960486,4230.544072948328,424269,423889,424,329
65,4062.4566666666665,4095.2283333333335,424616,424228,419,600
65,4091.8913412563666,4075.6706281833617,424618,424230,420,589
65,4119.1583578,4068.7184750733136,424620,,426,341
65,4143.322033898305,4061.271186440678,424621,424233,410,413
65,4137.295588235294,4109.25,424624,424236,412,680
65,4100.365269461078,4160.129740518962,424627,424239,425,501
65,4122.088180112571,4144.84990619137,424629,424241,402,533
65,4080.5454545454545,4275.651948051948,424632,424244,415,385
65,4083.4397590361446,4227.3373493975905,424633,424245,416,332
65,4155.463687150838,4268.329608938548,424636,424248,413,537
65,4159.384120171674,4284.1416309012875,424637,424249,414,466
65,4181.393103448276,4176.393103448276,424643,424255,417,580
65,4138.979661016949,4196.9610169491525,424644,424256,418,590
65,4098.944134078212,4240.418994413408,424646,424253,405,179
65,4113.142857142857,4208.746543778801,424647,,427,217
65,4136.891489361702,4251.691489361702,424653,424265,408,470
65,4105.490909090909,4260.343434343435,424654,424266,422,495
65,4182.877005347594,4203.938502673796,424656,424268,423,374
65,4176.19783197832,4228.672086720867,424657,424269,424,369
66,4062.643533123028,4093.865930599369,425004,424616,419,634
66,4087.273519163763,4078.677700348432,425006,424618,420,574
66,4118.506234413965,4071.3316708229427,425008,424620,426,401
66,4145.110552763819,4059.241206030151,425009,424621,410,398
66,4139.03748125937,4111.218890554723,425012,424624,412,667
66,4103.648,4162.996,425015,424627,425,500
66,4119.214920071048,4142.2042628774425,425017,424629,402,563
66,4081.473404255319,4276.497340425532,425020,424632,415,376
66,4082.969696969697,4226.80808080808,425021,424633,416,297
66,4157.356454720617,4266.579961464355,425024,424636,413,519
66,4160.162447257384,4282.805907172996,425025,424637,414,474
66,4183.2421441774495,4174.641404805915,425031,424643,417,541
66,4139.163194444444,4196.397569444444,425032,424644,418,576
66,4100.512096774193,4238.931451612903,425034,424646,405,248
66,4112.910714285715,4212.425,425035,424647,427,280
66,4136.177777777778,4252.2747474747475,425041,424653,408,495
66,4104.951063829787,4265.070212765957,425042,424654,422,470
66,4183.743386243386,4202.746031746032,425044,424656,423,378
66,4175.515384615384,4227.1435897435895,425045,424657,424,390
67,4062.0183946488296,4094.3879598662206,425392,425004,419,598
67,4086.764705882353,4077.183391,425394,425006,420,578
67,4119.651898734177,4073.559071729958,425396,425008,426,474
67,4146.905027932961,4065.6620111731845,425397,425009,410,358
67,4141.4340740740745,4114.8133333333335,425400,425012,412,675
67,4103.2368932038835,4160.411650485437,425403,425015,425,515
67,4118.163732394366,4139.492957746479,425405,425017,402,568
67,4083.5689223057643,4280.175438596491,425408,425020,415,399
67,4084.7443365695794,4225.62783171521,425409,425021,416,309
67,4158.216475095785,4265.561302681992,425412,425024,413,522
67,4160.450431034483,4282.239224137931,425413,425025,414,464
67,4182.959259259259,4174.687037037037,425419,425031,417,540
67,4138.526405451448,4197.9420783645655,425420,425032,418,587
67,4098.27607362,4244.3435582822085,425422,425034,405,326
67,4112.091503267974,4211.950980392156,425423,425035,427,306
67,4138.226262626263,4251.741414141414,425429,425041,408,495
67,4106.987068965517,4268.310344827586,425430,425042,422,464
67,4184.869791666667,4201.651041666667,425432,425044,423,384
67,4171.886304909561,4224.2894056847545,425433,425045,424,387
68,4061.5433070866143,4094.0992126,425779,425392,419,635
68,4086.5160202360876,4076.878583473862,425781,425394,420,593
68,4116.257692307692,4076.0538461538463,425783,425396,426,520
68,4141.1297709923665,4064.7379134860053,425784,425397,410,393
68,4140.355072463768,4115.346376811594,425787,425400,412,690
68,4104.080152671756,4161.854961832061,425790,425403,425,524
68,4119.332669322709,4143.639442231076,425792,425405,402,502
68,4085.0579345088163,4280.559194,425795,425408,415,397
68,4086.69732938,4223.632047477745,425796,425409,416,337
68,4156.554607508532,4265,425799,425412,413,586
68,4165.177966101695,4282.654237288136,425800,425413,414,590
68,4181.897435897436,4174.736263736264,425806,425419,417,546
68,4139.762152777777,4201.220486111111,425807,425420,418,576
68,4093.111420612813,4243.8050139275765,425809,425422,405,359
68,4113.6484149855905,4210.207492795389,425810,425423,427,347
68,4138.568627450981,4249.448179271709,425816,425429,408,357
68,4108.784274193548,4265.606854838709,425817,425430,422,496
68,4197.492711370262,4199.725947521866,425819,425432,423,343
68,4171.233890214797,4222.2362768,425820,425433,424,419
69,4063.1900958466454,4093.776357827476,426166,425779,419,626
69,4088.40734557596,4075.746243739566,426168,425781,420,599
69,4114.185606060606,4077.0492424242425,426170,425783,426,528
69,4141.35593220339,4065.576271186441,426171,425784,410,413
69,4140.68221574344,4116.349854227406,426174,425787,412,686
69,4090.01956522,4160.404347826087,426177,425790,425,460
69,4117.091262135922,4143.681553398058,426179,425792,402,515
69,4086.0075949367088,4280.721518987341,426182,425795,415,395
69,4084.327974276527,4225.418006430868,426183,425796,416,311
69,4155.880248833592,4264.959564541213,426186,425799,413,643
69,4168.629116117851,4281.067590987868,426187,425800,414,577
69,4182.33270321361,4174.676748582231,426193,425806,417,529
69,4139.51993067591,4197.951473136915,426194,425807,418,577
69,4092.68404908,4244.018404907975,426196,425809,405,326
69,4112.058103975535,4210.581039755351,426197,425810,427,327
69,4139.634328358209,4244.497512437811,426203,425816,408,402
69,4111.512770137525,4265.444007858546,426204,425817,422,509
69,4194.791891891892,4197.764864864865,426206,425819,423,370
69,4174.177033492823,4226.294258373206,426207,425820,424,418
70,4062.322006472492,4094.2686084142397,426553,426166,419,618
70,4087.703642384106,4077.0496688741723,426555,426168,420,604
70,4111.510638297872,4080.941489361702,426557,426170,426,564
70,4138.964509394572,4065.3528183716076,426558,426171,410,479
70,4139.966714905933,4116.0318379160635,426561,426174,412,691
70,4081.007561436673,4169.132325141777,426564,426177,425,529
70,4116.2776735459665,4144.55722326454,426566,426179,402,533
70,4084.492307692308,4282.279487179487,426569,426182,415,390
70,4084.51410658,4224.673981191223,426570,426183,416,319
70,4156.231927710844,4265.359939759036,426573,426186,413,664
70,4169.490630323679,4281.7785349,426574,426187,414,587
70,4183.648648648648,4175.69009009009,426580,426193,417,555
70,4135.652727272727,4200.932727272727,426581,426194,418,550
70,4091.33426183844,4244.852367688022,426583,426196,405,359
70,4109.158441558441,4204.187013,426584,426197,427,385
70,4140.256857855362,4239.216957605985,426590,426203,408,401
70,4111.7226563,4269.0449219,426591,426204,422,512
70,4195.44893111639,4196.874109263658,426593,426206,423,421
70,4173.8450363196125,4224.307506053268,426594,426207,424,413
71,4063.0870279146143,4093.246305418719,426940,426553,419,609
71,4088.5736040609136,4072.245346869712,426942,426555,420,591
71,4109.623076923077,4079.201923076923,426944,426557,426,520
71,4136.169421487603,4064.4235537190084,426945,426558,410,484
71,4138.897581792318,4116.150782361308,426948,426561,412,703
71,4073.9576427255984,4170.690607734807,426951,426564,425,543
71,4110.6584905660375,4144.88679245283,426953,426566,402,530
71,4084.7506112469437,4283.2102689486555,426956,426569,415,409
71,4085.2283950617284,4225.648148148148,426957,426570,416,324
71,4155.952243125905,4264.001447178003,426960,426573,413,691
71,4169.727272727273,4281.047077922078,426961,426574,414,616
71,4181.49203539823,4174.7628318584075,426967,426580,417,565
71,4135.128856624319,4198.7731397459165,426968,426581,418,551
71,4091.068376068376,4243.1623931623935,426970,426583,405,351
71,4110.572043010753,4199.522580645162,426971,426584,427,465
71,4141.865525672371,4230.5599022,426977,426590,408,409
71,4112.530612244898,4267.6586270871985,426978,426591,422,539
71,4194.956632653061,4193.872448979592,426980,426593,423,392
71,4176.337053571428,4223.600446428572,426981,426594,424,448
72,4066.450406504065,4094.6585365853657,427327,426940,419,615
72,4091.6459731543623,4071.5637583892617,427329,426942,420,596
72,4110.35761589404,4081.679911699779,427331,426944,426,453
72,4138.063394683027,4064.55623722,427332,426945,410,489
72,4139.302593659942,4115.017291066282,427335,426948,412,694
72,4070.7836363636366,4177.590909090909,427338,426951,425,550
72,4108.648698884758,4142.1375464684015,427340,426953,402,538
72,4086.007462686567,4284.223880597015,427343,426956,415,402
72,4087.882716049383,4223.645061728395,427344,426957,416,324
72,4157.290662650603,4264.983433734939,427347,426960,413,664
72,4172.7911908646,4281.076672104405,427348,426961,414,613
72,4181.540834845735,4173.869328493648,427354,426967,417,551
72,4135.845117845118,4195.018518518518,427355,426968,418,594
72,4091.1129943502824,4242.920903954802,427357,426970,405,354
72,4109.393162393162,4198.440170940171,427358,426971,427,468
72,4143.7114093959735,4228.460850111856,427364,426977,408,447
72,4113.44669117647,4267.806985294118,427365,426978,422,544
72,4192.243718592965,4196,427367,426980,423,398
72,4174.74251497006,4225.925149700599,427368,426981,424,334
73,4064.9414556962024,4094.41139241,427714,427327,419,632
73,4090.196808510638,4071.3120567375886,427716,427329,420,564
73,4105.744034707159,4086.232104121475,427718,427331,426,461
73,4132.361216730038,4065.0114068441067,427719,427332,410,526
73,4136.296402877698,4112.572661870504,427722,427335,412,695
73,4067.573529411765,4177.773897058823,427725,427338,425,544
73,4107.444256756757,4138.951013513513,427727,427340,402,592
73,4083.2118226600987,4283.396551724138,427730,427343,415,406
73,4085.2052117263843,4224.263843648208,427731,427344,416,307
73,4155.541411042945,4264.065950920245,427734,427347,413,652
73,4170.792452830188,4280.0990566037735,427735,427348,414,636
73,4180.245704467354,4174.621993127148,427741,427354,417,582
73,4133.465573770492,4192.749180327869,427742,427355,418,610
73,4091.3055555555557,4241.847222222223,427744,427357,405,360
73,4104.737634408602,4198.402150537634,427745,427358,427,465
73,4143.089156626506,4228.077108433735,427751,427364,408,415
73,4110.965714285714,4269.024761904762,427752,427365,422,525
73,4187.6432038834955,4197.541262135922,427754,427367,423,412
73,4172.145363408521,4229.606516290727,427755,427368,424,399
74,4067.367249602544,4093.4658187599366,428101,427714,419,629
74,4092.9774696707104,4067.3951473136917,428103,427716,420,577
74,4104.523584905661,4087.367924528302,428105,427718,426,424
74,4134.303326810176,4066.80821918,428106,427719,410,511
74,4137.181948424069,4113.3782235,428109,427722,412,698
74,4064.030088495575,4178.145132743362,428112,427725,425,565
74,4107.064685314685,4136.732517482517,428114,427727,402,572
74,4083.0286396181386,4282.10739856802,428117,427730,415,419
74,4084.793442622951,4225.616393442623,428118,427731,416,305
74,4157.607988165681,4262.430473372781,428121,427734,413,676
74,4171.976958525345,4280.829493087557,428122,427735,414,651
74,4184.4730434782605,4174.573913043479,428128,427741,417,575
74,4134.891803278689,4187.454098360656,428129,427742,418,610
74,4094.5054644808743,4241.117486338798,428131,427744,405,366
74,4106.376543209876,4200.008230452675,428132,427745,427,486
74,4142.635321100917,4227.302752293578,428138,427751,408,436
74,4113.433145009416,4269.276836158192,428139,427752,422,531
74,4185.067164179104,4197.542288557214,428141,427754,423,402
74,4173.977375565611,4227.5791855,428142,427755,424,442
75,4068.2132231404958,4091.9537190082647,428488,428101,419,605
75,4093.64039408867,4066.538587848933,428490,428103,420,609
75,4105.364532019705,4087.305418719212,428492,428105,426,406
75,4134.754352030948,4065.145067698259,428493,428106,410,517
75,4137.763790664781,4113.616690240453,428496,428109,412,707
75,4062.30139373,4178.311846689896,428499,428112,425,574
75,4105.273214285714,4135.392857142857,428501,428114,402,560
75,4083.2995169082124,4281.98309178744,428504,428117,415,414
75,4086.7841945288756,4223.90273556231,428505,428118,416,329
75,4156.6077170418,4263.549839228296,428508,428121,413,622
75,4172.481818181818,4280.198484848484,428509,428122,414,660
75,4184.843478260869,4173.064347826087,428515,428128,417,575
75,4132.806397306397,4184.569023569024,428516,428129,418,594
75,4096.01222494,4241.784841075794,428518,428131,405,409
75,4103.609375,4197.515625,428519,428132,427,512
75,4141.075055187638,4227.741721854305,428525,428138,408,453
75,4113.113805970149,4267.985074626866,428526,428139,422,536
75,4181.59,4195.3425,428528,428141,423,400
75,4171.150357995227,4226.937947494033,428529,428142,424,419
76,4068.65353038,4094.81280788,428875,428488,419,609
76,4094.3509316770187,4066.1506211180126,428877,428490,420,644
76,4107.870159453303,4090.7949886104784,428879,428492,426,439
76,4133.48127340824,4065.5486891385767,428880,428493,410,534
76,4138.206847360913,4118.447931526391,428883,428496,412,701
76,4062.125912408759,4184.7974452554745,428886,428499,425,548
76,4095.9174484052533,4134.493433395873,428888,428501,402,533
76,4082.3984575835475,4283.401028277635,428891,428504,415,389
76,4084.567741935484,4222.032258064516,428892,428505,416,310
76,4155.397849462365,4266.400921658987,428895,428508,413,651
76,4171.946564885497,4281.960305343511,428896,428509,414,655
76,4183.580034423408,4174.521514629949,428902,428515,417,581
76,4131.686885245902,4186.198360655738,428903,428516,418,610
76,4095.9491916859124,4242.136258660508,428905,428518,405,433
76,4100.909262759925,4194.361058601135,428906,428519,427,529
76,4142.140552995392,4228.3364055299535,428912,428525,408,434
76,4112.546594982079,4268.405017921147,428913,428526,422,558
76,4178.289855072464,4196.12077294686,428915,428528,423,414
76,4170.417431192661,4229.495412844037,428916,428529,424,436
77,4069.2379562043798,4094.80145985,429262,428875,419,685
77,4095.0850722311397,4065.21990369,429264,428877,420,623
77,4108.011210762332,4090.540358744395,429266,428879,426,446
77,4132.672967863894,4065.196597353497,429267,428880,410,529
77,4138.056439942113,4118.27496382055,429270,428883,412,691
77,4057.407272727273,4190.476363636363,429273,428886,425,550
77,4089.3841807909603,4129.359698681733,429275,428888,402,531
77,4081.712895377129,4282.323601,429278,428891,415,411
77,4084.440129449838,4223.537216828479,429279,428892,416,309
77,4156.417785234899,4266.364093959732,429282,428895,413,596
77,4172.080370942813,4281.438948995363,429283,428896,414,647
77,4183.523396880416,4173.719237435009,429289,428902,417,577
77,4130.470588235294,4182.084775086505,429290,428903,418,578
77,4097.01735358,4241.813449023861,429292,428905,405,461
77,4101.542342342343,4194.589189189189,429293,428906,427,555
77,4141.522875816993,4231.993464052288,429299,428912,408,459
77,4111.91391941392,4270.0018315018315,429300,428913,422,546
77,4178.125641025641,4193.976923076923,429302,428915,423,390
77,4170.4534883720935,4227.155813953488,429303,428916,424,430
78,4070.023923444976,4094.5566188197768,429642,429262,419,627
78,4095.9921135646687,4064.758675078864,429644,429264,420,634
78,4109.716553287982,4091.4557823129253,429646,429266,426,441
78,4133.534749034749,4063.5830115830117,429647,429267,410,518
78,4138.885057471264,4118.291666666667,429650,429270,412,696
78,4053.7845601436265,4194.67684021544,429653,429273,425,557
78,4082.13909774,4128.537593984963,429655,429275,402,532
78,4082.3047619,4282.192857142857,429658,429278,415,420
78,4083.9303797468356,4223.8259493670885,429659,429279,416,316
78,4162.268166089965,4262.470588235294,429662,429282,413,578
78,4172.4221880000005,4282.129429892142,429663,429283,414,649
78,4184.211805555556,4172.829861111111,429669,429289,417,576
78,4129.108581436077,4180.933450087566,429670,429290,418,571
78,4098.352549889135,4241.073170731707,429672,429292,405,451
78,4100.102230483271,4194.358736059479,429673,429293,427,538
78,4141.191283292978,4233.583535108959,429679,429299,408,413
78,4112.767567567567,4271.1153153153155,429680,429300,422,555
78,4177.780927835051,4191.81443298969,429682,429302,423,388
78,4169.929637526652,4226.80170575693,429683,429303,424,469
79,4069.621745788668,4095.346094946401,430014,429642,419,653
79,4093.96875,4059.540625,430016,429644,420,640
79,4107.022123893806,4090.82079646,430018,429646,426,452
79,4132.46862745098,4062.6313725490195,430019,429647,410,510
79,4139.135095447871,4115.2246696035245,430022,429650,412,681
79,4050.8879159369526,4197.425569176883,430025,429653,425,571
79,4073.826003824092,4124.300191204589,430027,429655,402,523
79,4080.5724465558196,4280.524940617577,430030,429658,415,421
79,4083.3343848580444,4220.6624605678235,430031,429659,416,317
79,4164.522184300341,4259.977815699659,430034,429662,413,586
79,4170.7858243451465,4282.431432973806,430035,429663,414,649
79,4182.32318104907,4172.8494077834175,430041,429669,417,591
79,4126.954924874792,4179.295492487479,430042,429670,418,599
79,4097.271948608137,4241.012847965739,430044,429672,405,467
79,4096.945419103314,4193.358674463938,430045,429673,427,513
79,4139.6954643628505,4230.7408207343415,430051,429679,408,463
79,4112.162062615102,4272.705340699816,430052,429680,422,543
79,4174.695852534563,4193.707373271889,430054,429682,423,434
79,4170.265182186235,4228.821862348178,430055,429683,424,494
80,4069.82802548,4094.91242038,430386,430014,419,628
80,4093.8684627575276,4060.321711568938,430388,430016,420,631
80,4106.874725274725,4090.7736263736265,430390,430018,426,455
80,4132.054307116105,4061.7247191,430391,430019,410,534
80,4138.725321888412,4115.505007153076,430394,430022,412,699
80,4047.386243386243,4203.308641975309,430397,430025,425,567
80,4067.86862745,4121.225490196079,430399,430027,402,510
80,4079.6634615384614,4279.848557692308,430402,430030,415,416
80,4082.7837837837837,4224.2972972972975,430403,430031,416,296
80,4167.159935379645,4258.786752827141,430406,430034,413,619
80,4170.03317535545,4283.601895734597,430407,430035,414,633
80,4182.796460176991,4173.555752212389,430413,430041,417,565
80,4126.1768953068595,4176.202166064982,430414,430042,418,554
80,4097.333333333333,4240.483122362869,430416,430044,405,474
80,4097.228980322004,4191.8783542039355,430417,430045,427,559
80,4139.692468619247,4229.485355648536,430423,430051,408,478
80,4111.947747747748,4274.810810810811,430424,430052,422,555
80,4174.248847926267,4192.930875576037,430426,430054,423,434
80,4169.377777777778,4228.731313131313,430427,430055,424,495
81,4070.2028301886794,4095.2264150943397,430758,430386,419,636
81,4094.30279503,4059.6257763975154,430760,430388,420,644
81,4106.6393805309735,4090.8384955752213,430762,430390,426,452
81,4133.338289962825,4062.806691449814,430763,430391,410,538
81,4138.836705202312,4117.166184971098,430766,430394,412,692
81,4045.505154639175,4206.676975945017,430769,430397,425,582
81,4061.6943907156674,4118.831721470019,430771,430399,402,517
81,4080.1258278145697,4282.189845474613,430774,430402,415,453
81,4082.0298013245033,4222.523178807947,430775,430403,416,302
81,4169.727115716753,4258.58549222798,430778,430406,413,579
81,4170.038880248833,4285.138413685848,430779,430407,414,643
81,4182.623063683304,4173.850258175559,430785,430413,417,581
81,4126.694885361552,4174.763668430335,430786,430414,418,567
81,4097.517311608961,4240.95315682281,430788,430416,405,491
81,4097.546409807355,4190.175131348511,430789,430417,427,571
81,4139.580041580041,4227.403326403326,430795,430423,408,481
81,4112.980108499096,4275.1211573,430796,430424,422,553
81,4174.957207207207,4193.664414414415,430798,430426,423,444
81,4171.771855010661,4229.829424307036,430799,430427,424,469
82,4070.2805071315374,4096.797147385103,431130,430758,419,631
82,4093.2609375,4060.215625,431132,430760,420,640
82,4107.693304535637,4090.974082073434,431134,430762,426,463
82,4131.876865671642,4063.5783582089553,431135,430763,410,536
82,4138.781538461539,4116.9353846153845,431138,430766,412,650
82,4038.520458265139,4210.991816693944,431141,430769,425,611
82,4050.637867647059,4114.979779411765,431143,430771,402,544
82,4080.8268792710705,4283.7357630979495,431146,430774,415,439
82,4081.1638225255974,4222.904436860068,431147,430775,416,293
82,4170.9795918367345,4257.306122448979,431150,430778,413,588
82,4170.161538461539,4285.926153846154,431151,430779,414,650
82,4182.604377104377,4173.459595959596,431157,430785,417,594
82,4122.158181818182,4172.892727272727,431158,430786,418,550
82,4096.449484536082,4241.876288659794,431160,430788,405,485
82,4095.597197898424,4188.07530647986,431161,430789,427,571
82,4139.472647702407,4228.844638949672,431167,430795,408,457
82,4113.642599277979,4274.71119133574,431168,430796,422,554
82,4175.112582781457,4193.673289183223,431170,430798,423,453
82,4169.581854043393,4229.786982248521,431171,430799,424,507
83,4070.6127450980393,4095.3071895424837,431502,431130,419,612
83,4094.9397217928904,4060.003091190108,431504,431132,420,647
83,4109.413865546218,4111.6134453781515,431506,,428,476
83,4132.256880733945,4064.5981651376146,431507,431135,410,545
83,4138.491354466859,4112.577809798271,431510,431138,412,694
83,4032.8295819935693,4215.5916398713825,431513,431141,425,622
83,4050.621818181818,4113.892727272727,431515,431143,402,550
83,4082.995652173913,4283.6,431518,431146,415,460
83,4079.416938110749,4219.56026058632,431519,431147,416,307
83,4174.136439267887,4254.242928452579,431522,431150,413,601
83,4171.209448818898,4284.568503937008,431523,431151,414,635
83,4183.333904109589,4170,431529,431157,417,584
83,4124.112519809825,4169.152139461173,431530,431158,418,631
83,4094.7726358148893,4241.951710261569,431532,431160,405,497
83,4095.848229342327,4186.003372681282,431533,431161,427,593
83,4139.697228144989,4229.9936034115135,431539,431167,408,469
83,4114.253164556962,4274.227848101265,431540,431168,422,553
83,4177.7699316628705,4189.751708428246,431542,431170,423,439
83,4168.9375,4228.171875,431543,431171,424,512
84,4070.4802631578946,4095.8338815789475,431874,431502,419,608
84,4092.4774494556764,4061.105754276827,431876,431504,420,643
84,4096.1776315789475,4135.527960526316,431878,,429,608
84,4130.758241758242,4065.9871794871797,431879,431507,410,546
84,4139.640404040404,4117.024242424242,431882,431510,412,495
84,4028.189792663477,4219.253588516746,431885,431513,425,627
84,4052.4217081850534,4115.546263345196,431887,431515,402,562
84,4081.878587196468,4287.324503311258,431890,431518,415,453
84,4077.691029900332,4219.448504983388,431891,431519,416,301
84,4173.908474576271,4253.3677966101695,431894,431522,413,590
84,4169.681402439024,4285.275914634146,431895,431523,414,656
84,4177.527731092437,4169.494117647058,431901,431529,417,595
84,4122.283531409168,4170.259762308999,431902,431530,418,589
84,4092.0482897384304,4242.022132796781,431904,431532,405,497
84,4093.796875,4185.975694444444,431905,431533,427,576
84,4137.963362068966,4230.262931034483,431911,431539,408,464
84,4113.410934744268,4275.084656084656,431912,431540,422,567
84,4177.2358079,4190.56768558952,431914,431542,423,458
84,4166.2713755,4229.018587360595,431915,431543,424,538
85,4072.4442595673877,4095.8535773710482,432246,431874,419,601
85,4093.8107692307694,4059.964615384615,432248,431876,420,650
85,4085.4926470588234,4155.1,432250,,430,680
85,4129.906810035843,4068.921146953405,432251,431879,410,558
85,4025.8051118210865,4222.052715654952,432257,431885,425,626
85,4058.9297012302286,4118.613356766256,432259,431887,402,569
85,4081.90987124,4286.515021459228,432262,431890,415,466
85,4076.918367346939,4219.585034013606,432263,431891,416,294
85,4175.104918032787,4252.140983606558,432266,431894,413,610
85,4169.748068006183,4285.635239567233,432267,431895,414,647
85,4175.63468013468,4168.621212121212,432273,431901,417,594
85,4119.604878048781,4166.89593495935,432274,431902,418,615
85,4091.972,4241.99,432276,431904,405,500
85,4090.1543739279587,4185.799313893654,432277,431905,427,583
85,4136.606,4230.79,432283,431911,408,500
85,4112.694945848375,4273.911552346571,432284,431912,422,554
85,4179.720408163265,4191.069387755102,432286,431914,423,490
85,4166.792660550459,4229.5504587155965,432287,431915,424,545
85,4149.468926553673,4115.813559322034,432289,431882,412,177
85,4115.473988439307,4119.208092485549,432290,,431,173
86,4072.9839743589746,4096.282051282052,432618,432246,419,624
86,4094.5613496932515,4060.4923312883434,432620,432248,420,652
86,4092.0268096514747,4162.563002680965,432622,432250,430,746
86,4131.0213903743315,4068.4188948306596,432623,432251,410,561
86,4025.1632,4223.4608,432629,432257,425,625
86,4056.723076923077,4118.131623931624,432631,432259,402,585
86,4083.680525164114,4287.030634573304,432634,432262,415,457
86,4078.31325301,4218.993975903614,432635,432263,416,332
86,4174.461290322581,4253.172580645161,432638,432266,413,620
86,4170.20030816641,4285.4391371340525,432639,432267,414,649
86,4175.54,4168.84,432645,432273,417,600
86,4118.240983606557,4165.639344262295,432646,432274,418,610
86,4092.551515151515,4243.0888888888885,432648,432276,405,495
86,4090.492673992674,4188.122710622711,432649,432277,427,546
86,4137.546184738956,4231.630522088353,432655,432283,408,498
86,4113.453405017921,4274.412186379928,432656,432284,422,558
86,4182.212981744422,4190.989858012171,432658,432286,423,493
86,4167.711538461538,4228.910839160839,432659,432287,424,572
86,4147.2929688,4116.0078125,432661,432289,412,256
86,4114.142361111111,4106.243055555556,432662,432290,431,288
87,4073.0565428109853,4096.361873990307,433007,432618,419,619
87,4093.983231707317,4061.3506097560976,433009,432620,420,656
87,4101.474554707379,4161.4503816793895,433011,432622,430,786
87,4131.472370766488,4068.0499108734402,433012,432623,410,561
87,4023.4789391575664,4224.614664586584,433018,432629,425,641
87,4053.4558058925477,4114.4852686308495,433020,432631,402,577
87,4084.3096234309623,4286.962343096235,433023,432634,415,478
87,4076.598006644518,4220.6943521594685,433024,432635,416,301
87,4174.7895595,4253.195758564437,433027,432638,413,613
87,4169.906584992343,4285.464012251148,433028,432639,414,653
87,4175.393989983306,4168.375626043406,433034,432645,417,599
87,4121.291208791209,4165.774725274725,433035,432646,418,364
87,4092.542406311637,4243.51282051282,433037,432648,405,507
87,4090.7274401473296,4187.403314917127,433038,432649,427,543
87,4136.6626506024095,4231.8594378,433044,432655,408,498
87,4114.053448275862,4274.43275862069,433045,432656,422,580
87,4183.41928721174,4190.612159329141,433047,432658,423,477
87,4166.220665499124,4228.989492119089,433048,432659,424,571
87,4146.267361111111,4114.361111111111,433050,432661,412,288
87,4113.248520710059,4109.032544378698,433051,432662,431,338
88,4068.0996677740864,4095.822259136213,433396,433007,419,602
88,4093.440909090909,4061.025757575758,433398,433009,420,660
88,4102.981581798484,4165.822318526544,433400,433011,430,923
88,4131.487544483985,4068.693950177936,433401,433012,410,562
88,4021.937984496124,4226.460465116279,433407,433018,425,645
88,4046.7428087986464,4111.959390862944,433409,433020,402,591
88,4082.643298969072,4286.719587628866,433412,433023,415,485
88,4076.09009009009,4218.399399399399,433413,433024,416,333
88,4176.048818897638,4251.503937007874,433416,433027,413,635
88,4169.264150943396,4285.7484277,433417,433028,414,636
88,4174.006557377049,4168.173770491803,433423,433034,417,610
88,4119.644654088051,4165.462264150943,433424,433035,418,318
88,4091.261044176707,4245.869477911647,433426,433037,405,498
88,4087.6766055045873,4187.105504587156,433427,433038,427,436
88,4136.017094017094,4231.6175213675215,433433,433044,408,468
88,4112.978761061947,4272.805309734514,433434,433045,422,565
88,4182.274841437632,4192.765327695561,433436,433047,423,473
88,4165.625423728814,4229.501694915254,433437,433048,424,590
88,4146.846376811594,4117.255072463769,433439,433050,412,345
88,4109.558536585366,4107.485365853659,433440,433051,431,410
89,4068.6035398230088,4096.98584071,433785,433396,419,565
89,4094.1833590138676,4060.929121725732,433787,433398,420,649
89,4106.843187660668,4162.235218508998,433789,433400,432,778
89,4133.579310344828,4066.094827586207,433790,433401,410,580
89,4019.7963525835867,4228.855623100304,433796,433407,425,658
89,4041.301854974705,4108.971332209107,433798,433409,402,593
89,4084.1991341991343,4286.6255411255415,433801,433412,415,462
89,4077.551401869159,4220.890965732087,433802,433413,416,321
89,4178.4711388455535,4249.5741029641185,433805,433416,413,641
89,4169.804651162791,4284.694573643411,433806,433417,414,645
89,4175.320450885668,4167.929146537842,433812,433423,417,621
89,4111.4857142857145,4147.766666666666,433813,433400,433,210
89,4091.996031746032,4246.436507936508,433815,433426,405,504
89,4089.47792706334,4184.562380038387,433816,433427,427,521
89,4136.963906581741,4227.995753715499,433822,433433,408,471
89,4115.574239713775,4272.2397137745975,433823,433434,422,559
89,4184.1593291404615,4191.937106918239,433825,433436,423,477
89,4164.440397350993,4229.948675496688,433826,433437,424,604
89,4148.190243902439,4117.975609756098,433828,433439,412,410
89,4108.395734597157,4109.071090047393,433829,433440,431,422
90,4067.5406301824214,4098.560530679933,434174,433785,419,603
90,4095.46072508,4062.0181268882175,434176,433787,420,662
90,4088.976613657624,4144.76987839102,434178,,434,1069
90,4135.678507992895,4061.5861456483126,434179,433790,410,563
90,4015.625187406297,4231.971514242879,434185,433796,425,667
90,4034.7775974,4104.587662337663,434187,433798,402,616
90,4084.80462185,4288.691176470588,434190,433801,415,476
90,4075.0523255813955,4217.383720930233,434191,433802,416,344
90,4179.142424242425,4248.622727272727,434194,433805,413,660
90,4169.148377125193,4285.381761978361,434195,433806,414,647
90,4178.259615384615,4168.709935897436,434201,433812,417,624
90,4111.541266794626,4158.395393474088,434202,433789,432,521
90,4091.0297619,4247.710317460317,434204,433815,405,504
90,4087.55041322,4184.3702479338845,434205,433816,427,605
90,4135.789795918367,4229.7673469387755,434211,433822,408,490
90,4114.702166064982,4273.4711191,434212,433823,422,554
90,4182.814196242171,4192.830897703549,434214,433825,423,479
90,4162.464401294498,4231.265372168285,434215,433826,424,618
90,4150.554565701559,4122.15144766147,434217,433828,412,449
90,4110.293388429752,4111.847107438017,434218,433829,431,484
91,4066.9095477386936,4097.614740368509,434563,434174,419,597
91,4096.899543378995,4060.03500761035,434565,434176,420,657
91,4094.186936936937,4156.115990990991,434567,434178,434,888
91,4136.273368606702,4059.8818342151676,434568,434179,410,567
91,4014.560902255639,4234.025563909774,434575,434185,425,665
91,4031.717741935484,4101.832258064516,434576,434187,402,620
91,4088.619469026549,4290.8539823,434579,434190,415,452
91,4075.128205128205,4218.842948717949,434580,434191,416,312
91,4180.12037037037,4246.567901234568,434583,434194,413,648
91,4169.213607594937,4285.859177215189,434584,434195,414,632
91,4179.671009771987,4169.105863192182,434590,434201,417,614
91,4113.792828685259,4157.091633466135,434591,434202,432,251
91,4090.812133072407,4248.2054794520545,434593,434204,405,511
91,4084.0192644483363,4183.45534150613,434594,434205,427,571
91,4134.504132231405,4227.2995867768595,434600,434211,408,484
91,4115.6987295825775,4271.974591651543,434601,434212,422,551
91,4183.178571428572,4193.204365079365,434603,434214,423,504
91,4163.1033333333335,4231.11,434604,434215,424,600
91,4151.157667386609,4120.673866090713,434606,434217,412,463
91,4110.410309278351,4113.839175257732,434607,434218,431,485
